home_team,away_team,home_goals,away_goals,date,year,stage,decided_by,home_penalty,away_penalty,stage_order,result,total_goals,goal_diff,btts,attendance
Chelsea FC,Bayer Leverkusen,2,0,2011-09-13,2011,group_stage,Normal Time,,,3,H,2,2,0,
KRC Genk,Valencia CF,0,0,2011-09-13,2011,group_stage,Normal Time,,,3,D,0,0,0,
Borussia Dortmund,Arsenal FC,1,1,2011-09-13,2011,group_stage,Normal Time,,,3,D,2,0,1,
Olympiacos,Olympique Marseille,0,1,2011-09-13,2011,group_stage,Normal Time,,,3,A,1,-1,0,
APOEL Nikosia,Zenit St. Petersburg,2,1,2011-09-13,2011,group_stage,Normal Time,,,3,H,3,1,1,
FC Porto,Shakhtar Donetsk,2,1,2011-09-13,2011,group_stage,Normal Time,,,3,H,3,1,1,
FC Barcelona,AC Milan,2,2,2011-09-13,2011,group_stage,Normal Time,,,3,D,4,0,1,
Viktoria Plzeň,BATE Borisov,1,1,2011-09-13,2011,group_stage,Normal Time,,,3,D,2,0,1,
Manchester City,SSC Napoli,1,1,2011-09-14,2011,group_stage,Normal Time,,,3,D,2,0,1,
Villarreal CF,Bayern Munich,0,2,2011-09-14,2011,group_stage,Normal Time,,,3,A,2,-2,0,
Lille OSC,CSKA Moskva,2,2,2011-09-14,2011,group_stage,Normal Time,,,3,D,4,0,1,
Inter Milan,Trabzonspor,0,1,2011-09-14,2011,group_stage,Normal Time,,,3,A,1,-1,0,
FC Basel 1893,Oţelul Galaţi,2,1,2011-09-14,2011,group_stage,Normal Time,,,3,H,3,1,1,
Benfica,Manchester United,1,1,2011-09-14,2011,group_stage,Normal Time,,,3,D,2,0,1,
AFC Ajax,Olympique Lyonnais,0,0,2011-09-14,2011,group_stage,Normal Time,,,3,D,0,0,0,
Dinamo Zagreb,Real Madrid,0,1,2011-09-14,2011,group_stage,Normal Time,,,3,A,1,-1,0,
CSKA Moskva,Inter Milan,2,3,2011-09-27,2011,group_stage,Normal Time,,,3,A,5,-1,1,
Bayern Munich,Manchester City,2,0,2011-09-27,2011,group_stage,Normal Time,,,3,H,2,2,0,
SSC Napoli,Villarreal CF,2,0,2011-09-27,2011,group_stage,Normal Time,,,3,H,2,2,0,
Trabzonspor,Lille OSC,1,1,2011-09-27,2011,group_stage,Normal Time,,,3,D,2,0,1,
Manchester United,FC Basel 1893,3,3,2011-09-27,2011,group_stage,Normal Time,,,3,D,6,0,1,
Oţelul Galaţi,Benfica,0,1,2011-09-27,2011,group_stage,Normal Time,,,3,A,1,-1,0,
Olympique Lyonnais,Dinamo Zagreb,2,0,2011-09-27,2011,group_stage,Normal Time,,,3,H,2,2,0,
Real Madrid,AFC Ajax,3,0,2011-09-27,2011,group_stage,Normal Time,,,3,H,3,3,0,
Zenit St. Petersburg,FC Porto,3,1,2011-09-28,2011,group_stage,Normal Time,,,3,H,4,2,1,
Bayer Leverkusen,KRC Genk,2,0,2011-09-28,2011,group_stage,Normal Time,,,3,H,2,2,0,
Valencia CF,Chelsea FC,1,1,2011-09-28,2011,group_stage,Normal Time,,,3,D,2,0,1,
Arsenal FC,Olympiacos,2,1,2011-09-28,2011,group_stage,Normal Time,,,3,H,3,1,1,
Olympique Marseille,Borussia Dortmund,3,0,2011-09-28,2011,group_stage,Normal Time,,,3,H,3,3,0,
Shakhtar Donetsk,APOEL Nikosia,1,1,2011-09-28,2011,group_stage,Normal Time,,,3,D,2,0,1,
AC Milan,Viktoria Plzeň,2,0,2011-09-28,2011,group_stage,Normal Time,,,3,H,2,2,0,
BATE Borisov,FC Barcelona,0,5,2011-09-28,2011,group_stage,Normal Time,,,3,A,5,-5,0,
CSKA Moskva,Trabzonspor,3,0,2011-10-18,2011,group_stage,Normal Time,,,3,H,3,3,0,
Manchester City,Villarreal CF,2,1,2011-10-18,2011,group_stage,Normal Time,,,3,H,3,1,1,
SSC Napoli,Bayern Munich,1,1,2011-10-18,2011,group_stage,Normal Time,,,3,D,2,0,1,
Lille OSC,Inter Milan,0,1,2011-10-18,2011,group_stage,Normal Time,,,3,A,1,-1,0,
FC Basel 1893,Benfica,0,2,2011-10-18,2011,group_stage,Normal Time,,,3,A,2,-2,0,
Oţelul Galaţi,Manchester United,0,2,2011-10-18,2011,group_stage,Normal Time,,,3,A,2,-2,0,
Dinamo Zagreb,AFC Ajax,0,2,2011-10-18,2011,group_stage,Normal Time,,,3,A,2,-2,0,
Real Madrid,Olympique Lyonnais,4,0,2011-10-18,2011,group_stage,Normal Time,,,3,H,4,4,0,
Bayer Leverkusen,Valencia CF,2,1,2011-10-19,2011,group_stage,Normal Time,,,3,H,3,1,1,
Chelsea FC,KRC Genk,5,0,2011-10-19,2011,group_stage,Normal Time,,,3,H,5,5,0,
Olympiacos,Borussia Dortmund,3,1,2011-10-19,2011,group_stage,Normal Time,,,3,H,4,2,1,
Olympique Marseille,Arsenal FC,0,1,2011-10-19,2011,group_stage,Normal Time,,,3,A,1,-1,0,
FC Porto,APOEL Nikosia,1,1,2011-10-19,2011,group_stage,Normal Time,,,3,D,2,0,1,
Shakhtar Donetsk,Zenit St. Petersburg,2,2,2011-10-19,2011,group_stage,Normal Time,,,3,D,4,0,1,
AC Milan,BATE Borisov,2,0,2011-10-19,2011,group_stage,Normal Time,,,3,H,2,2,0,
FC Barcelona,Viktoria Plzeň,2,0,2011-10-19,2011,group_stage,Normal Time,,,3,H,2,2,0,
Zenit St. Petersburg,Shakhtar Donetsk,1,0,2011-11-01,2011,group_stage,Normal Time,,,3,H,1,1,0,
BATE Borisov,AC Milan,1,1,2011-11-01,2011,group_stage,Normal Time,,,3,D,2,0,1,
KRC Genk,Chelsea FC,1,1,2011-11-01,2011,group_stage,Normal Time,,,3,D,2,0,1,
Valencia CF,Bayer Leverkusen,3,1,2011-11-01,2011,group_stage,Normal Time,,,3,H,4,2,1,
Arsenal FC,Olympique Marseille,0,0,2011-11-01,2011,group_stage,Normal Time,,,3,D,0,0,0,
Borussia Dortmund,Olympiacos,1,0,2011-11-01,2011,group_stage,Normal Time,,,3,H,1,1,0,
APOEL Nikosia,FC Porto,2,1,2011-11-01,2011,group_stage,Normal Time,,,3,H,3,1,1,
Viktoria Plzeň,FC Barcelona,0,4,2011-11-01,2011,group_stage,Normal Time,,,3,A,4,-4,0,
Bayern Munich,SSC Napoli,3,2,2011-11-02,2011,group_stage,Normal Time,,,3,H,5,1,1,
Villarreal CF,Manchester City,0,3,2011-11-02,2011,group_stage,Normal Time,,,3,A,3,-3,0,
Trabzonspor,CSKA Moskva,0,0,2011-11-02,2011,group_stage,Normal Time,,,3,D,0,0,0,
Inter Milan,Lille OSC,2,1,2011-11-02,2011,group_stage,Normal Time,,,3,H,3,1,1,
Manchester United,Oţelul Galaţi,2,0,2011-11-02,2011,group_stage,Normal Time,,,3,H,2,2,0,
Benfica,FC Basel 1893,1,1,2011-11-02,2011,group_stage,Normal Time,,,3,D,2,0,1,
AFC Ajax,Dinamo Zagreb,4,0,2011-11-02,2011,group_stage,Normal Time,,,3,H,4,4,0,
Olympique Lyonnais,Real Madrid,0,2,2011-11-02,2011,group_stage,Normal Time,,,3,A,2,-2,0,
CSKA Moskva,Lille OSC,0,2,2011-11-22,2011,group_stage,Normal Time,,,3,A,2,-2,0,
Bayern Munich,Villarreal CF,3,1,2011-11-22,2011,group_stage,Normal Time,,,3,H,4,2,1,
SSC Napoli,Manchester City,2,1,2011-11-22,2011,group_stage,Normal Time,,,3,H,3,1,1,
Trabzonspor,Inter Milan,1,1,2011-11-22,2011,group_stage,Normal Time,,,3,D,2,0,1,
Manchester United,Benfica,2,2,2011-11-22,2011,group_stage,Normal Time,,,3,D,4,0,1,
Oţelul Galaţi,FC Basel 1893,2,3,2011-11-22,2011,group_stage,Normal Time,,,3,A,5,-1,1,
Olympique Lyonnais,AFC Ajax,0,0,2011-11-22,2011,group_stage,Normal Time,,,3,D,0,0,0,
Real Madrid,Dinamo Zagreb,6,2,2011-11-22,2011,group_stage,Normal Time,,,3,H,8,4,1,
Zenit St. Petersburg,APOEL Nikosia,0,0,2011-11-23,2011,group_stage,Normal Time,,,3,D,0,0,0,
BATE Borisov,Viktoria Plzeň,0,1,2011-11-23,2011,group_stage,Normal Time,,,3,A,1,-1,0,
Bayer Leverkusen,Chelsea FC,2,1,2011-11-23,2011,group_stage,Normal Time,,,3,H,3,1,1,
Valencia CF,KRC Genk,7,0,2011-11-23,2011,group_stage,Normal Time,,,3,H,7,7,0,
Arsenal FC,Borussia Dortmund,2,1,2011-11-23,2011,group_stage,Normal Time,,,3,H,3,1,1,
Olympique Marseille,Olympiacos,0,1,2011-11-23,2011,group_stage,Normal Time,,,3,A,1,-1,0,
Shakhtar Donetsk,FC Porto,0,2,2011-11-23,2011,group_stage,Normal Time,,,3,A,2,-2,0,
AC Milan,FC Barcelona,2,3,2011-11-23,2011,group_stage,Normal Time,,,3,A,5,-1,1,
Chelsea FC,Valencia CF,3,0,2011-12-06,2011,group_stage,Normal Time,,,3,H,3,3,0,
KRC Genk,Bayer Leverkusen,1,1,2011-12-06,2011,group_stage,Normal Time,,,3,D,2,0,1,
Borussia Dortmund,Olympique Marseille,2,3,2011-12-06,2011,group_stage,Normal Time,,,3,A,5,-1,1,
Olympiacos,Arsenal FC,3,1,2011-12-06,2011,group_stage,Normal Time,,,3,H,4,2,1,
APOEL Nikosia,Shakhtar Donetsk,0,2,2011-12-06,2011,group_stage,Normal Time,,,3,A,2,-2,0,
FC Porto,Zenit St. Petersburg,0,0,2011-12-06,2011,group_stage,Normal Time,,,3,D,0,0,0,
FC Barcelona,BATE Borisov,4,0,2011-12-06,2011,group_stage,Normal Time,,,3,H,4,4,0,
Viktoria Plzeň,AC Milan,2,2,2011-12-06,2011,group_stage,Normal Time,,,3,D,4,0,1,
Manchester City,Bayern Munich,2,0,2011-12-07,2011,group_stage,Normal Time,,,3,H,2,2,0,
Villarreal CF,SSC Napoli,0,2,2011-12-07,2011,group_stage,Normal Time,,,3,A,2,-2,0,
Inter Milan,CSKA Moskva,1,2,2011-12-07,2011,group_stage,Normal Time,,,3,A,3,-1,1,
Lille OSC,Trabzonspor,0,0,2011-12-07,2011,group_stage,Normal Time,,,3,D,0,0,0,
FC Basel 1893,Manchester United,2,1,2011-12-07,2011,group_stage,Normal Time,,,3,H,3,1,1,
Benfica,Oţelul Galaţi,1,0,2011-12-07,2011,group_stage,Normal Time,,,3,H,1,1,0,
AFC Ajax,Real Madrid,0,3,2011-12-07,2011,group_stage,Normal Time,,,3,A,3,-3,0,
Dinamo Zagreb,Olympique Lyonnais,1,7,2011-12-07,2011,group_stage,Normal Time,,,3,A,8,-6,1,
Olympique Lyonnais,APOEL Nikosia,1,0,2012-02-14,2012,round_of_16,Normal Time,,,5,H,1,1,0,
Bayer Leverkusen,FC Barcelona,1,3,2012-02-14,2012,round_of_16,Normal Time,,,5,A,4,-2,1,
Zenit St. Petersburg,Benfica,3,2,2012-02-15,2012,round_of_16,Normal Time,,,5,H,5,1,1,
AC Milan,Arsenal FC,4,0,2012-02-15,2012,round_of_16,Normal Time,,,5,H,4,4,0,
CSKA Moskva,Real Madrid,1,1,2012-02-21,2012,round_of_16,Normal Time,,,5,D,2,0,1,
SSC Napoli,Chelsea FC,3,1,2012-02-21,2012,round_of_16,Normal Time,,,5,H,4,2,1,
FC Basel 1893,Bayern Munich,1,0,2012-02-22,2012,round_of_16,Normal Time,,,5,H,1,1,0,
Olympique Marseille,Inter Milan,1,0,2012-02-22,2012,round_of_16,Normal Time,,,5,H,1,1,0,
Arsenal FC,AC Milan,3,0,2012-03-06,2012,round_of_16,Normal Time,,,5,H,3,3,0,
Benfica,Zenit St. Petersburg,2,0,2012-03-06,2012,round_of_16,Normal Time,,,5,H,2,2,0,
APOEL Nikosia,Olympique Lyonnais,1,0,2012-03-07,2012,round_of_16,Penalties,4,3,5,H,1,1,0,
FC Barcelona,Bayer Leverkusen,7,1,2012-03-07,2012,round_of_16,Normal Time,,,5,H,8,6,1,
Bayern Munich,FC Basel 1893,7,0,2012-03-13,2012,round_of_16,Normal Time,,,5,H,7,7,0,
Inter Milan,Olympique Marseille,2,1,2012-03-13,2012,round_of_16,Normal Time,,,5,H,3,1,1,
Chelsea FC,SSC Napoli,3,1,2012-03-14,2012,round_of_16,Extra Time,,,5,H,4,2,1,
Real Madrid,CSKA Moskva,4,1,2012-03-14,2012,round_of_16,Normal Time,,,5,H,5,3,1,
APOEL Nikosia,Real Madrid,0,3,2012-03-27,2012,quarterfinal,Normal Time,,,6,A,3,-3,0,
Benfica,Chelsea FC,0,1,2012-03-27,2012,quarterfinal,Normal Time,,,6,A,1,-1,0,
Olympique Marseille,Bayern Munich,0,2,2012-03-28,2012,quarterfinal,Normal Time,,,6,A,2,-2,0,
AC Milan,FC Barcelona,0,0,2012-03-28,2012,quarterfinal,Normal Time,,,6,D,0,0,0,
Bayern Munich,Olympique Marseille,2,0,2012-04-03,2012,quarterfinal,Normal Time,,,6,H,2,2,0,
FC Barcelona,AC Milan,3,1,2012-04-03,2012,quarterfinal,Normal Time,,,6,H,4,2,1,
Real Madrid,APOEL Nikosia,5,2,2012-04-04,2012,quarterfinal,Normal Time,,,6,H,7,3,1,
Chelsea FC,Benfica,2,1,2012-04-04,2012,quarterfinal,Normal Time,,,6,H,3,1,1,
Bayern Munich,Real Madrid,2,1,2012-04-17,2012,semifinal,Normal Time,,,7,H,3,1,1,
Chelsea FC,FC Barcelona,1,0,2012-04-18,2012,semifinal,Normal Time,,,7,H,1,1,0,
FC Barcelona,Chelsea FC,2,2,2012-04-24,2012,semifinal,Normal Time,,,7,D,4,0,1,
Real Madrid,Bayern Munich,2,1,2012-04-25,2012,semifinal,Penalties,1,3,7,H,3,1,1,
Bayern Munich,Chelsea FC,1,1,2012-05-19,2012,final,Penalties,3,4,8,D,2,0,1,
Paris Saint-Germain,Dinamo Kiev,4,1,2012-09-18,2012,group_stage,Normal Time,,,3,H,5,3,1,
Dinamo Zagreb,FC Porto,0,2,2012-09-18,2012,group_stage,Normal Time,,,3,A,2,-2,0,
Olympiacos,FC Schalke 04,1,2,2012-09-18,2012,group_stage,Normal Time,,,3,A,3,-1,1,
Montpellier HSC,Arsenal FC,1,2,2012-09-18,2012,group_stage,Normal Time,,,3,A,3,-1,1,
AC Milan,RSC Anderlecht,0,0,2012-09-18,2012,group_stage,Normal Time,,,3,D,0,0,0,
Málaga CF,Zenit St. Petersburg,3,0,2012-09-18,2012,group_stage,Normal Time,,,3,H,3,3,0,
Real Madrid,Manchester City,3,2,2012-09-18,2012,group_stage,Normal Time,,,3,H,5,1,1,
Borussia Dortmund,AFC Ajax,1,0,2012-09-18,2012,group_stage,Normal Time,,,3,H,1,1,0,
Chelsea FC,Juventus,2,2,2012-09-19,2012,group_stage,Normal Time,,,3,D,4,0,1,
Shakhtar Donetsk,FC Nordsjælland,2,0,2012-09-19,2012,group_stage,Normal Time,,,3,H,2,2,0,
Bayern Munich,Valencia CF,2,1,2012-09-19,2012,group_stage,Normal Time,,,3,H,3,1,1,
Lille OSC,BATE Borisov,1,3,2012-09-19,2012,group_stage,Normal Time,,,3,A,4,-2,1,
FC Barcelona,Spartak Moskva,3,2,2012-09-19,2012,group_stage,Normal Time,,,3,H,5,1,1,
Celtic FC,Benfica,0,0,2012-09-19,2012,group_stage,Normal Time,,,3,D,0,0,0,
Manchester United,Galatasaray,1,0,2012-09-19,2012,group_stage,Normal Time,,,3,H,1,1,0,
Braga,CFR Cluj,0,2,2012-09-19,2012,group_stage,Normal Time,,,3,A,2,-2,0,
Spartak Moskva,Celtic FC,2,3,2012-10-02,2012,group_stage,Normal Time,,,3,A,5,-1,1,
Juventus,Shakhtar Donetsk,1,1,2012-10-02,2012,group_stage,Normal Time,,,3,D,2,0,1,
FC Nordsjælland,Chelsea FC,0,4,2012-10-02,2012,group_stage,Normal Time,,,3,A,4,-4,0,
Valencia CF,Lille OSC,2,0,2012-10-02,2012,group_stage,Normal Time,,,3,H,2,2,0,
BATE Borisov,Bayern Munich,3,1,2012-10-02,2012,group_stage,Normal Time,,,3,H,4,2,1,
Benfica,FC Barcelona,0,2,2012-10-02,2012,group_stage,Normal Time,,,3,A,2,-2,0,
Galatasaray,Braga,0,2,2012-10-02,2012,group_stage,Normal Time,,,3,A,2,-2,0,
CFR Cluj,Manchester United,1,2,2012-10-02,2012,group_stage,Normal Time,,,3,A,3,-1,1,
Zenit St. Petersburg,AC Milan,2,3,2012-10-03,2012,group_stage,Normal Time,,,3,A,5,-1,1,
FC Porto,Paris Saint-Germain,1,0,2012-10-03,2012,group_stage,Normal Time,,,3,H,1,1,0,
Dinamo Kiev,Dinamo Zagreb,2,0,2012-10-03,2012,group_stage,Normal Time,,,3,H,2,2,0,
Arsenal FC,Olympiacos,3,1,2012-10-03,2012,group_stage,Normal Time,,,3,H,4,2,1,
FC Schalke 04,Montpellier HSC,2,2,2012-10-03,2012,group_stage,Normal Time,,,3,D,4,0,1,
RSC Anderlecht,Málaga CF,0,3,2012-10-03,2012,group_stage,Normal Time,,,3,A,3,-3,0,
AFC Ajax,Real Madrid,1,4,2012-10-03,2012,group_stage,Normal Time,,,3,A,5,-3,1,
Manchester City,Borussia Dortmund,1,1,2012-10-03,2012,group_stage,Normal Time,,,3,D,2,0,1,
Spartak Moskva,Benfica,2,1,2012-10-23,2012,group_stage,Normal Time,,,3,H,3,1,1,
Shakhtar Donetsk,Chelsea FC,2,1,2012-10-23,2012,group_stage,Normal Time,,,3,H,3,1,1,
FC Nordsjælland,Juventus,1,1,2012-10-23,2012,group_stage,Normal Time,,,3,D,2,0,1,
Lille OSC,Bayern Munich,0,1,2012-10-23,2012,group_stage,Normal Time,,,3,A,1,-1,0,
BATE Borisov,Valencia CF,0,3,2012-10-23,2012,group_stage,Normal Time,,,3,A,3,-3,0,
FC Barcelona,Celtic FC,2,1,2012-10-23,2012,group_stage,Normal Time,,,3,H,3,1,1,
Manchester United,Braga,3,2,2012-10-23,2012,group_stage,Normal Time,,,3,H,5,1,1,
Galatasaray,CFR Cluj,1,1,2012-10-23,2012,group_stage,Normal Time,,,3,D,2,0,1,
Zenit St. Petersburg,RSC Anderlecht,1,0,2012-10-24,2012,group_stage,Normal Time,,,3,H,1,1,0,
FC Porto,Dinamo Kiev,3,2,2012-10-24,2012,group_stage,Normal Time,,,3,H,5,1,1,
Dinamo Zagreb,Paris Saint-Germain,0,2,2012-10-24,2012,group_stage,Normal Time,,,3,A,2,-2,0,
Arsenal FC,FC Schalke 04,0,2,2012-10-24,2012,group_stage,Normal Time,,,3,A,2,-2,0,
Montpellier HSC,Olympiacos,1,2,2012-10-24,2012,group_stage,Normal Time,,,3,A,3,-1,1,
Málaga CF,AC Milan,1,0,2012-10-24,2012,group_stage,Normal Time,,,3,H,1,1,0,
AFC Ajax,Manchester City,3,1,2012-10-24,2012,group_stage,Normal Time,,,3,H,4,2,1,
Borussia Dortmund,Real Madrid,2,1,2012-10-24,2012,group_stage,Normal Time,,,3,H,3,1,1,
Dinamo Kiev,FC Porto,0,0,2012-11-06,2012,group_stage,Normal Time,,,3,D,0,0,0,
Paris Saint-Germain,Dinamo Zagreb,4,0,2012-11-06,2012,group_stage,Normal Time,,,3,H,4,4,0,
FC Schalke 04,Arsenal FC,2,2,2012-11-06,2012,group_stage,Normal Time,,,3,D,4,0,1,
Olympiacos,Montpellier HSC,3,1,2012-11-06,2012,group_stage,Normal Time,,,3,H,4,2,1,
RSC Anderlecht,Zenit St. Petersburg,1,0,2012-11-06,2012,group_stage,Normal Time,,,3,H,1,1,0,
AC Milan,Málaga CF,1,1,2012-11-06,2012,group_stage,Normal Time,,,3,D,2,0,1,
Manchester City,AFC Ajax,2,2,2012-11-06,2012,group_stage,Normal Time,,,3,D,4,0,1,
Real Madrid,Borussia Dortmund,2,2,2012-11-06,2012,group_stage,Normal Time,,,3,D,4,0,1,
Chelsea FC,Shakhtar Donetsk,3,2,2012-11-07,2012,group_stage,Normal Time,,,3,H,5,1,1,
Juventus,FC Nordsjælland,4,0,2012-11-07,2012,group_stage,Normal Time,,,3,H,4,4,0,
Bayern Munich,Lille OSC,6,1,2012-11-07,2012,group_stage,Normal Time,,,3,H,7,5,1,
Valencia CF,BATE Borisov,4,2,2012-11-07,2012,group_stage,Normal Time,,,3,H,6,2,1,
Benfica,Spartak Moskva,2,0,2012-11-07,2012,group_stage,Normal Time,,,3,H,2,2,0,
Celtic FC,FC Barcelona,2,1,2012-11-07,2012,group_stage,Normal Time,,,3,H,3,1,1,
Braga,Manchester United,1,3,2012-11-07,2012,group_stage,Normal Time,,,3,A,4,-2,1,
CFR Cluj,Galatasaray,1,3,2012-11-07,2012,group_stage,Normal Time,,,3,A,4,-2,1,
BATE Borisov,Lille OSC,0,2,2012-11-20,2012,group_stage,Normal Time,,,3,A,2,-2,0,
Spartak Moskva,FC Barcelona,0,3,2012-11-20,2012,group_stage,Normal Time,,,3,A,3,-3,0,
Juventus,Chelsea FC,3,0,2012-11-20,2012,group_stage,Normal Time,,,3,H,3,3,0,
FC Nordsjælland,Shakhtar Donetsk,2,5,2012-11-20,2012,group_stage,Normal Time,,,3,A,7,-3,1,
Valencia CF,Bayern Munich,1,1,2012-11-20,2012,group_stage,Normal Time,,,3,D,2,0,1,
Benfica,Celtic FC,2,1,2012-11-20,2012,group_stage,Normal Time,,,3,H,3,1,1,
Galatasaray,Manchester United,1,0,2012-11-20,2012,group_stage,Normal Time,,,3,H,1,1,0,
CFR Cluj,Braga,3,1,2012-11-20,2012,group_stage,Normal Time,,,3,H,4,2,1,
Zenit St. Petersburg,Málaga CF,2,2,2012-11-21,2012,group_stage,Normal Time,,,3,D,4,0,1,
Dinamo Kiev,Paris Saint-Germain,0,2,2012-11-21,2012,group_stage,Normal Time,,,3,A,2,-2,0,
FC Porto,Dinamo Zagreb,3,0,2012-11-21,2012,group_stage,Normal Time,,,3,H,3,3,0,
FC Schalke 04,Olympiacos,1,0,2012-11-21,2012,group_stage,Normal Time,,,3,H,1,1,0,
Arsenal FC,Montpellier HSC,2,0,2012-11-21,2012,group_stage,Normal Time,,,3,H,2,2,0,
RSC Anderlecht,AC Milan,1,3,2012-11-21,2012,group_stage,Normal Time,,,3,A,4,-2,1,
Manchester City,Real Madrid,1,1,2012-11-21,2012,group_stage,Normal Time,,,3,D,2,0,1,
AFC Ajax,Borussia Dortmund,1,4,2012-11-21,2012,group_stage,Normal Time,,,3,A,5,-3,1,
Paris Saint-Germain,FC Porto,2,1,2012-12-04,2012,group_stage,Normal Time,,,3,H,3,1,1,
Dinamo Zagreb,Dinamo Kiev,1,1,2012-12-04,2012,group_stage,Normal Time,,,3,D,2,0,1,
Olympiacos,Arsenal FC,2,1,2012-12-04,2012,group_stage,Normal Time,,,3,H,3,1,1,
Montpellier HSC,FC Schalke 04,1,1,2012-12-04,2012,group_stage,Normal Time,,,3,D,2,0,1,
AC Milan,Zenit St. Petersburg,0,1,2012-12-04,2012,group_stage,Normal Time,,,3,A,1,-1,0,
Málaga CF,RSC Anderlecht,2,2,2012-12-04,2012,group_stage,Normal Time,,,3,D,4,0,1,
Real Madrid,AFC Ajax,4,1,2012-12-04,2012,group_stage,Normal Time,,,3,H,5,3,1,
Borussia Dortmund,Manchester City,1,0,2012-12-04,2012,group_stage,Normal Time,,,3,H,1,1,0,
Shakhtar Donetsk,Juventus,0,1,2012-12-05,2012,group_stage,Normal Time,,,3,A,1,-1,0,
Chelsea FC,FC Nordsjælland,6,1,2012-12-05,2012,group_stage,Normal Time,,,3,H,7,5,1,
Lille OSC,Valencia CF,0,1,2012-12-05,2012,group_stage,Normal Time,,,3,A,1,-1,0,
Bayern Munich,BATE Borisov,4,1,2012-12-05,2012,group_stage,Normal Time,,,3,H,5,3,1,
FC Barcelona,Benfica,0,0,2012-12-05,2012,group_stage,Normal Time,,,3,D,0,0,0,
Celtic FC,Spartak Moskva,2,1,2012-12-05,2012,group_stage,Normal Time,,,3,H,3,1,1,
Braga,Galatasaray,1,2,2012-12-05,2012,group_stage,Normal Time,,,3,A,3,-1,1,
Manchester United,CFR Cluj,0,1,2012-12-05,2012,group_stage,Normal Time,,,3,A,1,-1,0,
Celtic FC,Juventus,0,3,2013-02-12,2013,round_of_16,Normal Time,,,5,A,3,-3,0,
Valencia CF,Paris Saint-Germain,1,2,2013-02-12,2013,round_of_16,Normal Time,,,5,A,3,-1,1,
Shakhtar Donetsk,Borussia Dortmund,2,2,2013-02-13,2013,round_of_16,Normal Time,,,5,D,4,0,1,
Real Madrid,Manchester United,1,1,2013-02-13,2013,round_of_16,Normal Time,,,5,D,2,0,1,
Arsenal FC,Bayern Munich,1,3,2013-02-19,2013,round_of_16,Normal Time,,,5,A,4,-2,1,
FC Porto,Málaga CF,1,0,2013-02-19,2013,round_of_16,Normal Time,,,5,H,1,1,0,
Galatasaray,FC Schalke 04,1,1,2013-02-20,2013,round_of_16,Normal Time,,,5,D,2,0,1,
AC Milan,FC Barcelona,2,0,2013-02-20,2013,round_of_16,Normal Time,,,5,H,2,2,0,
Borussia Dortmund,Shakhtar Donetsk,3,0,2013-03-05,2013,round_of_16,Normal Time,,,5,H,3,3,0,
Manchester United,Real Madrid,1,2,2013-03-05,2013,round_of_16,Normal Time,,,5,A,3,-1,1,
Juventus,Celtic FC,2,0,2013-03-06,2013,round_of_16,Normal Time,,,5,H,2,2,0,
Paris Saint-Germain,Valencia CF,1,1,2013-03-06,2013,round_of_16,Normal Time,,,5,D,2,0,1,
FC Schalke 04,Galatasaray,2,3,2013-03-12,2013,round_of_16,Normal Time,,,5,A,5,-1,1,
FC Barcelona,AC Milan,4,0,2013-03-12,2013,round_of_16,Normal Time,,,5,H,4,4,0,
Bayern Munich,Arsenal FC,0,2,2013-03-13,2013,round_of_16,Normal Time,,,5,A,2,-2,0,
Málaga CF,FC Porto,2,0,2013-03-13,2013,round_of_16,Normal Time,,,5,H,2,2,0,
Paris Saint-Germain,FC Barcelona,2,2,2013-04-02,2013,quarterfinal,Normal Time,,,6,D,4,0,1,
Bayern Munich,Juventus,2,0,2013-04-02,2013,quarterfinal,Normal Time,,,6,H,2,2,0,
Málaga CF,Borussia Dortmund,0,0,2013-04-03,2013,quarterfinal,Normal Time,,,6,D,0,0,0,
Real Madrid,Galatasaray,3,0,2013-04-03,2013,quarterfinal,Normal Time,,,6,H,3,3,0,
Borussia Dortmund,Málaga CF,3,2,2013-04-09,2013,quarterfinal,Normal Time,,,6,H,5,1,1,
Galatasaray,Real Madrid,3,2,2013-04-09,2013,quarterfinal,Normal Time,,,6,H,5,1,1,
FC Barcelona,Paris Saint-Germain,1,1,2013-04-10,2013,quarterfinal,Normal Time,,,6,D,2,0,1,
Juventus,Bayern Munich,0,2,2013-04-10,2013,quarterfinal,Normal Time,,,6,A,2,-2,0,
Bayern Munich,FC Barcelona,4,0,2013-04-23,2013,semifinal,Normal Time,,,7,H,4,4,0,
Borussia Dortmund,Real Madrid,4,1,2013-04-24,2013,semifinal,Normal Time,,,7,H,5,3,1,
Real Madrid,Borussia Dortmund,2,0,2013-04-30,2013,semifinal,Normal Time,,,7,H,2,2,0,
FC Barcelona,Bayern Munich,0,3,2013-05-01,2013,semifinal,Normal Time,,,7,A,3,-3,0,
Borussia Dortmund,Bayern Munich,1,2,2013-05-25,2013,final,Normal Time,,,8,A,3,-1,1,
Manchester United,Bayer Leverkusen,4,2,2013-09-17,2013,group_stage,Normal Time,,,3,H,6,2,1,
Real Sociedad,Shakhtar Donetsk,0,2,2013-09-17,2013,group_stage,Normal Time,,,3,A,2,-2,0,
Galatasaray,Real Madrid,1,6,2013-09-17,2013,group_stage,Normal Time,,,3,A,7,-5,1,
FC København,Juventus,1,1,2013-09-17,2013,group_stage,Normal Time,,,3,D,2,0,1,
Olympiacos,Paris Saint-Germain,1,4,2013-09-17,2013,group_stage,Normal Time,,,3,A,5,-3,1,
Benfica,RSC Anderlecht,2,0,2013-09-17,2013,group_stage,Normal Time,,,3,H,2,2,0,
Bayern Munich,CSKA Moskva,3,0,2013-09-17,2013,group_stage,Normal Time,,,3,H,3,3,0,
Viktoria Plzeň,Manchester City,0,3,2013-09-17,2013,group_stage,Normal Time,,,3,A,3,-3,0,
Chelsea FC,FC Basel 1893,1,2,2013-09-18,2013,group_stage,Normal Time,,,3,A,3,-1,1,
FC Schalke 04,FCSB,3,0,2013-09-18,2013,group_stage,Normal Time,,,3,H,3,3,0,
Olympique Marseille,Arsenal FC,1,2,2013-09-18,2013,group_stage,Normal Time,,,3,A,3,-1,1,
SSC Napoli,Borussia Dortmund,2,1,2013-09-18,2013,group_stage,Normal Time,,,3,H,3,1,1,
Atlético Madrid,Zenit St. Petersburg,3,1,2013-09-18,2013,group_stage,Normal Time,,,3,H,4,2,1,
Austria Wien,FC Porto,0,1,2013-09-18,2013,group_stage,Normal Time,,,3,A,1,-1,0,
FC Barcelona,AFC Ajax,4,0,2013-09-18,2013,group_stage,Normal Time,,,3,H,4,4,0,
AC Milan,Celtic FC,2,0,2013-09-18,2013,group_stage,Normal Time,,,3,H,2,2,0,
Zenit St. Petersburg,Austria Wien,0,0,2013-10-01,2013,group_stage,Normal Time,,,3,D,0,0,0,
FC Basel 1893,FC Schalke 04,0,1,2013-10-01,2013,group_stage,Normal Time,,,3,A,1,-1,0,
FCSB,Chelsea FC,0,4,2013-10-01,2013,group_stage,Normal Time,,,3,A,4,-4,0,
Borussia Dortmund,Olympique Marseille,3,0,2013-10-01,2013,group_stage,Normal Time,,,3,H,3,3,0,
Arsenal FC,SSC Napoli,2,0,2013-10-01,2013,group_stage,Normal Time,,,3,H,2,2,0,
FC Porto,Atlético Madrid,1,2,2013-10-01,2013,group_stage,Normal Time,,,3,A,3,-1,1,
AFC Ajax,AC Milan,1,1,2013-10-01,2013,group_stage,Normal Time,,,3,D,2,0,1,
Celtic FC,FC Barcelona,0,1,2013-10-01,2013,group_stage,Normal Time,,,3,A,1,-1,0,
CSKA Moskva,Viktoria Plzeň,3,2,2013-10-02,2013,group_stage,Normal Time,,,3,H,5,1,1,
Shakhtar Donetsk,Manchester United,1,1,2013-10-02,2013,group_stage,Normal Time,,,3,D,2,0,1,
Bayer Leverkusen,Real Sociedad,2,1,2013-10-02,2013,group_stage,Normal Time,,,3,H,3,1,1,
Juventus,Galatasaray,2,2,2013-10-02,2013,group_stage,Normal Time,,,3,D,4,0,1,
Real Madrid,FC København,4,0,2013-10-02,2013,group_stage,Normal Time,,,3,H,4,4,0,
Paris Saint-Germain,Benfica,3,0,2013-10-02,2013,group_stage,Normal Time,,,3,H,3,3,0,
RSC Anderlecht,Olympiacos,0,3,2013-10-02,2013,group_stage,Normal Time,,,3,A,3,-3,0,
Manchester City,Bayern Munich,1,3,2013-10-02,2013,group_stage,Normal Time,,,3,A,4,-2,1,
FC Schalke 04,Chelsea FC,0,3,2013-10-22,2013,group_stage,Normal Time,,,3,A,3,-3,0,
FCSB,FC Basel 1893,1,1,2013-10-22,2013,group_stage,Normal Time,,,3,D,2,0,1,
Arsenal FC,Borussia Dortmund,1,2,2013-10-22,2013,group_stage,Normal Time,,,3,A,3,-1,1,
Olympique Marseille,SSC Napoli,1,2,2013-10-22,2013,group_stage,Normal Time,,,3,A,3,-1,1,
FC Porto,Zenit St. Petersburg,0,1,2013-10-22,2013,group_stage,Normal Time,,,3,A,1,-1,0,
Austria Wien,Atlético Madrid,0,3,2013-10-22,2013,group_stage,Normal Time,,,3,A,3,-3,0,
AC Milan,FC Barcelona,1,1,2013-10-22,2013,group_stage,Normal Time,,,3,D,2,0,1,
Celtic FC,AFC Ajax,2,1,2013-10-22,2013,group_stage,Normal Time,,,3,H,3,1,1,
CSKA Moskva,Manchester City,1,2,2013-10-23,2013,group_stage,Normal Time,,,3,A,3,-1,1,
Bayer Leverkusen,Shakhtar Donetsk,4,0,2013-10-23,2013,group_stage,Normal Time,,,3,H,4,4,0,
Manchester United,Real Sociedad,1,0,2013-10-23,2013,group_stage,Normal Time,,,3,H,1,1,0,
Real Madrid,Juventus,2,1,2013-10-23,2013,group_stage,Normal Time,,,3,H,3,1,1,
Galatasaray,FC København,3,1,2013-10-23,2013,group_stage,Normal Time,,,3,H,4,2,1,
RSC Anderlecht,Paris Saint-Germain,0,5,2013-10-23,2013,group_stage,Normal Time,,,3,A,5,-5,0,
Benfica,Olympiacos,1,1,2013-10-23,2013,group_stage,Normal Time,,,3,D,2,0,1,
Bayern Munich,Viktoria Plzeň,5,0,2013-10-23,2013,group_stage,Normal Time,,,3,H,5,5,0,
Shakhtar Donetsk,Bayer Leverkusen,0,0,2013-11-05,2013,group_stage,Normal Time,,,3,D,0,0,0,
Real Sociedad,Manchester United,0,0,2013-11-05,2013,group_stage,Normal Time,,,3,D,0,0,0,
Juventus,Real Madrid,2,2,2013-11-05,2013,group_stage,Normal Time,,,3,D,4,0,1,
FC København,Galatasaray,1,0,2013-11-05,2013,group_stage,Normal Time,,,3,H,1,1,0,
Paris Saint-Germain,RSC Anderlecht,1,1,2013-11-05,2013,group_stage,Normal Time,,,3,D,2,0,1,
Olympiacos,Benfica,1,0,2013-11-05,2013,group_stage,Normal Time,,,3,H,1,1,0,
Manchester City,CSKA Moskva,5,2,2013-11-05,2013,group_stage,Normal Time,,,3,H,7,3,1,
Viktoria Plzeň,Bayern Munich,0,1,2013-11-05,2013,group_stage,Normal Time,,,3,A,1,-1,0,
Zenit St. Petersburg,FC Porto,1,1,2013-11-06,2013,group_stage,Normal Time,,,3,D,2,0,1,
Chelsea FC,FC Schalke 04,3,0,2013-11-06,2013,group_stage,Normal Time,,,3,H,3,3,0,
FC Basel 1893,FCSB,1,1,2013-11-06,2013,group_stage,Normal Time,,,3,D,2,0,1,
Borussia Dortmund,Arsenal FC,0,1,2013-11-06,2013,group_stage,Normal Time,,,3,A,1,-1,0,
SSC Napoli,Olympique Marseille,3,2,2013-11-06,2013,group_stage,Normal Time,,,3,H,5,1,1,
Atlético Madrid,Austria Wien,4,0,2013-11-06,2013,group_stage,Normal Time,,,3,H,4,4,0,
FC Barcelona,AC Milan,3,1,2013-11-06,2013,group_stage,Normal Time,,,3,H,4,2,1,
AFC Ajax,Celtic FC,1,0,2013-11-06,2013,group_stage,Normal Time,,,3,H,1,1,0,
Zenit St. Petersburg,Atlético Madrid,1,1,2013-11-26,2013,group_stage,Normal Time,,,3,D,2,0,1,
FC Basel 1893,Chelsea FC,1,0,2013-11-26,2013,group_stage,Normal Time,,,3,H,1,1,0,
FCSB,FC Schalke 04,0,0,2013-11-26,2013,group_stage,Normal Time,,,3,D,0,0,0,
Arsenal FC,Olympique Marseille,2,0,2013-11-26,2013,group_stage,Normal Time,,,3,H,2,2,0,
Borussia Dortmund,SSC Napoli,3,1,2013-11-26,2013,group_stage,Normal Time,,,3,H,4,2,1,
FC Porto,Austria Wien,1,1,2013-11-26,2013,group_stage,Normal Time,,,3,D,2,0,1,
AFC Ajax,FC Barcelona,2,1,2013-11-26,2013,group_stage,Normal Time,,,3,H,3,1,1,
Celtic FC,AC Milan,0,3,2013-11-26,2013,group_stage,Normal Time,,,3,A,3,-3,0,
CSKA Moskva,Bayern Munich,1,3,2013-11-27,2013,group_stage,Normal Time,,,3,A,4,-2,1,
Bayer Leverkusen,Manchester United,0,5,2013-11-27,2013,group_stage,Normal Time,,,3,A,5,-5,0,
Shakhtar Donetsk,Real Sociedad,4,0,2013-11-27,2013,group_stage,Normal Time,,,3,H,4,4,0,
Real Madrid,Galatasaray,4,1,2013-11-27,2013,group_stage,Normal Time,,,3,H,5,3,1,
Juventus,FC København,3,1,2013-11-27,2013,group_stage,Normal Time,,,3,H,4,2,1,
RSC Anderlecht,Benfica,2,3,2013-11-27,2013,group_stage,Normal Time,,,3,A,5,-1,1,
Paris Saint-Germain,Olympiacos,2,1,2013-11-27,2013,group_stage,Normal Time,,,3,H,3,1,1,
Manchester City,Viktoria Plzeň,4,2,2013-11-27,2013,group_stage,Normal Time,,,3,H,6,2,1,
Manchester United,Shakhtar Donetsk,1,0,2013-12-10,2013,group_stage,Normal Time,,,3,H,1,1,0,
Real Sociedad,Bayer Leverkusen,0,1,2013-12-10,2013,group_stage,Normal Time,,,3,A,1,-1,0,
FC København,Real Madrid,0,2,2013-12-10,2013,group_stage,Normal Time,,,3,A,2,-2,0,
Benfica,Paris Saint-Germain,2,1,2013-12-10,2013,group_stage,Normal Time,,,3,H,3,1,1,
Olympiacos,RSC Anderlecht,3,1,2013-12-10,2013,group_stage,Normal Time,,,3,H,4,2,1,
Bayern Munich,Manchester City,2,3,2013-12-10,2013,group_stage,Normal Time,,,3,A,5,-1,1,
Viktoria Plzeň,CSKA Moskva,2,1,2013-12-10,2013,group_stage,Normal Time,,,3,H,3,1,1,
Galatasaray,Juventus,1,0,2013-12-11,2013,group_stage,Normal Time,,,3,H,1,1,0,
FC Schalke 04,FC Basel 1893,2,0,2013-12-11,2013,group_stage,Normal Time,,,3,H,2,2,0,
Chelsea FC,FCSB,1,0,2013-12-11,2013,group_stage,Normal Time,,,3,H,1,1,0,
Olympique Marseille,Borussia Dortmund,1,2,2013-12-11,2013,group_stage,Normal Time,,,3,A,3,-1,1,
SSC Napoli,Arsenal FC,2,0,2013-12-11,2013,group_stage,Normal Time,,,3,H,2,2,0,
Atlético Madrid,FC Porto,2,0,2013-12-11,2013,group_stage,Normal Time,,,3,H,2,2,0,
Austria Wien,Zenit St. Petersburg,4,1,2013-12-11,2013,group_stage,Normal Time,,,3,H,5,3,1,
AC Milan,AFC Ajax,0,0,2013-12-11,2013,group_stage,Normal Time,,,3,D,0,0,0,
FC Barcelona,Celtic FC,6,1,2013-12-11,2013,group_stage,Normal Time,,,3,H,7,5,1,
Manchester City,FC Barcelona,0,2,2014-02-18,2014,round_of_16,Normal Time,,,5,A,2,-2,0,
Bayer Leverkusen,Paris Saint-Germain,0,4,2014-02-18,2014,round_of_16,Normal Time,,,5,A,4,-4,0,
AC Milan,Atlético Madrid,0,1,2014-02-19,2014,round_of_16,Normal Time,,,5,A,1,-1,0,
Arsenal FC,Bayern Munich,0,2,2014-02-19,2014,round_of_16,Normal Time,,,5,A,2,-2,0,
Zenit St. Petersburg,Borussia Dortmund,2,4,2014-02-25,2014,round_of_16,Normal Time,,,5,A,6,-2,1,
Olympiacos,Manchester United,2,0,2014-02-25,2014,round_of_16,Normal Time,,,5,H,2,2,0,
Galatasaray,Chelsea FC,1,1,2014-02-26,2014,round_of_16,Normal Time,,,5,D,2,0,1,
FC Schalke 04,Real Madrid,1,6,2014-02-26,2014,round_of_16,Normal Time,,,5,A,7,-5,1,
Atlético Madrid,AC Milan,4,1,2014-03-11,2014,round_of_16,Normal Time,,,5,H,5,3,1,
Bayern Munich,Arsenal FC,1,1,2014-03-11,2014,round_of_16,Normal Time,,,5,D,2,0,1,
FC Barcelona,Manchester City,2,1,2014-03-12,2014,round_of_16,Normal Time,,,5,H,3,1,1,
Paris Saint-Germain,Bayer Leverkusen,2,1,2014-03-12,2014,round_of_16,Normal Time,,,5,H,3,1,1,
Chelsea FC,Galatasaray,2,0,2014-03-18,2014,round_of_16,Normal Time,,,5,H,2,2,0,
Real Madrid,FC Schalke 04,3,1,2014-03-18,2014,round_of_16,Normal Time,,,5,H,4,2,1,
Manchester United,Olympiacos,3,0,2014-03-19,2014,round_of_16,Normal Time,,,5,H,3,3,0,
Borussia Dortmund,Zenit St. Petersburg,1,2,2014-03-19,2014,round_of_16,Normal Time,,,5,A,3,-1,1,
FC Barcelona,Atlético Madrid,1,1,2014-04-01,2014,quarterfinal,Normal Time,,,6,D,2,0,1,
Manchester United,Bayern Munich,1,1,2014-04-01,2014,quarterfinal,Normal Time,,,6,D,2,0,1,
Real Madrid,Borussia Dortmund,3,0,2014-04-02,2014,quarterfinal,Normal Time,,,6,H,3,3,0,
Paris Saint-Germain,Chelsea FC,3,1,2014-04-02,2014,quarterfinal,Normal Time,,,6,H,4,2,1,
Borussia Dortmund,Real Madrid,2,0,2014-04-08,2014,quarterfinal,Normal Time,,,6,H,2,2,0,
Chelsea FC,Paris Saint-Germain,2,0,2014-04-08,2014,quarterfinal,Normal Time,,,6,H,2,2,0,
Atlético Madrid,FC Barcelona,1,0,2014-04-09,2014,quarterfinal,Normal Time,,,6,H,1,1,0,
Bayern Munich,Manchester United,3,1,2014-04-09,2014,quarterfinal,Normal Time,,,6,H,4,2,1,
Atlético Madrid,Chelsea FC,0,0,2014-04-22,2014,semifinal,Normal Time,,,7,D,0,0,0,
Real Madrid,Bayern Munich,1,0,2014-04-23,2014,semifinal,Normal Time,,,7,H,1,1,0,
Bayern Munich,Real Madrid,0,4,2014-04-29,2014,semifinal,Normal Time,,,7,A,4,-4,0,
Chelsea FC,Atlético Madrid,1,3,2014-04-30,2014,semifinal,Normal Time,,,7,A,4,-2,1,
Real Madrid,Atlético Madrid,1,1,2014-05-24,2014,final,Extra Time,,,8,D,2,0,1,
Olympiacos,Atlético Madrid,3,2,2014-09-16,2014,group_stage,Normal Time,,,3,H,5,1,1,
Juventus,Malmö FF,2,0,2014-09-16,2014,group_stage,Normal Time,,,3,H,2,2,0,
Real Madrid,FC Basel 1893,5,1,2014-09-16,2014,group_stage,Normal Time,,,3,H,6,4,1,
Liverpool FC,PFC Ludogorets Razgrad,2,1,2014-09-16,2014,group_stage,Normal Time,,,3,H,3,1,1,
AS Monaco,Bayer Leverkusen,1,0,2014-09-16,2014,group_stage,Normal Time,,,3,H,1,1,0,
Benfica,Zenit St. Petersburg,0,2,2014-09-16,2014,group_stage,Normal Time,,,3,A,2,-2,0,
Borussia Dortmund,Arsenal FC,2,0,2014-09-16,2014,group_stage,Normal Time,,,3,H,2,2,0,
Galatasaray,RSC Anderlecht,1,1,2014-09-16,2014,group_stage,Normal Time,,,3,D,2,0,1,
AS Roma,CSKA Moskva,5,1,2014-09-17,2014,group_stage,Normal Time,,,3,H,6,4,1,
Bayern Munich,Manchester City,1,0,2014-09-17,2014,group_stage,Normal Time,,,3,H,1,1,0,
AFC Ajax,Paris Saint-Germain,1,1,2014-09-17,2014,group_stage,Normal Time,,,3,D,2,0,1,
FC Barcelona,APOEL Nikosia,1,0,2014-09-17,2014,group_stage,Normal Time,,,3,H,1,1,0,
Chelsea FC,FC Schalke 04,1,1,2014-09-17,2014,group_stage,Normal Time,,,3,D,2,0,1,
NK Maribor,Sporting CP,1,1,2014-09-17,2014,group_stage,Normal Time,,,3,D,2,0,1,
Athletic Club,Shakhtar Donetsk,0,0,2014-09-17,2014,group_stage,Normal Time,,,3,D,0,0,0,
FC Porto,BATE Borisov,6,0,2014-09-17,2014,group_stage,Normal Time,,,3,H,6,6,0,
CSKA Moskva,Bayern Munich,0,1,2014-09-30,2014,group_stage,Normal Time,,,3,A,1,-1,0,
Manchester City,AS Roma,1,1,2014-09-30,2014,group_stage,Normal Time,,,3,D,2,0,1,
APOEL Nikosia,AFC Ajax,1,1,2014-09-30,2014,group_stage,Normal Time,,,3,D,2,0,1,
Paris Saint-Germain,FC Barcelona,3,2,2014-09-30,2014,group_stage,Normal Time,,,3,H,5,1,1,
Sporting CP,Chelsea FC,0,1,2014-09-30,2014,group_stage,Normal Time,,,3,A,1,-1,0,
FC Schalke 04,NK Maribor,1,1,2014-09-30,2014,group_stage,Normal Time,,,3,D,2,0,1,
BATE Borisov,Athletic Club,2,1,2014-09-30,2014,group_stage,Normal Time,,,3,H,3,1,1,
Shakhtar Donetsk,FC Porto,2,2,2014-09-30,2014,group_stage,Normal Time,,,3,D,4,0,1,
Zenit St. Petersburg,AS Monaco,0,0,2014-10-01,2014,group_stage,Normal Time,,,3,D,0,0,0,
Atlético Madrid,Juventus,1,0,2014-10-01,2014,group_stage,Normal Time,,,3,H,1,1,0,
Malmö FF,Olympiacos,2,0,2014-10-01,2014,group_stage,Normal Time,,,3,H,2,2,0,
FC Basel 1893,Liverpool FC,1,0,2014-10-01,2014,group_stage,Normal Time,,,3,H,1,1,0,
PFC Ludogorets Razgrad,Real Madrid,1,2,2014-10-01,2014,group_stage,Normal Time,,,3,A,3,-1,1,
Bayer Leverkusen,Benfica,3,1,2014-10-01,2014,group_stage,Normal Time,,,3,H,4,2,1,
Arsenal FC,Galatasaray,4,1,2014-10-01,2014,group_stage,Normal Time,,,3,H,5,3,1,
RSC Anderlecht,Borussia Dortmund,0,3,2014-10-01,2014,group_stage,Normal Time,,,3,A,3,-3,0,
CSKA Moskva,Manchester City,2,2,2014-10-21,2014,group_stage,Normal Time,,,3,D,4,0,1,
AS Roma,Bayern Munich,1,7,2014-10-21,2014,group_stage,Normal Time,,,3,A,8,-6,1,
FC Barcelona,AFC Ajax,3,1,2014-10-21,2014,group_stage,Normal Time,,,3,H,4,2,1,
APOEL Nikosia,Paris Saint-Germain,0,1,2014-10-21,2014,group_stage,Normal Time,,,3,A,1,-1,0,
Chelsea FC,NK Maribor,6,0,2014-10-21,2014,group_stage,Normal Time,,,3,H,6,6,0,
FC Schalke 04,Sporting CP,4,3,2014-10-21,2014,group_stage,Normal Time,,,3,H,7,1,1,
FC Porto,Athletic Club,2,1,2014-10-21,2014,group_stage,Normal Time,,,3,H,3,1,1,
BATE Borisov,Shakhtar Donetsk,0,7,2014-10-21,2014,group_stage,Normal Time,,,3,A,7,-7,0,
Atlético Madrid,Malmö FF,5,0,2014-10-22,2014,group_stage,Normal Time,,,3,H,5,5,0,
Olympiacos,Juventus,1,0,2014-10-22,2014,group_stage,Normal Time,,,3,H,1,1,0,
PFC Ludogorets Razgrad,FC Basel 1893,1,0,2014-10-22,2014,group_stage,Normal Time,,,3,H,1,1,0,
Liverpool FC,Real Madrid,0,3,2014-10-22,2014,group_stage,Normal Time,,,3,A,3,-3,0,
AS Monaco,Benfica,0,0,2014-10-22,2014,group_stage,Normal Time,,,3,D,0,0,0,
Bayer Leverkusen,Zenit St. Petersburg,2,0,2014-10-22,2014,group_stage,Normal Time,,,3,H,2,2,0,
RSC Anderlecht,Arsenal FC,1,2,2014-10-22,2014,group_stage,Normal Time,,,3,A,3,-1,1,
Galatasaray,Borussia Dortmund,0,4,2014-10-22,2014,group_stage,Normal Time,,,3,A,4,-4,0,
Zenit St. Petersburg,Bayer Leverkusen,1,2,2014-11-04,2014,group_stage,Normal Time,,,3,A,3,-1,1,
Malmö FF,Atlético Madrid,0,2,2014-11-04,2014,group_stage,Normal Time,,,3,A,2,-2,0,
Juventus,Olympiacos,3,2,2014-11-04,2014,group_stage,Normal Time,,,3,H,5,1,1,
FC Basel 1893,PFC Ludogorets Razgrad,4,0,2014-11-04,2014,group_stage,Normal Time,,,3,H,4,4,0,
Real Madrid,Liverpool FC,1,0,2014-11-04,2014,group_stage,Normal Time,,,3,H,1,1,0,
Benfica,AS Monaco,1,0,2014-11-04,2014,group_stage,Normal Time,,,3,H,1,1,0,
Arsenal FC,RSC Anderlecht,3,3,2014-11-04,2014,group_stage,Normal Time,,,3,D,6,0,1,
Borussia Dortmund,Galatasaray,4,1,2014-11-04,2014,group_stage,Normal Time,,,3,H,5,3,1,
Bayern Munich,AS Roma,2,0,2014-11-05,2014,group_stage,Normal Time,,,3,H,2,2,0,
Manchester City,CSKA Moskva,1,2,2014-11-05,2014,group_stage,Normal Time,,,3,A,3,-1,1,
AFC Ajax,FC Barcelona,0,2,2014-11-05,2014,group_stage,Normal Time,,,3,A,2,-2,0,
Paris Saint-Germain,APOEL Nikosia,1,0,2014-11-05,2014,group_stage,Normal Time,,,3,H,1,1,0,
NK Maribor,Chelsea FC,1,1,2014-11-05,2014,group_stage,Normal Time,,,3,D,2,0,1,
Sporting CP,FC Schalke 04,4,2,2014-11-05,2014,group_stage,Normal Time,,,3,H,6,2,1,
Athletic Club,FC Porto,0,2,2014-11-05,2014,group_stage,Normal Time,,,3,A,2,-2,0,
Shakhtar Donetsk,BATE Borisov,5,0,2014-11-05,2014,group_stage,Normal Time,,,3,H,5,5,0,
CSKA Moskva,AS Roma,1,1,2014-11-25,2014,group_stage,Normal Time,,,3,D,2,0,1,
BATE Borisov,FC Porto,0,3,2014-11-25,2014,group_stage,Normal Time,,,3,A,3,-3,0,
Manchester City,Bayern Munich,3,2,2014-11-25,2014,group_stage,Normal Time,,,3,H,5,1,1,
Paris Saint-Germain,AFC Ajax,3,1,2014-11-25,2014,group_stage,Normal Time,,,3,H,4,2,1,
APOEL Nikosia,FC Barcelona,0,4,2014-11-25,2014,group_stage,Normal Time,,,3,A,4,-4,0,
FC Schalke 04,Chelsea FC,0,5,2014-11-25,2014,group_stage,Normal Time,,,3,A,5,-5,0,
Sporting CP,NK Maribor,3,1,2014-11-25,2014,group_stage,Normal Time,,,3,H,4,2,1,
Shakhtar Donetsk,Athletic Club,0,1,2014-11-25,2014,group_stage,Normal Time,,,3,A,1,-1,0,
Zenit St. Petersburg,Benfica,1,0,2014-11-26,2014,group_stage,Normal Time,,,3,H,1,1,0,
Atlético Madrid,Olympiacos,4,0,2014-11-26,2014,group_stage,Normal Time,,,3,H,4,4,0,
Malmö FF,Juventus,0,2,2014-11-26,2014,group_stage,Normal Time,,,3,A,2,-2,0,
FC Basel 1893,Real Madrid,0,1,2014-11-26,2014,group_stage,Normal Time,,,3,A,1,-1,0,
PFC Ludogorets Razgrad,Liverpool FC,2,2,2014-11-26,2014,group_stage,Normal Time,,,3,D,4,0,1,
Bayer Leverkusen,AS Monaco,0,1,2014-11-26,2014,group_stage,Normal Time,,,3,A,1,-1,0,
Arsenal FC,Borussia Dortmund,2,0,2014-11-26,2014,group_stage,Normal Time,,,3,H,2,2,0,
RSC Anderlecht,Galatasaray,2,0,2014-11-26,2014,group_stage,Normal Time,,,3,H,2,2,0,
Juventus,Atlético Madrid,0,0,2014-12-09,2014,group_stage,Normal Time,,,3,D,0,0,0,
Olympiacos,Malmö FF,4,2,2014-12-09,2014,group_stage,Normal Time,,,3,H,6,2,1,
Liverpool FC,FC Basel 1893,1,1,2014-12-09,2014,group_stage,Normal Time,,,3,D,2,0,1,
Real Madrid,PFC Ludogorets Razgrad,4,0,2014-12-09,2014,group_stage,Normal Time,,,3,H,4,4,0,
AS Monaco,Zenit St. Petersburg,2,0,2014-12-09,2014,group_stage,Normal Time,,,3,H,2,2,0,
Benfica,Bayer Leverkusen,0,0,2014-12-09,2014,group_stage,Normal Time,,,3,D,0,0,0,
Galatasaray,Arsenal FC,1,4,2014-12-09,2014,group_stage,Normal Time,,,3,A,5,-3,1,
Borussia Dortmund,RSC Anderlecht,1,1,2014-12-09,2014,group_stage,Normal Time,,,3,D,2,0,1,
AS Roma,Manchester City,0,2,2014-12-10,2014,group_stage,Normal Time,,,3,A,2,-2,0,
Bayern Munich,CSKA Moskva,3,0,2014-12-10,2014,group_stage,Normal Time,,,3,H,3,3,0,
AFC Ajax,APOEL Nikosia,4,0,2014-12-10,2014,group_stage,Normal Time,,,3,H,4,4,0,
FC Barcelona,Paris Saint-Germain,3,1,2014-12-10,2014,group_stage,Normal Time,,,3,H,4,2,1,
Chelsea FC,Sporting CP,3,1,2014-12-10,2014,group_stage,Normal Time,,,3,H,4,2,1,
NK Maribor,FC Schalke 04,0,1,2014-12-10,2014,group_stage,Normal Time,,,3,A,1,-1,0,
Athletic Club,BATE Borisov,2,0,2014-12-10,2014,group_stage,Normal Time,,,3,H,2,2,0,
FC Porto,Shakhtar Donetsk,1,1,2014-12-10,2014,group_stage,Normal Time,,,3,D,2,0,1,
Paris Saint-Germain,Chelsea FC,1,1,2015-02-17,2015,round_of_16,Normal Time,,,5,D,2,0,1,
Shakhtar Donetsk,Bayern Munich,0,0,2015-02-17,2015,round_of_16,Normal Time,,,5,D,0,0,0,
FC Schalke 04,Real Madrid,0,2,2015-02-18,2015,round_of_16,Normal Time,,,5,A,2,-2,0,
FC Basel 1893,FC Porto,1,1,2015-02-18,2015,round_of_16,Normal Time,,,5,D,2,0,1,
Manchester City,FC Barcelona,1,2,2015-02-24,2015,round_of_16,Normal Time,,,5,A,3,-1,1,
Juventus,Borussia Dortmund,2,1,2015-02-24,2015,round_of_16,Normal Time,,,5,H,3,1,1,
Bayer Leverkusen,Atlético Madrid,1,0,2015-02-25,2015,round_of_16,Normal Time,,,5,H,1,1,0,
Arsenal FC,AS Monaco,1,3,2015-02-25,2015,round_of_16,Normal Time,,,5,A,4,-2,1,
Real Madrid,FC Schalke 04,3,4,2015-03-10,2015,round_of_16,Normal Time,,,5,A,7,-1,1,
FC Porto,FC Basel 1893,4,0,2015-03-10,2015,round_of_16,Normal Time,,,5,H,4,4,0,
Chelsea FC,Paris Saint-Germain,1,1,2015-03-11,2015,round_of_16,Extra Time,,,5,D,2,0,1,
Bayern Munich,Shakhtar Donetsk,7,0,2015-03-11,2015,round_of_16,Normal Time,,,5,H,7,7,0,
Atlético Madrid,Bayer Leverkusen,1,0,2015-03-17,2015,round_of_16,Penalties,3,2,5,H,1,1,0,
AS Monaco,Arsenal FC,0,2,2015-03-17,2015,round_of_16,Normal Time,,,5,A,2,-2,0,
FC Barcelona,Manchester City,1,0,2015-03-18,2015,round_of_16,Normal Time,,,5,H,1,1,0,
Borussia Dortmund,Juventus,0,3,2015-03-18,2015,round_of_16,Normal Time,,,5,A,3,-3,0,
Atlético Madrid,Real Madrid,0,0,2015-04-14,2015,quarterfinal,Normal Time,,,6,D,0,0,0,
Juventus,AS Monaco,1,0,2015-04-14,2015,quarterfinal,Normal Time,,,6,H,1,1,0,
Paris Saint-Germain,FC Barcelona,1,3,2015-04-15,2015,quarterfinal,Normal Time,,,6,A,4,-2,1,
FC Porto,Bayern Munich,3,1,2015-04-15,2015,quarterfinal,Normal Time,,,6,H,4,2,1,
FC Barcelona,Paris Saint-Germain,2,0,2015-04-21,2015,quarterfinal,Normal Time,,,6,H,2,2,0,
Bayern Munich,FC Porto,6,1,2015-04-21,2015,quarterfinal,Normal Time,,,6,H,7,5,1,
Real Madrid,Atlético Madrid,1,0,2015-04-22,2015,quarterfinal,Normal Time,,,6,H,1,1,0,
AS Monaco,Juventus,0,0,2015-04-22,2015,quarterfinal,Normal Time,,,6,D,0,0,0,
Juventus,Real Madrid,2,1,2015-05-05,2015,semifinal,Normal Time,,,7,H,3,1,1,
FC Barcelona,Bayern Munich,3,0,2015-05-06,2015,semifinal,Normal Time,,,7,H,3,3,0,
Bayern Munich,FC Barcelona,3,2,2015-05-12,2015,semifinal,Normal Time,,,7,H,5,1,1,
Real Madrid,Juventus,1,1,2015-05-13,2015,semifinal,Normal Time,,,7,D,2,0,1,
Juventus,FC Barcelona,1,3,2015-06-06,2015,final,Normal Time,,,8,A,4,-2,1,
Real Madrid,Shakhtar Donetsk,4,0,2015-09-15,2015,group_stage,Normal Time,,,3,H,4,4,0,
Paris Saint-Germain,Malmö FF,2,0,2015-09-15,2015,group_stage,Normal Time,,,3,H,2,2,0,
VfL Wolfsburg,CSKA Moskva,1,0,2015-09-15,2015,group_stage,Normal Time,,,3,H,1,1,0,
PSV Eindhoven,Manchester United,2,1,2015-09-15,2015,group_stage,Normal Time,,,3,H,3,1,1,
Benfica,FK Astana,2,0,2015-09-15,2015,group_stage,Normal Time,,,3,H,2,2,0,
Galatasaray,Atlético Madrid,0,2,2015-09-15,2015,group_stage,Normal Time,,,3,A,2,-2,0,
Sevilla FC,Bor. Mönchengladbach,3,0,2015-09-15,2015,group_stage,Normal Time,,,3,H,3,3,0,
Manchester City,Juventus,1,2,2015-09-15,2015,group_stage,Normal Time,,,3,A,3,-1,1,
AS Roma,FC Barcelona,1,1,2015-09-16,2015,group_stage,Normal Time,,,3,D,2,0,1,
Bayer Leverkusen,BATE Borisov,4,1,2015-09-16,2015,group_stage,Normal Time,,,3,H,5,3,1,
Olympiacos,Bayern Munich,0,3,2015-09-16,2015,group_stage,Normal Time,,,3,A,3,-3,0,
Dinamo Zagreb,Arsenal FC,2,1,2015-09-16,2015,group_stage,Normal Time,,,3,H,3,1,1,
Dinamo Kiev,FC Porto,2,2,2015-09-16,2015,group_stage,Normal Time,,,3,D,4,0,1,
Chelsea FC,Maccabi Tel Aviv,4,0,2015-09-16,2015,group_stage,Normal Time,,,3,H,4,4,0,
Valencia CF,Zenit St. Petersburg,2,3,2015-09-16,2015,group_stage,Normal Time,,,3,A,5,-1,1,
KAA Gent,Olympique Lyonnais,1,1,2015-09-16,2015,group_stage,Normal Time,,,3,D,2,0,1,
FC Barcelona,Bayer Leverkusen,2,1,2015-09-29,2015,group_stage,Normal Time,,,3,H,3,1,1,
BATE Borisov,AS Roma,3,2,2015-09-29,2015,group_stage,Normal Time,,,3,H,5,1,1,
Arsenal FC,Olympiacos,2,3,2015-09-29,2015,group_stage,Normal Time,,,3,A,5,-1,1,
Bayern Munich,Dinamo Zagreb,5,0,2015-09-29,2015,group_stage,Normal Time,,,3,H,5,5,0,
FC Porto,Chelsea FC,2,1,2015-09-29,2015,group_stage,Normal Time,,,3,H,3,1,1,
Maccabi Tel Aviv,Dinamo Kiev,0,2,2015-09-29,2015,group_stage,Normal Time,,,3,A,2,-2,0,
Olympique Lyonnais,Valencia CF,0,1,2015-09-29,2015,group_stage,Normal Time,,,3,A,1,-1,0,
Zenit St. Petersburg,KAA Gent,2,1,2015-09-29,2015,group_stage,Normal Time,,,3,H,3,1,1,
FK Astana,Galatasaray,2,2,2015-09-30,2015,group_stage,Normal Time,,,3,D,4,0,1,
Malmö FF,Real Madrid,0,2,2015-09-30,2015,group_stage,Normal Time,,,3,A,2,-2,0,
Shakhtar Donetsk,Paris Saint-Germain,0,3,2015-09-30,2015,group_stage,Normal Time,,,3,A,3,-3,0,
CSKA Moskva,PSV Eindhoven,3,2,2015-09-30,2015,group_stage,Normal Time,,,3,H,5,1,1,
Manchester United,VfL Wolfsburg,2,1,2015-09-30,2015,group_stage,Normal Time,,,3,H,3,1,1,
Atlético Madrid,Benfica,1,2,2015-09-30,2015,group_stage,Normal Time,,,3,A,3,-1,1,
Juventus,Sevilla FC,2,0,2015-09-30,2015,group_stage,Normal Time,,,3,H,2,2,0,
Bor. Mönchengladbach,Manchester City,1,2,2015-09-30,2015,group_stage,Normal Time,,,3,A,3,-1,1,
BATE Borisov,FC Barcelona,0,2,2015-10-20,2015,group_stage,Normal Time,,,3,A,2,-2,0,
Bayer Leverkusen,AS Roma,4,4,2015-10-20,2015,group_stage,Normal Time,,,3,D,8,0,1,
Arsenal FC,Bayern Munich,2,0,2015-10-20,2015,group_stage,Normal Time,,,3,H,2,2,0,
Dinamo Zagreb,Olympiacos,0,1,2015-10-20,2015,group_stage,Normal Time,,,3,A,1,-1,0,
FC Porto,Maccabi Tel Aviv,2,0,2015-10-20,2015,group_stage,Normal Time,,,3,H,2,2,0,
Dinamo Kiev,Chelsea FC,0,0,2015-10-20,2015,group_stage,Normal Time,,,3,D,0,0,0,
Valencia CF,KAA Gent,2,1,2015-10-20,2015,group_stage,Normal Time,,,3,H,3,1,1,
Zenit St. Petersburg,Olympique Lyonnais,3,1,2015-10-20,2015,group_stage,Normal Time,,,3,H,4,2,1,
Paris Saint-Germain,Real Madrid,0,0,2015-10-21,2015,group_stage,Normal Time,,,3,D,0,0,0,
Malmö FF,Shakhtar Donetsk,1,0,2015-10-21,2015,group_stage,Normal Time,,,3,H,1,1,0,
CSKA Moskva,Manchester United,1,1,2015-10-21,2015,group_stage,Normal Time,,,3,D,2,0,1,
VfL Wolfsburg,PSV Eindhoven,2,0,2015-10-21,2015,group_stage,Normal Time,,,3,H,2,2,0,
Galatasaray,Benfica,2,1,2015-10-21,2015,group_stage,Normal Time,,,3,H,3,1,1,
Atlético Madrid,FK Astana,4,0,2015-10-21,2015,group_stage,Normal Time,,,3,H,4,4,0,
Manchester City,Sevilla FC,2,1,2015-10-21,2015,group_stage,Normal Time,,,3,H,3,1,1,
Juventus,Bor. Mönchengladbach,0,0,2015-10-21,2015,group_stage,Normal Time,,,3,D,0,0,0,
FK Astana,Atlético Madrid,0,0,2015-11-03,2015,group_stage,Normal Time,,,3,D,0,0,0,
Real Madrid,Paris Saint-Germain,1,0,2015-11-03,2015,group_stage,Normal Time,,,3,H,1,1,0,
Shakhtar Donetsk,Malmö FF,4,0,2015-11-03,2015,group_stage,Normal Time,,,3,H,4,4,0,
PSV Eindhoven,VfL Wolfsburg,2,0,2015-11-03,2015,group_stage,Normal Time,,,3,H,2,2,0,
Manchester United,CSKA Moskva,1,0,2015-11-03,2015,group_stage,Normal Time,,,3,H,1,1,0,
Benfica,Galatasaray,2,1,2015-11-03,2015,group_stage,Normal Time,,,3,H,3,1,1,
Bor. Mönchengladbach,Juventus,1,1,2015-11-03,2015,group_stage,Normal Time,,,3,D,2,0,1,
Sevilla FC,Manchester City,1,3,2015-11-03,2015,group_stage,Normal Time,,,3,A,4,-2,1,
AS Roma,Bayer Leverkusen,3,2,2015-11-04,2015,group_stage,Normal Time,,,3,H,5,1,1,
FC Barcelona,BATE Borisov,3,0,2015-11-04,2015,group_stage,Normal Time,,,3,H,3,3,0,
Bayern Munich,Arsenal FC,5,1,2015-11-04,2015,group_stage,Normal Time,,,3,H,6,4,1,
Olympiacos,Dinamo Zagreb,2,1,2015-11-04,2015,group_stage,Normal Time,,,3,H,3,1,1,
Chelsea FC,Dinamo Kiev,2,1,2015-11-04,2015,group_stage,Normal Time,,,3,H,3,1,1,
Maccabi Tel Aviv,FC Porto,1,3,2015-11-04,2015,group_stage,Normal Time,,,3,A,4,-2,1,
Olympique Lyonnais,Zenit St. Petersburg,0,2,2015-11-04,2015,group_stage,Normal Time,,,3,A,2,-2,0,
KAA Gent,Valencia CF,1,0,2015-11-04,2015,group_stage,Normal Time,,,3,H,1,1,0,
BATE Borisov,Bayer Leverkusen,1,1,2015-11-24,2015,group_stage,Normal Time,,,3,D,2,0,1,
Zenit St. Petersburg,Valencia CF,2,0,2015-11-24,2015,group_stage,Normal Time,,,3,H,2,2,0,
FC Barcelona,AS Roma,6,1,2015-11-24,2015,group_stage,Normal Time,,,3,H,7,5,1,
Bayern Munich,Olympiacos,4,0,2015-11-24,2015,group_stage,Normal Time,,,3,H,4,4,0,
Arsenal FC,Dinamo Zagreb,3,0,2015-11-24,2015,group_stage,Normal Time,,,3,H,3,3,0,
Maccabi Tel Aviv,Chelsea FC,0,4,2015-11-24,2015,group_stage,Normal Time,,,3,A,4,-4,0,
FC Porto,Dinamo Kiev,0,2,2015-11-24,2015,group_stage,Normal Time,,,3,A,2,-2,0,
Olympique Lyonnais,KAA Gent,1,2,2015-11-24,2015,group_stage,Normal Time,,,3,A,3,-1,1,
FK Astana,Benfica,2,2,2015-11-25,2015,group_stage,Normal Time,,,3,D,4,0,1,
CSKA Moskva,VfL Wolfsburg,0,2,2015-11-25,2015,group_stage,Normal Time,,,3,A,2,-2,0,
Malmö FF,Paris Saint-Germain,0,5,2015-11-25,2015,group_stage,Normal Time,,,3,A,5,-5,0,
Shakhtar Donetsk,Real Madrid,3,4,2015-11-25,2015,group_stage,Normal Time,,,3,A,7,-1,1,
Manchester United,PSV Eindhoven,0,0,2015-11-25,2015,group_stage,Normal Time,,,3,D,0,0,0,
Atlético Madrid,Galatasaray,2,0,2015-11-25,2015,group_stage,Normal Time,,,3,H,2,2,0,
Juventus,Manchester City,1,0,2015-11-25,2015,group_stage,Normal Time,,,3,H,1,1,0,
Bor. Mönchengladbach,Sevilla FC,4,2,2015-11-25,2015,group_stage,Normal Time,,,3,H,6,2,1,
Paris Saint-Germain,Shakhtar Donetsk,2,0,2015-12-08,2015,group_stage,Normal Time,,,3,H,2,2,0,
Real Madrid,Malmö FF,8,0,2015-12-08,2015,group_stage,Normal Time,,,3,H,8,8,0,
VfL Wolfsburg,Manchester United,3,2,2015-12-08,2015,group_stage,Normal Time,,,3,H,5,1,1,
PSV Eindhoven,CSKA Moskva,2,1,2015-12-08,2015,group_stage,Normal Time,,,3,H,3,1,1,
Galatasaray,FK Astana,1,1,2015-12-08,2015,group_stage,Normal Time,,,3,D,2,0,1,
Benfica,Atlético Madrid,1,2,2015-12-08,2015,group_stage,Normal Time,,,3,A,3,-1,1,
Manchester City,Bor. Mönchengladbach,4,2,2015-12-08,2015,group_stage,Normal Time,,,3,H,6,2,1,
Sevilla FC,Juventus,1,0,2015-12-08,2015,group_stage,Normal Time,,,3,H,1,1,0,
Bayer Leverkusen,FC Barcelona,1,1,2015-12-09,2015,group_stage,Normal Time,,,3,D,2,0,1,
AS Roma,BATE Borisov,0,0,2015-12-09,2015,group_stage,Normal Time,,,3,D,0,0,0,
Dinamo Zagreb,Bayern Munich,0,2,2015-12-09,2015,group_stage,Normal Time,,,3,A,2,-2,0,
Olympiacos,Arsenal FC,0,3,2015-12-09,2015,group_stage,Normal Time,,,3,A,3,-3,0,
Chelsea FC,FC Porto,2,0,2015-12-09,2015,group_stage,Normal Time,,,3,H,2,2,0,
Dinamo Kiev,Maccabi Tel Aviv,1,0,2015-12-09,2015,group_stage,Normal Time,,,3,H,1,1,0,
Valencia CF,Olympique Lyonnais,0,2,2015-12-09,2015,group_stage,Normal Time,,,3,A,2,-2,0,
KAA Gent,Zenit St. Petersburg,2,1,2015-12-09,2015,group_stage,Normal Time,,,3,H,3,1,1,
Paris Saint-Germain,Chelsea FC,2,1,2016-02-16,2016,round_of_16,Normal Time,,,5,H,3,1,1,
Benfica,Zenit St. Petersburg,1,0,2016-02-16,2016,round_of_16,Normal Time,,,5,H,1,1,0,
KAA Gent,VfL Wolfsburg,2,3,2016-02-17,2016,round_of_16,Normal Time,,,5,A,5,-1,1,
AS Roma,Real Madrid,0,2,2016-02-17,2016,round_of_16,Normal Time,,,5,A,2,-2,0,
Arsenal FC,FC Barcelona,0,2,2016-02-23,2016,round_of_16,Normal Time,,,5,A,2,-2,0,
Juventus,Bayern Munich,2,2,2016-02-23,2016,round_of_16,Normal Time,,,5,D,4,0,1,
PSV Eindhoven,Atlético Madrid,0,0,2016-02-24,2016,round_of_16,Normal Time,,,5,D,0,0,0,
Dinamo Kiev,Manchester City,1,3,2016-02-24,2016,round_of_16,Normal Time,,,5,A,4,-2,1,
VfL Wolfsburg,KAA Gent,1,0,2016-03-08,2016,round_of_16,Normal Time,,,5,H,1,1,0,
Real Madrid,AS Roma,2,0,2016-03-08,2016,round_of_16,Normal Time,,,5,H,2,2,0,
Zenit St. Petersburg,Benfica,1,2,2016-03-09,2016,round_of_16,Normal Time,,,5,A,3,-1,1,
Chelsea FC,Paris Saint-Germain,1,2,2016-03-09,2016,round_of_16,Normal Time,,,5,A,3,-1,1,
Atlético Madrid,PSV Eindhoven,0,0,2016-03-15,2016,round_of_16,Penalties,8,7,5,D,0,0,0,
Manchester City,Dinamo Kiev,0,0,2016-03-15,2016,round_of_16,Normal Time,,,5,D,0,0,0,
FC Barcelona,Arsenal FC,3,1,2016-03-16,2016,round_of_16,Normal Time,,,5,H,4,2,1,
Bayern Munich,Juventus,2,2,2016-03-16,2016,round_of_16,Extra Time,,,5,D,4,0,1,
Bayern Munich,Benfica,1,0,2016-04-05,2016,quarterfinal,Normal Time,,,6,H,1,1,0,
FC Barcelona,Atlético Madrid,2,1,2016-04-05,2016,quarterfinal,Normal Time,,,6,H,3,1,1,
VfL Wolfsburg,Real Madrid,2,0,2016-04-06,2016,quarterfinal,Normal Time,,,6,H,2,2,0,
Paris Saint-Germain,Manchester City,2,2,2016-04-06,2016,quarterfinal,Normal Time,,,6,D,4,0,1,
Real Madrid,VfL Wolfsburg,3,0,2016-04-12,2016,quarterfinal,Normal Time,,,6,H,3,3,0,
Manchester City,Paris Saint-Germain,1,0,2016-04-12,2016,quarterfinal,Normal Time,,,6,H,1,1,0,
Benfica,Bayern Munich,2,2,2016-04-13,2016,quarterfinal,Normal Time,,,6,D,4,0,1,
Atlético Madrid,FC Barcelona,2,0,2016-04-13,2016,quarterfinal,Normal Time,,,6,H,2,2,0,
Manchester City,Real Madrid,0,0,2016-04-26,2016,semifinal,Normal Time,,,7,D,0,0,0,
Atlético Madrid,Bayern Munich,1,0,2016-04-27,2016,semifinal,Normal Time,,,7,H,1,1,0,
Bayern Munich,Atlético Madrid,2,1,2016-05-03,2016,semifinal,Normal Time,,,7,H,3,1,1,
Real Madrid,Manchester City,1,0,2016-05-04,2016,semifinal,Normal Time,,,7,H,1,1,0,
Real Madrid,Atlético Madrid,1,1,2016-05-28,2016,final,Penalties,5,3,8,D,2,0,1,
FC Basel 1893,PFC Ludogorets Razgrad,1,1,2016-09-13,2016,group_stage,Normal Time,,,3,D,2,0,1,
Paris Saint-Germain,Arsenal FC,1,1,2016-09-13,2016,group_stage,Normal Time,,,3,D,2,0,1,
Dinamo Kiev,SSC Napoli,1,2,2016-09-13,2016,group_stage,Normal Time,,,3,A,3,-1,1,
Benfica,Beşiktaş,1,1,2016-09-13,2016,group_stage,Normal Time,,,3,D,2,0,1,
FC Barcelona,Celtic FC,7,0,2016-09-13,2016,group_stage,Normal Time,,,3,H,7,7,0,
Bayern Munich,FK Rostov,5,0,2016-09-13,2016,group_stage,Normal Time,,,3,H,5,5,0,
PSV Eindhoven,Atlético Madrid,0,1,2016-09-13,2016,group_stage,Normal Time,,,3,A,1,-1,0,
Manchester City,Bor. Mönchengladbach,4,0,2016-09-14,2016,group_stage,Normal Time,,,3,H,4,4,0,
Bayer Leverkusen,CSKA Moskva,2,2,2016-09-14,2016,group_stage,Normal Time,,,3,D,4,0,1,
Tottenham Hotspur,AS Monaco,1,2,2016-09-14,2016,group_stage,Normal Time,,,3,A,3,-1,1,
Legia Warszawa,Borussia Dortmund,0,6,2016-09-14,2016,group_stage,Normal Time,,,3,A,6,-6,0,
Real Madrid,Sporting CP,2,1,2016-09-14,2016,group_stage,Normal Time,,,3,H,3,1,1,
Club Brugge KV,Leicester City,0,3,2016-09-14,2016,group_stage,Normal Time,,,3,A,3,-3,0,
FC Porto,FC København,1,1,2016-09-14,2016,group_stage,Normal Time,,,3,D,2,0,1,
Juventus,Sevilla FC,0,0,2016-09-14,2016,group_stage,Normal Time,,,3,D,0,0,0,
Olympique Lyonnais,Dinamo Zagreb,3,0,2016-09-14,2016,group_stage,Normal Time,,,3,H,3,3,0,
AS Monaco,Bayer Leverkusen,1,1,2016-09-27,2016,group_stage,Normal Time,,,3,D,2,0,1,
CSKA Moskva,Tottenham Hotspur,0,1,2016-09-27,2016,group_stage,Normal Time,,,3,A,1,-1,0,
Borussia Dortmund,Real Madrid,2,2,2016-09-27,2016,group_stage,Normal Time,,,3,D,4,0,1,
Sporting CP,Legia Warszawa,2,0,2016-09-27,2016,group_stage,Normal Time,,,3,H,2,2,0,
FC København,Club Brugge KV,4,0,2016-09-27,2016,group_stage,Normal Time,,,3,H,4,4,0,
Leicester City,FC Porto,1,0,2016-09-27,2016,group_stage,Normal Time,,,3,H,1,1,0,
Dinamo Zagreb,Juventus,0,4,2016-09-27,2016,group_stage,Normal Time,,,3,A,4,-4,0,
Sevilla FC,Olympique Lyonnais,1,0,2016-09-27,2016,group_stage,Normal Time,,,3,H,1,1,0,
Arsenal FC,FC Basel 1893,2,0,2016-09-28,2016,group_stage,Normal Time,,,3,H,2,2,0,
PFC Ludogorets Razgrad,Paris Saint-Germain,1,3,2016-09-28,2016,group_stage,Normal Time,,,3,A,4,-2,1,
Beşiktaş,Dinamo Kiev,1,1,2016-09-28,2016,group_stage,Normal Time,,,3,D,2,0,1,
SSC Napoli,Benfica,4,2,2016-09-28,2016,group_stage,Normal Time,,,3,H,6,2,1,
Bor. Mönchengladbach,FC Barcelona,1,2,2016-09-28,2016,group_stage,Normal Time,,,3,A,3,-1,1,
Celtic FC,Manchester City,3,3,2016-09-28,2016,group_stage,Normal Time,,,3,D,6,0,1,
Atlético Madrid,Bayern Munich,1,0,2016-09-28,2016,group_stage,Normal Time,,,3,H,1,1,0,
FK Rostov,PSV Eindhoven,2,2,2016-09-28,2016,group_stage,Normal Time,,,3,D,4,0,1,
Bayer Leverkusen,Tottenham Hotspur,0,0,2016-10-18,2016,group_stage,Normal Time,,,3,D,0,0,0,
CSKA Moskva,AS Monaco,1,1,2016-10-18,2016,group_stage,Normal Time,,,3,D,2,0,1,
Real Madrid,Legia Warszawa,5,1,2016-10-18,2016,group_stage,Normal Time,,,3,H,6,4,1,
Sporting CP,Borussia Dortmund,1,2,2016-10-18,2016,group_stage,Normal Time,,,3,A,3,-1,1,
Club Brugge KV,FC Porto,1,2,2016-10-18,2016,group_stage,Normal Time,,,3,A,3,-1,1,
Leicester City,FC København,1,0,2016-10-18,2016,group_stage,Normal Time,,,3,H,1,1,0,
Dinamo Zagreb,Sevilla FC,0,1,2016-10-18,2016,group_stage,Normal Time,,,3,A,1,-1,0,
Olympique Lyonnais,Juventus,0,1,2016-10-18,2016,group_stage,Normal Time,,,3,A,1,-1,0,
Arsenal FC,PFC Ludogorets Razgrad,6,0,2016-10-19,2016,group_stage,Normal Time,,,3,H,6,6,0,
Paris Saint-Germain,FC Basel 1893,3,0,2016-10-19,2016,group_stage,Normal Time,,,3,H,3,3,0,
Dinamo Kiev,Benfica,0,2,2016-10-19,2016,group_stage,Normal Time,,,3,A,2,-2,0,
SSC Napoli,Beşiktaş,2,3,2016-10-19,2016,group_stage,Normal Time,,,3,A,5,-1,1,
Celtic FC,Bor. Mönchengladbach,0,2,2016-10-19,2016,group_stage,Normal Time,,,3,A,2,-2,0,
FC Barcelona,Manchester City,4,0,2016-10-19,2016,group_stage,Normal Time,,,3,H,4,4,0,
Bayern Munich,PSV Eindhoven,4,1,2016-10-19,2016,group_stage,Normal Time,,,3,H,5,3,1,
FK Rostov,Atlético Madrid,0,1,2016-10-19,2016,group_stage,Normal Time,,,3,A,1,-1,0,
Beşiktaş,SSC Napoli,1,1,2016-11-01,2016,group_stage,Normal Time,,,3,D,2,0,1,
FC Basel 1893,Paris Saint-Germain,1,2,2016-11-01,2016,group_stage,Normal Time,,,3,A,3,-1,1,
PFC Ludogorets Razgrad,Arsenal FC,2,3,2016-11-01,2016,group_stage,Normal Time,,,3,A,5,-1,1,
Benfica,Dinamo Kiev,1,0,2016-11-01,2016,group_stage,Normal Time,,,3,H,1,1,0,
Bor. Mönchengladbach,Celtic FC,1,1,2016-11-01,2016,group_stage,Normal Time,,,3,D,2,0,1,
Manchester City,FC Barcelona,3,1,2016-11-01,2016,group_stage,Normal Time,,,3,H,4,2,1,
Atlético Madrid,FK Rostov,2,1,2016-11-01,2016,group_stage,Normal Time,,,3,H,3,1,1,
PSV Eindhoven,Bayern Munich,1,2,2016-11-01,2016,group_stage,Normal Time,,,3,A,3,-1,1,
AS Monaco,CSKA Moskva,3,0,2016-11-02,2016,group_stage,Normal Time,,,3,H,3,3,0,
Tottenham Hotspur,Bayer Leverkusen,0,1,2016-11-02,2016,group_stage,Normal Time,,,3,A,1,-1,0,
Borussia Dortmund,Sporting CP,1,0,2016-11-02,2016,group_stage,Normal Time,,,3,H,1,1,0,
Legia Warszawa,Real Madrid,3,3,2016-11-02,2016,group_stage,Normal Time,,,3,D,6,0,1,
FC København,Leicester City,0,0,2016-11-02,2016,group_stage,Normal Time,,,3,D,0,0,0,
FC Porto,Club Brugge KV,1,0,2016-11-02,2016,group_stage,Normal Time,,,3,H,1,1,0,
Juventus,Olympique Lyonnais,1,1,2016-11-02,2016,group_stage,Normal Time,,,3,D,2,0,1,
Sevilla FC,Dinamo Zagreb,4,0,2016-11-02,2016,group_stage,Normal Time,,,3,H,4,4,0,
CSKA Moskva,Bayer Leverkusen,1,1,2016-11-22,2016,group_stage,Normal Time,,,3,D,2,0,1,
AS Monaco,Tottenham Hotspur,2,1,2016-11-22,2016,group_stage,Normal Time,,,3,H,3,1,1,
Borussia Dortmund,Legia Warszawa,8,4,2016-11-22,2016,group_stage,Normal Time,,,3,H,12,4,1,
Sporting CP,Real Madrid,1,2,2016-11-22,2016,group_stage,Normal Time,,,3,A,3,-1,1,
FC København,FC Porto,0,0,2016-11-22,2016,group_stage,Normal Time,,,3,D,0,0,0,
Leicester City,Club Brugge KV,2,1,2016-11-22,2016,group_stage,Normal Time,,,3,H,3,1,1,
Dinamo Zagreb,Olympique Lyonnais,0,1,2016-11-22,2016,group_stage,Normal Time,,,3,A,1,-1,0,
Sevilla FC,Juventus,1,3,2016-11-22,2016,group_stage,Normal Time,,,3,A,4,-2,1,
FK Rostov,Bayern Munich,3,2,2016-11-23,2016,group_stage,Normal Time,,,3,H,5,1,1,
Beşiktaş,Benfica,3,3,2016-11-23,2016,group_stage,Normal Time,,,3,D,6,0,1,
Arsenal FC,Paris Saint-Germain,2,2,2016-11-23,2016,group_stage,Normal Time,,,3,D,4,0,1,
PFC Ludogorets Razgrad,FC Basel 1893,0,0,2016-11-23,2016,group_stage,Normal Time,,,3,D,0,0,0,
SSC Napoli,Dinamo Kiev,0,0,2016-11-23,2016,group_stage,Normal Time,,,3,D,0,0,0,
Bor. Mönchengladbach,Manchester City,1,1,2016-11-23,2016,group_stage,Normal Time,,,3,D,2,0,1,
Celtic FC,FC Barcelona,0,2,2016-11-23,2016,group_stage,Normal Time,,,3,A,2,-2,0,
Atlético Madrid,PSV Eindhoven,2,0,2016-11-23,2016,group_stage,Normal Time,,,3,H,2,2,0,
FC Basel 1893,Arsenal FC,1,4,2016-12-06,2016,group_stage,Normal Time,,,3,A,5,-3,1,
Paris Saint-Germain,PFC Ludogorets Razgrad,2,2,2016-12-06,2016,group_stage,Normal Time,,,3,D,4,0,1,
Dinamo Kiev,Beşiktaş,6,0,2016-12-06,2016,group_stage,Normal Time,,,3,H,6,6,0,
Benfica,SSC Napoli,1,2,2016-12-06,2016,group_stage,Normal Time,,,3,A,3,-1,1,
FC Barcelona,Bor. Mönchengladbach,4,0,2016-12-06,2016,group_stage,Normal Time,,,3,H,4,4,0,
Manchester City,Celtic FC,1,1,2016-12-06,2016,group_stage,Normal Time,,,3,D,2,0,1,
Bayern Munich,Atlético Madrid,1,0,2016-12-06,2016,group_stage,Normal Time,,,3,H,1,1,0,
PSV Eindhoven,FK Rostov,0,0,2016-12-06,2016,group_stage,Normal Time,,,3,D,0,0,0,
Bayer Leverkusen,AS Monaco,3,0,2016-12-07,2016,group_stage,Normal Time,,,3,H,3,3,0,
Tottenham Hotspur,CSKA Moskva,3,1,2016-12-07,2016,group_stage,Normal Time,,,3,H,4,2,1,
Legia Warszawa,Sporting CP,1,0,2016-12-07,2016,group_stage,Normal Time,,,3,H,1,1,0,
Real Madrid,Borussia Dortmund,2,2,2016-12-07,2016,group_stage,Normal Time,,,3,D,4,0,1,
Club Brugge KV,FC København,0,2,2016-12-07,2016,group_stage,Normal Time,,,3,A,2,-2,0,
FC Porto,Leicester City,5,0,2016-12-07,2016,group_stage,Normal Time,,,3,H,5,5,0,
Juventus,Dinamo Zagreb,2,0,2016-12-07,2016,group_stage,Normal Time,,,3,H,2,2,0,
Olympique Lyonnais,Sevilla FC,0,0,2016-12-07,2016,group_stage,Normal Time,,,3,D,0,0,0,
Benfica,Borussia Dortmund,1,0,2017-02-14,2017,round_of_16,Normal Time,,,5,H,1,1,0,
Paris Saint-Germain,FC Barcelona,4,0,2017-02-14,2017,round_of_16,Normal Time,,,5,H,4,4,0,
Real Madrid,SSC Napoli,3,1,2017-02-15,2017,round_of_16,Normal Time,,,5,H,4,2,1,
Bayern Munich,Arsenal FC,5,1,2017-02-15,2017,round_of_16,Normal Time,,,5,H,6,4,1,
Manchester City,AS Monaco,5,3,2017-02-21,2017,round_of_16,Normal Time,,,5,H,8,2,1,
Bayer Leverkusen,Atlético Madrid,2,4,2017-02-21,2017,round_of_16,Normal Time,,,5,A,6,-2,1,
FC Porto,Juventus,0,2,2017-02-22,2017,round_of_16,Normal Time,,,5,A,2,-2,0,
Sevilla FC,Leicester City,2,1,2017-02-22,2017,round_of_16,Normal Time,,,5,H,3,1,1,
SSC Napoli,Real Madrid,1,3,2017-03-07,2017,round_of_16,Normal Time,,,5,A,4,-2,1,
Arsenal FC,Bayern Munich,1,5,2017-03-07,2017,round_of_16,Normal Time,,,5,A,6,-4,1,
Borussia Dortmund,Benfica,4,0,2017-03-08,2017,round_of_16,Normal Time,,,5,H,4,4,0,
FC Barcelona,Paris Saint-Germain,6,1,2017-03-08,2017,round_of_16,Normal Time,,,5,H,7,5,1,
Juventus,FC Porto,1,0,2017-03-14,2017,round_of_16,Normal Time,,,5,H,1,1,0,
Leicester City,Sevilla FC,2,0,2017-03-14,2017,round_of_16,Normal Time,,,5,H,2,2,0,
AS Monaco,Manchester City,3,1,2017-03-15,2017,round_of_16,Normal Time,,,5,H,4,2,1,
Atlético Madrid,Bayer Leverkusen,0,0,2017-03-15,2017,round_of_16,Normal Time,,,5,D,0,0,0,
Juventus,FC Barcelona,3,0,2017-04-11,2017,quarterfinal,Normal Time,,,6,H,3,3,0,
Borussia Dortmund,AS Monaco,2,3,2017-04-12,2017,quarterfinal,Normal Time,,,6,A,5,-1,1,
Atlético Madrid,Leicester City,1,0,2017-04-12,2017,quarterfinal,Normal Time,,,6,H,1,1,0,
Bayern Munich,Real Madrid,1,2,2017-04-12,2017,quarterfinal,Normal Time,,,6,A,3,-1,1,
Leicester City,Atlético Madrid,1,1,2017-04-18,2017,quarterfinal,Normal Time,,,6,D,2,0,1,
Real Madrid,Bayern Munich,1,2,2017-04-18,2017,quarterfinal,Extra Time,,,6,A,3,-1,1,
FC Barcelona,Juventus,0,0,2017-04-19,2017,quarterfinal,Normal Time,,,6,D,0,0,0,
AS Monaco,Borussia Dortmund,3,1,2017-04-19,2017,quarterfinal,Normal Time,,,6,H,4,2,1,
Real Madrid,Atlético Madrid,3,0,2017-05-02,2017,semifinal,Normal Time,,,7,H,3,3,0,
AS Monaco,Juventus,0,2,2017-05-03,2017,semifinal,Normal Time,,,7,A,2,-2,0,
Juventus,AS Monaco,2,1,2017-05-09,2017,semifinal,Normal Time,,,7,H,3,1,1,
Atlético Madrid,Real Madrid,2,1,2017-05-10,2017,semifinal,Normal Time,,,7,H,3,1,1,
Juventus,Real Madrid,1,4,2017-06-03,2017,final,Normal Time,,,8,A,5,-3,1,
Manchester United,FC Basel 1893,3,0,2017-09-12,2017,group_stage,Normal Time,,,3,H,3,3,0,
Benfica,CSKA Moskva,1,2,2017-09-12,2017,group_stage,Normal Time,,,3,A,3,-1,1,
Bayern Munich,RSC Anderlecht,3,0,2017-09-12,2017,group_stage,Normal Time,,,3,H,3,3,0,
Celtic FC,Paris Saint-Germain,0,5,2017-09-12,2017,group_stage,Normal Time,,,3,A,5,-5,0,
AS Roma,Atlético Madrid,0,0,2017-09-12,2017,group_stage,Normal Time,,,3,D,0,0,0,
Chelsea FC,Qarabağ FK,6,0,2017-09-12,2017,group_stage,Normal Time,,,3,H,6,6,0,
FC Barcelona,Juventus,3,0,2017-09-12,2017,group_stage,Normal Time,,,3,H,3,3,0,
Olympiacos,Sporting CP,2,3,2017-09-12,2017,group_stage,Normal Time,,,3,A,5,-1,1,
Liverpool FC,Sevilla FC,2,2,2017-09-13,2017,group_stage,Normal Time,,,3,D,4,0,1,
NK Maribor,Spartak Moskva,1,1,2017-09-13,2017,group_stage,Normal Time,,,3,D,2,0,1,
Shakhtar Donetsk,SSC Napoli,2,1,2017-09-13,2017,group_stage,Normal Time,,,3,H,3,1,1,
Feyenoord,Manchester City,0,4,2017-09-13,2017,group_stage,Normal Time,,,3,A,4,-4,0,
FC Porto,Beşiktaş,1,3,2017-09-13,2017,group_stage,Normal Time,,,3,A,4,-2,1,
RB Leipzig,AS Monaco,1,1,2017-09-13,2017,group_stage,Normal Time,,,3,D,2,0,1,
Tottenham Hotspur,Borussia Dortmund,3,1,2017-09-13,2017,group_stage,Normal Time,,,3,H,4,2,1,
Real Madrid,APOEL Nikosia,3,0,2017-09-13,2017,group_stage,Normal Time,,,3,H,3,3,0,
Spartak Moskva,Liverpool FC,1,1,2017-09-26,2017,group_stage,Normal Time,,,3,D,2,0,1,
Sevilla FC,NK Maribor,3,0,2017-09-26,2017,group_stage,Normal Time,,,3,H,3,3,0,
Manchester City,Shakhtar Donetsk,2,0,2017-09-26,2017,group_stage,Normal Time,,,3,H,2,2,0,
SSC Napoli,Feyenoord,3,1,2017-09-26,2017,group_stage,Normal Time,,,3,H,4,2,1,
AS Monaco,FC Porto,0,3,2017-09-26,2017,group_stage,Normal Time,,,3,A,3,-3,0,
Beşiktaş,RB Leipzig,2,0,2017-09-26,2017,group_stage,Normal Time,,,3,H,2,2,0,
Borussia Dortmund,Real Madrid,1,3,2017-09-26,2017,group_stage,Normal Time,,,3,A,4,-2,1,
APOEL Nikosia,Tottenham Hotspur,0,3,2017-09-26,2017,group_stage,Normal Time,,,3,A,3,-3,0,
Qarabağ FK,AS Roma,1,2,2017-09-27,2017,group_stage,Normal Time,,,3,A,3,-1,1,
FC Basel 1893,Benfica,5,0,2017-09-27,2017,group_stage,Normal Time,,,3,H,5,5,0,
CSKA Moskva,Manchester United,1,4,2017-09-27,2017,group_stage,Normal Time,,,3,A,5,-3,1,
Paris Saint-Germain,Bayern Munich,3,0,2017-09-27,2017,group_stage,Normal Time,,,3,H,3,3,0,
RSC Anderlecht,Celtic FC,0,3,2017-09-27,2017,group_stage,Normal Time,,,3,A,3,-3,0,
Atlético Madrid,Chelsea FC,1,2,2017-09-27,2017,group_stage,Normal Time,,,3,A,3,-1,1,
Juventus,Olympiacos,2,0,2017-09-27,2017,group_stage,Normal Time,,,3,H,2,2,0,
Sporting CP,FC Barcelona,0,1,2017-09-27,2017,group_stage,Normal Time,,,3,A,1,-1,0,
Spartak Moskva,Sevilla FC,5,1,2017-10-17,2017,group_stage,Normal Time,,,3,H,6,4,1,
NK Maribor,Liverpool FC,0,7,2017-10-17,2017,group_stage,Normal Time,,,3,A,7,-7,0,
Manchester City,SSC Napoli,2,1,2017-10-17,2017,group_stage,Normal Time,,,3,H,3,1,1,
Feyenoord,Shakhtar Donetsk,1,2,2017-10-17,2017,group_stage,Normal Time,,,3,A,3,-1,1,
AS Monaco,Beşiktaş,1,2,2017-10-17,2017,group_stage,Normal Time,,,3,A,3,-1,1,
RB Leipzig,FC Porto,3,2,2017-10-17,2017,group_stage,Normal Time,,,3,H,5,1,1,
Real Madrid,Tottenham Hotspur,1,1,2017-10-17,2017,group_stage,Normal Time,,,3,D,2,0,1,
APOEL Nikosia,Borussia Dortmund,1,1,2017-10-17,2017,group_stage,Normal Time,,,3,D,2,0,1,
Qarabağ FK,Atlético Madrid,0,0,2017-10-18,2017,group_stage,Normal Time,,,3,D,0,0,0,
Benfica,Manchester United,0,1,2017-10-18,2017,group_stage,Normal Time,,,3,A,1,-1,0,
CSKA Moskva,FC Basel 1893,0,2,2017-10-18,2017,group_stage,Normal Time,,,3,A,2,-2,0,
RSC Anderlecht,Paris Saint-Germain,0,4,2017-10-18,2017,group_stage,Normal Time,,,3,A,4,-4,0,
Bayern Munich,Celtic FC,3,0,2017-10-18,2017,group_stage,Normal Time,,,3,H,3,3,0,
Chelsea FC,AS Roma,3,3,2017-10-18,2017,group_stage,Normal Time,,,3,D,6,0,1,
FC Barcelona,Olympiacos,3,1,2017-10-18,2017,group_stage,Normal Time,,,3,H,4,2,1,
Juventus,Sporting CP,2,1,2017-10-18,2017,group_stage,Normal Time,,,3,H,3,1,1,
Manchester United,Benfica,2,0,2017-10-31,2017,group_stage,Normal Time,,,3,H,2,2,0,
FC Basel 1893,CSKA Moskva,1,2,2017-10-31,2017,group_stage,Normal Time,,,3,A,3,-1,1,
Paris Saint-Germain,RSC Anderlecht,5,0,2017-10-31,2017,group_stage,Normal Time,,,3,H,5,5,0,
Celtic FC,Bayern Munich,1,2,2017-10-31,2017,group_stage,Normal Time,,,3,A,3,-1,1,
AS Roma,Chelsea FC,3,0,2017-10-31,2017,group_stage,Normal Time,,,3,H,3,3,0,
Atlético Madrid,Qarabağ FK,1,1,2017-10-31,2017,group_stage,Normal Time,,,3,D,2,0,1,
Olympiacos,FC Barcelona,0,0,2017-10-31,2017,group_stage,Normal Time,,,3,D,0,0,0,
Sporting CP,Juventus,1,1,2017-10-31,2017,group_stage,Normal Time,,,3,D,2,0,1,
Beşiktaş,AS Monaco,1,1,2017-11-01,2017,group_stage,Normal Time,,,3,D,2,0,1,
Sevilla FC,Spartak Moskva,2,1,2017-11-01,2017,group_stage,Normal Time,,,3,H,3,1,1,
Liverpool FC,NK Maribor,3,0,2017-11-01,2017,group_stage,Normal Time,,,3,H,3,3,0,
SSC Napoli,Manchester City,2,4,2017-11-01,2017,group_stage,Normal Time,,,3,A,6,-2,1,
Shakhtar Donetsk,Feyenoord,3,1,2017-11-01,2017,group_stage,Normal Time,,,3,H,4,2,1,
FC Porto,RB Leipzig,3,1,2017-11-01,2017,group_stage,Normal Time,,,3,H,4,2,1,
Tottenham Hotspur,Real Madrid,3,1,2017-11-01,2017,group_stage,Normal Time,,,3,H,4,2,1,
Borussia Dortmund,APOEL Nikosia,1,1,2017-11-01,2017,group_stage,Normal Time,,,3,D,2,0,1,
Spartak Moskva,NK Maribor,1,1,2017-11-21,2017,group_stage,Normal Time,,,3,D,2,0,1,
Beşiktaş,FC Porto,1,1,2017-11-21,2017,group_stage,Normal Time,,,3,D,2,0,1,
Sevilla FC,Liverpool FC,3,3,2017-11-21,2017,group_stage,Normal Time,,,3,D,6,0,1,
SSC Napoli,Shakhtar Donetsk,3,0,2017-11-21,2017,group_stage,Normal Time,,,3,H,3,3,0,
Manchester City,Feyenoord,1,0,2017-11-21,2017,group_stage,Normal Time,,,3,H,1,1,0,
AS Monaco,RB Leipzig,1,4,2017-11-21,2017,group_stage,Normal Time,,,3,A,5,-3,1,
Borussia Dortmund,Tottenham Hotspur,1,2,2017-11-21,2017,group_stage,Normal Time,,,3,A,3,-1,1,
APOEL Nikosia,Real Madrid,0,6,2017-11-21,2017,group_stage,Normal Time,,,3,A,6,-6,0,
CSKA Moskva,Benfica,2,0,2017-11-22,2017,group_stage,Normal Time,,,3,H,2,2,0,
Qarabağ FK,Chelsea FC,0,4,2017-11-22,2017,group_stage,Normal Time,,,3,A,4,-4,0,
FC Basel 1893,Manchester United,1,0,2017-11-22,2017,group_stage,Normal Time,,,3,H,1,1,0,
RSC Anderlecht,Bayern Munich,1,2,2017-11-22,2017,group_stage,Normal Time,,,3,A,3,-1,1,
Paris Saint-Germain,Celtic FC,7,1,2017-11-22,2017,group_stage,Normal Time,,,3,H,8,6,1,
Atlético Madrid,AS Roma,2,0,2017-11-22,2017,group_stage,Normal Time,,,3,H,2,2,0,
Juventus,FC Barcelona,0,0,2017-11-22,2017,group_stage,Normal Time,,,3,D,0,0,0,
Sporting CP,Olympiacos,3,1,2017-11-22,2017,group_stage,Normal Time,,,3,H,4,2,1,
Benfica,FC Basel 1893,0,2,2017-12-05,2017,group_stage,Normal Time,,,3,A,2,-2,0,
Manchester United,CSKA Moskva,2,1,2017-12-05,2017,group_stage,Normal Time,,,3,H,3,1,1,
Bayern Munich,Paris Saint-Germain,3,1,2017-12-05,2017,group_stage,Normal Time,,,3,H,4,2,1,
Celtic FC,RSC Anderlecht,0,1,2017-12-05,2017,group_stage,Normal Time,,,3,A,1,-1,0,
Chelsea FC,Atlético Madrid,1,1,2017-12-05,2017,group_stage,Normal Time,,,3,D,2,0,1,
AS Roma,Qarabağ FK,1,0,2017-12-05,2017,group_stage,Normal Time,,,3,H,1,1,0,
FC Barcelona,Sporting CP,2,0,2017-12-05,2017,group_stage,Normal Time,,,3,H,2,2,0,
Olympiacos,Juventus,0,2,2017-12-05,2017,group_stage,Normal Time,,,3,A,2,-2,0,
Liverpool FC,Spartak Moskva,7,0,2017-12-06,2017,group_stage,Normal Time,,,3,H,7,7,0,
NK Maribor,Sevilla FC,1,1,2017-12-06,2017,group_stage,Normal Time,,,3,D,2,0,1,
Shakhtar Donetsk,Manchester City,2,1,2017-12-06,2017,group_stage,Normal Time,,,3,H,3,1,1,
Feyenoord,SSC Napoli,2,1,2017-12-06,2017,group_stage,Normal Time,,,3,H,3,1,1,
FC Porto,AS Monaco,5,2,2017-12-06,2017,group_stage,Normal Time,,,3,H,7,3,1,
RB Leipzig,Beşiktaş,1,2,2017-12-06,2017,group_stage,Normal Time,,,3,A,3,-1,1,
Real Madrid,Borussia Dortmund,3,2,2017-12-06,2017,group_stage,Normal Time,,,3,H,5,1,1,
Tottenham Hotspur,APOEL Nikosia,3,0,2017-12-06,2017,group_stage,Normal Time,,,3,H,3,3,0,
Juventus,Tottenham Hotspur,2,2,2018-02-13,2018,round_of_16,Normal Time,,,5,D,4,0,1,
FC Basel 1893,Manchester City,0,4,2018-02-13,2018,round_of_16,Normal Time,,,5,A,4,-4,0,
FC Porto,Liverpool FC,0,5,2018-02-14,2018,round_of_16,Normal Time,,,5,A,5,-5,0,
Real Madrid,Paris Saint-Germain,3,1,2018-02-14,2018,round_of_16,Normal Time,,,5,H,4,2,1,
Chelsea FC,FC Barcelona,1,1,2018-02-20,2018,round_of_16,Normal Time,,,5,D,2,0,1,
Bayern Munich,Beşiktaş,5,0,2018-02-20,2018,round_of_16,Normal Time,,,5,H,5,5,0,
Sevilla FC,Manchester United,0,0,2018-02-21,2018,round_of_16,Normal Time,,,5,D,0,0,0,
Shakhtar Donetsk,AS Roma,2,1,2018-02-21,2018,round_of_16,Normal Time,,,5,H,3,1,1,
Liverpool FC,FC Porto,0,0,2018-03-06,2018,round_of_16,Normal Time,,,5,D,0,0,0,
Paris Saint-Germain,Real Madrid,1,2,2018-03-06,2018,round_of_16,Normal Time,,,5,A,3,-1,1,
Tottenham Hotspur,Juventus,1,2,2018-03-07,2018,round_of_16,Normal Time,,,5,A,3,-1,1,
Manchester City,FC Basel 1893,1,2,2018-03-07,2018,round_of_16,Normal Time,,,5,A,3,-1,1,
Manchester United,Sevilla FC,1,2,2018-03-13,2018,round_of_16,Normal Time,,,5,A,3,-1,1,
AS Roma,Shakhtar Donetsk,1,0,2018-03-13,2018,round_of_16,Normal Time,,,5,H,1,1,0,
Beşiktaş,Bayern Munich,1,3,2018-03-14,2018,round_of_16,Normal Time,,,5,A,4,-2,1,
FC Barcelona,Chelsea FC,3,0,2018-03-14,2018,round_of_16,Normal Time,,,5,H,3,3,0,
Sevilla FC,Bayern Munich,1,2,2018-04-03,2018,quarterfinal,Normal Time,,,6,A,3,-1,1,
Juventus,Real Madrid,0,3,2018-04-03,2018,quarterfinal,Normal Time,,,6,A,3,-3,0,
FC Barcelona,AS Roma,4,1,2018-04-04,2018,quarterfinal,Normal Time,,,6,H,5,3,1,
Liverpool FC,Manchester City,3,0,2018-04-04,2018,quarterfinal,Normal Time,,,6,H,3,3,0,
AS Roma,FC Barcelona,3,0,2018-04-10,2018,quarterfinal,Normal Time,,,6,H,3,3,0,
Manchester City,Liverpool FC,1,2,2018-04-10,2018,quarterfinal,Normal Time,,,6,A,3,-1,1,
Bayern Munich,Sevilla FC,0,0,2018-04-11,2018,quarterfinal,Normal Time,,,6,D,0,0,0,
Real Madrid,Juventus,1,3,2018-04-11,2018,quarterfinal,Normal Time,,,6,A,4,-2,1,
Liverpool FC,AS Roma,5,2,2018-04-24,2018,semifinal,Normal Time,,,7,H,7,3,1,
Bayern Munich,Real Madrid,1,2,2018-04-25,2018,semifinal,Normal Time,,,7,A,3,-1,1,
Real Madrid,Bayern Munich,2,2,2018-05-01,2018,semifinal,Normal Time,,,7,D,4,0,1,
AS Roma,Liverpool FC,4,2,2018-05-02,2018,semifinal,Normal Time,,,7,H,6,2,1,
Real Madrid,Liverpool FC,3,1,2018-05-26,2018,final,Normal Time,,,8,H,4,2,1,
FC Barcelona,PSV Eindhoven,4,0,2018-09-18,2018,group_stage,Normal Time,,,3,H,4,4,0,
Inter Milan,Tottenham Hotspur,2,1,2018-09-18,2018,group_stage,Normal Time,,,3,H,3,1,1,
AS Monaco,Atlético Madrid,1,2,2018-09-18,2018,group_stage,Normal Time,,,3,A,3,-1,1,
Club Brugge KV,Borussia Dortmund,0,1,2018-09-18,2018,group_stage,Normal Time,,,3,A,1,-1,0,
Liverpool FC,Paris Saint-Germain,3,2,2018-09-18,2018,group_stage,Normal Time,,,3,H,5,1,1,
Crvena Zvezda,SSC Napoli,0,0,2018-09-18,2018,group_stage,Normal Time,,,3,D,0,0,0,
FC Schalke 04,FC Porto,1,1,2018-09-18,2018,group_stage,Normal Time,,,3,D,2,0,1,
Galatasaray,Lokomotiv Moskva,3,0,2018-09-18,2018,group_stage,Normal Time,,,3,H,3,3,0,
AFC Ajax,AEK Athen,3,0,2018-09-19,2018,group_stage,Normal Time,,,3,H,3,3,0,
Shakhtar Donetsk,1899 Hoffenheim,2,2,2018-09-19,2018,group_stage,Normal Time,,,3,D,4,0,1,
Benfica,Bayern Munich,0,2,2018-09-19,2018,group_stage,Normal Time,,,3,A,2,-2,0,
Manchester City,Olympique Lyonnais,1,2,2018-09-19,2018,group_stage,Normal Time,,,3,A,3,-1,1,
Real Madrid,AS Roma,3,0,2018-09-19,2018,group_stage,Normal Time,,,3,H,3,3,0,
Viktoria Plzeň,CSKA Moskva,2,2,2018-09-19,2018,group_stage,Normal Time,,,3,D,4,0,1,
Valencia CF,Juventus,0,2,2018-09-19,2018,group_stage,Normal Time,,,3,A,2,-2,0,
BSC Young Boys,Manchester United,0,3,2018-09-19,2018,group_stage,Normal Time,,,3,A,3,-3,0,
1899 Hoffenheim,Manchester City,1,2,2018-10-02,2018,group_stage,Normal Time,,,3,A,3,-1,1,
Juventus,BSC Young Boys,3,0,2018-10-02,2018,group_stage,Normal Time,,,3,H,3,3,0,
Bayern Munich,AFC Ajax,1,1,2018-10-02,2018,group_stage,Normal Time,,,3,D,2,0,1,
AEK Athen,Benfica,2,3,2018-10-02,2018,group_stage,Normal Time,,,3,A,5,-1,1,
Olympique Lyonnais,Shakhtar Donetsk,2,2,2018-10-02,2018,group_stage,Normal Time,,,3,D,4,0,1,
CSKA Moskva,Real Madrid,1,0,2018-10-02,2018,group_stage,Normal Time,,,3,H,1,1,0,
AS Roma,Viktoria Plzeň,5,0,2018-10-02,2018,group_stage,Normal Time,,,3,H,5,5,0,
Manchester United,Valencia CF,0,0,2018-10-02,2018,group_stage,Normal Time,,,3,D,0,0,0,
Paris Saint-Germain,Crvena Zvezda,6,1,2018-10-03,2018,group_stage,Normal Time,,,3,H,7,5,1,
Lokomotiv Moskva,FC Schalke 04,0,1,2018-10-03,2018,group_stage,Normal Time,,,3,A,1,-1,0,
Borussia Dortmund,AS Monaco,3,0,2018-10-03,2018,group_stage,Normal Time,,,3,H,3,3,0,
Atlético Madrid,Club Brugge KV,3,1,2018-10-03,2018,group_stage,Normal Time,,,3,H,4,2,1,
Tottenham Hotspur,FC Barcelona,2,4,2018-10-03,2018,group_stage,Normal Time,,,3,A,6,-2,1,
PSV Eindhoven,Inter Milan,1,2,2018-10-03,2018,group_stage,Normal Time,,,3,A,3,-1,1,
SSC Napoli,Liverpool FC,1,0,2018-10-03,2018,group_stage,Normal Time,,,3,H,1,1,0,
FC Porto,Galatasaray,1,0,2018-10-03,2018,group_stage,Normal Time,,,3,H,1,1,0,
AEK Athen,Bayern Munich,0,2,2018-10-23,2018,group_stage,Normal Time,,,3,A,2,-2,0,
BSC Young Boys,Valencia CF,1,1,2018-10-23,2018,group_stage,Normal Time,,,3,D,2,0,1,
AFC Ajax,Benfica,1,0,2018-10-23,2018,group_stage,Normal Time,,,3,H,1,1,0,
Shakhtar Donetsk,Manchester City,0,3,2018-10-23,2018,group_stage,Normal Time,,,3,A,3,-3,0,
1899 Hoffenheim,Olympique Lyonnais,3,3,2018-10-23,2018,group_stage,Normal Time,,,3,D,6,0,1,
AS Roma,CSKA Moskva,3,0,2018-10-23,2018,group_stage,Normal Time,,,3,H,3,3,0,
Real Madrid,Viktoria Plzeň,2,1,2018-10-23,2018,group_stage,Normal Time,,,3,H,3,1,1,
Manchester United,Juventus,0,1,2018-10-23,2018,group_stage,Normal Time,,,3,A,1,-1,0,
Club Brugge KV,AS Monaco,1,1,2018-10-24,2018,group_stage,Normal Time,,,3,D,2,0,1,
PSV Eindhoven,Tottenham Hotspur,2,2,2018-10-24,2018,group_stage,Normal Time,,,3,D,4,0,1,
Borussia Dortmund,Atlético Madrid,4,0,2018-10-24,2018,group_stage,Normal Time,,,3,H,4,4,0,
FC Barcelona,Inter Milan,2,0,2018-10-24,2018,group_stage,Normal Time,,,3,H,2,2,0,
Paris Saint-Germain,SSC Napoli,2,2,2018-10-24,2018,group_stage,Normal Time,,,3,D,4,0,1,
Liverpool FC,Crvena Zvezda,4,0,2018-10-24,2018,group_stage,Normal Time,,,3,H,4,4,0,
Lokomotiv Moskva,FC Porto,1,3,2018-10-24,2018,group_stage,Normal Time,,,3,A,4,-2,1,
Galatasaray,FC Schalke 04,0,0,2018-10-24,2018,group_stage,Normal Time,,,3,D,0,0,0,
AS Monaco,Club Brugge KV,0,4,2018-11-06,2018,group_stage,Normal Time,,,3,A,4,-4,0,
Crvena Zvezda,Liverpool FC,2,0,2018-11-06,2018,group_stage,Normal Time,,,3,H,2,2,0,
Atlético Madrid,Borussia Dortmund,2,0,2018-11-06,2018,group_stage,Normal Time,,,3,H,2,2,0,
Tottenham Hotspur,PSV Eindhoven,2,1,2018-11-06,2018,group_stage,Normal Time,,,3,H,3,1,1,
Inter Milan,FC Barcelona,1,1,2018-11-06,2018,group_stage,Normal Time,,,3,D,2,0,1,
SSC Napoli,Paris Saint-Germain,1,1,2018-11-06,2018,group_stage,Normal Time,,,3,D,2,0,1,
FC Porto,Lokomotiv Moskva,4,1,2018-11-06,2018,group_stage,Normal Time,,,3,H,5,3,1,
FC Schalke 04,Galatasaray,2,0,2018-11-06,2018,group_stage,Normal Time,,,3,H,2,2,0,
CSKA Moskva,AS Roma,1,2,2018-11-07,2018,group_stage,Normal Time,,,3,A,3,-1,1,
Valencia CF,BSC Young Boys,3,1,2018-11-07,2018,group_stage,Normal Time,,,3,H,4,2,1,
Benfica,AFC Ajax,1,1,2018-11-07,2018,group_stage,Normal Time,,,3,D,2,0,1,
Bayern Munich,AEK Athen,2,0,2018-11-07,2018,group_stage,Normal Time,,,3,H,2,2,0,
Manchester City,Shakhtar Donetsk,6,0,2018-11-07,2018,group_stage,Normal Time,,,3,H,6,6,0,
Olympique Lyonnais,1899 Hoffenheim,2,2,2018-11-07,2018,group_stage,Normal Time,,,3,D,4,0,1,
Viktoria Plzeň,Real Madrid,0,5,2018-11-07,2018,group_stage,Normal Time,,,3,A,5,-5,0,
Juventus,Manchester United,1,2,2018-11-07,2018,group_stage,Normal Time,,,3,A,3,-1,1,
AEK Athen,AFC Ajax,0,2,2018-11-27,2018,group_stage,Normal Time,,,3,A,2,-2,0,
CSKA Moskva,Viktoria Plzeň,1,2,2018-11-27,2018,group_stage,Normal Time,,,3,A,3,-1,1,
Bayern Munich,Benfica,5,1,2018-11-27,2018,group_stage,Normal Time,,,3,H,6,4,1,
Olympique Lyonnais,Manchester City,2,2,2018-11-27,2018,group_stage,Normal Time,,,3,D,4,0,1,
1899 Hoffenheim,Shakhtar Donetsk,2,3,2018-11-27,2018,group_stage,Normal Time,,,3,A,5,-1,1,
AS Roma,Real Madrid,0,2,2018-11-27,2018,group_stage,Normal Time,,,3,A,2,-2,0,
Juventus,Valencia CF,1,0,2018-11-27,2018,group_stage,Normal Time,,,3,H,1,1,0,
Manchester United,BSC Young Boys,1,0,2018-11-27,2018,group_stage,Normal Time,,,3,H,1,1,0,
Atlético Madrid,AS Monaco,2,0,2018-11-28,2018,group_stage,Normal Time,,,3,H,2,2,0,
Lokomotiv Moskva,Galatasaray,2,0,2018-11-28,2018,group_stage,Normal Time,,,3,H,2,2,0,
Borussia Dortmund,Club Brugge KV,0,0,2018-11-28,2018,group_stage,Normal Time,,,3,D,0,0,0,
PSV Eindhoven,FC Barcelona,1,2,2018-11-28,2018,group_stage,Normal Time,,,3,A,3,-1,1,
Tottenham Hotspur,Inter Milan,1,0,2018-11-28,2018,group_stage,Normal Time,,,3,H,1,1,0,
Paris Saint-Germain,Liverpool FC,2,1,2018-11-28,2018,group_stage,Normal Time,,,3,H,3,1,1,
SSC Napoli,Crvena Zvezda,3,1,2018-11-28,2018,group_stage,Normal Time,,,3,H,4,2,1,
FC Porto,FC Schalke 04,3,1,2018-11-28,2018,group_stage,Normal Time,,,3,H,4,2,1,
FC Schalke 04,Lokomotiv Moskva,1,0,2018-12-11,2018,group_stage,Normal Time,,,3,H,1,1,0,
Galatasaray,FC Porto,2,3,2018-12-11,2018,group_stage,Normal Time,,,3,A,5,-1,1,
AS Monaco,Borussia Dortmund,0,2,2018-12-11,2018,group_stage,Normal Time,,,3,A,2,-2,0,
Club Brugge KV,Atlético Madrid,0,0,2018-12-11,2018,group_stage,Normal Time,,,3,D,0,0,0,
FC Barcelona,Tottenham Hotspur,1,1,2018-12-11,2018,group_stage,Normal Time,,,3,D,2,0,1,
Inter Milan,PSV Eindhoven,1,1,2018-12-11,2018,group_stage,Normal Time,,,3,D,2,0,1,
Liverpool FC,SSC Napoli,1,0,2018-12-11,2018,group_stage,Normal Time,,,3,H,1,1,0,
Crvena Zvezda,Paris Saint-Germain,1,4,2018-12-11,2018,group_stage,Normal Time,,,3,A,5,-3,1,
Real Madrid,CSKA Moskva,0,3,2018-12-12,2018,group_stage,Normal Time,,,3,A,3,-3,0,
Viktoria Plzeň,AS Roma,2,1,2018-12-12,2018,group_stage,Normal Time,,,3,H,3,1,1,
AFC Ajax,Bayern Munich,3,3,2018-12-12,2018,group_stage,Normal Time,,,3,D,6,0,1,
Benfica,AEK Athen,1,0,2018-12-12,2018,group_stage,Normal Time,,,3,H,1,1,0,
Shakhtar Donetsk,Olympique Lyonnais,1,1,2018-12-12,2018,group_stage,Normal Time,,,3,D,2,0,1,
Manchester City,1899 Hoffenheim,2,1,2018-12-12,2018,group_stage,Normal Time,,,3,H,3,1,1,
Valencia CF,Manchester United,2,1,2018-12-12,2018,group_stage,Normal Time,,,3,H,3,1,1,
BSC Young Boys,Juventus,2,1,2018-12-12,2018,group_stage,Normal Time,,,3,H,3,1,1,
Manchester United,Paris Saint-Germain,0,2,2019-02-12,2019,round_of_16,Normal Time,,,5,A,2,-2,0,
AS Roma,FC Porto,2,1,2019-02-12,2019,round_of_16,Normal Time,,,5,H,3,1,1,
Tottenham Hotspur,Borussia Dortmund,3,0,2019-02-13,2019,round_of_16,Normal Time,,,5,H,3,3,0,
AFC Ajax,Real Madrid,1,2,2019-02-13,2019,round_of_16,Normal Time,,,5,A,3,-1,1,
Olympique Lyonnais,FC Barcelona,0,0,2019-02-19,2019,round_of_16,Normal Time,,,5,D,0,0,0,
Liverpool FC,Bayern Munich,0,0,2019-02-19,2019,round_of_16,Normal Time,,,5,D,0,0,0,
FC Schalke 04,Manchester City,2,3,2019-02-20,2019,round_of_16,Normal Time,,,5,A,5,-1,1,
Atlético Madrid,Juventus,2,0,2019-02-20,2019,round_of_16,Normal Time,,,5,H,2,2,0,
Borussia Dortmund,Tottenham Hotspur,0,1,2019-03-05,2019,round_of_16,Normal Time,,,5,A,1,-1,0,
Real Madrid,AFC Ajax,1,4,2019-03-05,2019,round_of_16,Normal Time,,,5,A,5,-3,1,
Paris Saint-Germain,Manchester United,1,3,2019-03-06,2019,round_of_16,Normal Time,,,5,A,4,-2,1,
FC Porto,AS Roma,2,1,2019-03-06,2019,round_of_16,Extra Time,,,5,H,3,1,1,
Manchester City,FC Schalke 04,7,0,2019-03-12,2019,round_of_16,Normal Time,,,5,H,7,7,0,
Juventus,Atlético Madrid,3,0,2019-03-12,2019,round_of_16,Normal Time,,,5,H,3,3,0,
FC Barcelona,Olympique Lyonnais,5,1,2019-03-13,2019,round_of_16,Normal Time,,,5,H,6,4,1,
Bayern Munich,Liverpool FC,1,3,2019-03-13,2019,round_of_16,Normal Time,,,5,A,4,-2,1,
Liverpool FC,FC Porto,2,0,2019-04-09,2019,quarterfinal,Normal Time,,,6,H,2,2,0,
Tottenham Hotspur,Manchester City,1,0,2019-04-09,2019,quarterfinal,Normal Time,,,6,H,1,1,0,
AFC Ajax,Juventus,1,1,2019-04-10,2019,quarterfinal,Normal Time,,,6,D,2,0,1,
Manchester United,FC Barcelona,0,1,2019-04-10,2019,quarterfinal,Normal Time,,,6,A,1,-1,0,
Juventus,AFC Ajax,1,2,2019-04-16,2019,quarterfinal,Normal Time,,,6,A,3,-1,1,
FC Barcelona,Manchester United,3,0,2019-04-16,2019,quarterfinal,Normal Time,,,6,H,3,3,0,
FC Porto,Liverpool FC,1,4,2019-04-17,2019,quarterfinal,Normal Time,,,6,A,5,-3,1,
Manchester City,Tottenham Hotspur,4,3,2019-04-17,2019,quarterfinal,Normal Time,,,6,H,7,1,1,
Tottenham Hotspur,AFC Ajax,0,1,2019-04-30,2019,semifinal,Normal Time,,,7,A,1,-1,0,
FC Barcelona,Liverpool FC,3,0,2019-05-01,2019,semifinal,Normal Time,,,7,H,3,3,0,
Liverpool FC,FC Barcelona,4,0,2019-05-07,2019,semifinal,Normal Time,,,7,H,4,4,0,
AFC Ajax,Tottenham Hotspur,2,3,2019-05-08,2019,semifinal,Normal Time,,,7,A,5,-1,1,
Tottenham Hotspur,Liverpool FC,0,2,2019-06-01,2019,final,Normal Time,,,8,A,2,-2,0,
Manchester City,Real Madrid,2,1,2019-08-07,2019,round_of_16,Normal Time,,,5,H,3,1,1,
Juventus,Olympique Lyonnais,2,1,2019-08-07,2019,round_of_16,Normal Time,,,5,H,3,1,1,
Bayern Munich,Chelsea FC,4,1,2019-08-08,2019,round_of_16,Normal Time,,,5,H,5,3,1,
FC Barcelona,SSC Napoli,3,1,2019-08-08,2019,round_of_16,Normal Time,,,5,H,4,2,1,
Atalanta,Paris Saint-Germain,1,2,2019-08-12,2019,quarterfinal,Normal Time,,,6,A,3,-1,1,
RB Leipzig,Atlético Madrid,2,1,2019-08-13,2019,quarterfinal,Normal Time,,,6,H,3,1,1,
FC Barcelona,Bayern Munich,2,8,2019-08-14,2019,quarterfinal,Normal Time,,,6,A,10,-6,1,
Manchester City,Olympique Lyonnais,1,3,2019-08-15,2019,quarterfinal,Normal Time,,,6,A,4,-2,1,
RB Leipzig,Paris Saint-Germain,0,3,2019-08-18,2019,semifinal,Normal Time,,,7,A,3,-3,0,
Olympique Lyonnais,Bayern Munich,0,3,2019-08-19,2019,semifinal,Normal Time,,,7,A,3,-3,0,
Paris Saint-Germain,Bayern Munich,0,1,2019-08-23,2019,final,Normal Time,,,8,A,1,-1,0,
Inter Milan,Slavia Praha,1,1,2019-09-17,2019,group_stage,Normal Time,,,3,D,2,0,1,
Olympique Lyonnais,Zenit St. Petersburg,1,1,2019-09-17,2019,group_stage,Normal Time,,,3,D,2,0,1,
SSC Napoli,Liverpool FC,2,0,2019-09-17,2019,group_stage,Normal Time,,,3,H,2,2,0,
RB Salzburg,KRC Genk,6,2,2019-09-17,2019,group_stage,Normal Time,,,3,H,8,4,1,
Borussia Dortmund,FC Barcelona,0,0,2019-09-17,2019,group_stage,Normal Time,,,3,D,0,0,0,
Benfica,RB Leipzig,1,2,2019-09-17,2019,group_stage,Normal Time,,,3,A,3,-1,1,
Chelsea FC,Valencia CF,0,1,2019-09-17,2019,group_stage,Normal Time,,,3,A,1,-1,0,
AFC Ajax,Lille OSC,3,0,2019-09-17,2019,group_stage,Normal Time,,,3,H,3,3,0,
Club Brugge KV,Galatasaray,0,0,2019-09-18,2019,group_stage,Normal Time,,,3,D,0,0,0,
Olympiacos,Tottenham Hotspur,2,2,2019-09-18,2019,group_stage,Normal Time,,,3,D,4,0,1,
Paris Saint-Germain,Real Madrid,3,0,2019-09-18,2019,group_stage,Normal Time,,,3,H,3,3,0,
Bayern Munich,Crvena Zvezda,3,0,2019-09-18,2019,group_stage,Normal Time,,,3,H,3,3,0,
Shakhtar Donetsk,Manchester City,0,3,2019-09-18,2019,group_stage,Normal Time,,,3,A,3,-3,0,
Dinamo Zagreb,Atalanta,4,0,2019-09-18,2019,group_stage,Normal Time,,,3,H,4,4,0,
Atlético Madrid,Juventus,2,2,2019-09-18,2019,group_stage,Normal Time,,,3,D,4,0,1,
Bayer Leverkusen,Lokomotiv Moskva,1,2,2019-09-18,2019,group_stage,Normal Time,,,3,A,3,-1,1,
Real Madrid,Club Brugge KV,2,2,2019-10-01,2019,group_stage,Normal Time,,,3,D,4,0,1,
Atalanta,Shakhtar Donetsk,1,2,2019-10-01,2019,group_stage,Normal Time,,,3,A,3,-1,1,
Galatasaray,Paris Saint-Germain,0,1,2019-10-01,2019,group_stage,Normal Time,,,3,A,1,-1,0,
Tottenham Hotspur,Bayern Munich,2,7,2019-10-01,2019,group_stage,Normal Time,,,3,A,9,-5,1,
Crvena Zvezda,Olympiacos,3,1,2019-10-01,2019,group_stage,Normal Time,,,3,H,4,2,1,
Manchester City,Dinamo Zagreb,2,0,2019-10-01,2019,group_stage,Normal Time,,,3,H,2,2,0,
Juventus,Bayer Leverkusen,3,0,2019-10-01,2019,group_stage,Normal Time,,,3,H,3,3,0,
Lokomotiv Moskva,Atlético Madrid,0,2,2019-10-01,2019,group_stage,Normal Time,,,3,A,2,-2,0,
KRC Genk,SSC Napoli,0,0,2019-10-02,2019,group_stage,Normal Time,,,3,D,0,0,0,
Slavia Praha,Borussia Dortmund,0,2,2019-10-02,2019,group_stage,Normal Time,,,3,A,2,-2,0,
Liverpool FC,RB Salzburg,4,3,2019-10-02,2019,group_stage,Normal Time,,,3,H,7,1,1,
FC Barcelona,Inter Milan,2,1,2019-10-02,2019,group_stage,Normal Time,,,3,H,3,1,1,
Zenit St. Petersburg,Benfica,3,1,2019-10-02,2019,group_stage,Normal Time,,,3,H,4,2,1,
RB Leipzig,Olympique Lyonnais,0,2,2019-10-02,2019,group_stage,Normal Time,,,3,A,2,-2,0,
Valencia CF,AFC Ajax,0,3,2019-10-02,2019,group_stage,Normal Time,,,3,A,3,-3,0,
Lille OSC,Chelsea FC,1,2,2019-10-02,2019,group_stage,Normal Time,,,3,A,3,-1,1,
Shakhtar Donetsk,Dinamo Zagreb,2,2,2019-10-22,2019,group_stage,Normal Time,,,3,D,4,0,1,
Atlético Madrid,Bayer Leverkusen,1,0,2019-10-22,2019,group_stage,Normal Time,,,3,H,1,1,0,
Club Brugge KV,Paris Saint-Germain,0,5,2019-10-22,2019,group_stage,Normal Time,,,3,A,5,-5,0,
Galatasaray,Real Madrid,0,1,2019-10-22,2019,group_stage,Normal Time,,,3,A,1,-1,0,
Tottenham Hotspur,Crvena Zvezda,5,0,2019-10-22,2019,group_stage,Normal Time,,,3,H,5,5,0,
Olympiacos,Bayern Munich,2,3,2019-10-22,2019,group_stage,Normal Time,,,3,A,5,-1,1,
Manchester City,Atalanta,5,1,2019-10-22,2019,group_stage,Normal Time,,,3,H,6,4,1,
Juventus,Lokomotiv Moskva,2,1,2019-10-22,2019,group_stage,Normal Time,,,3,H,3,1,1,
RB Leipzig,Zenit St. Petersburg,2,1,2019-10-23,2019,group_stage,Normal Time,,,3,H,3,1,1,
AFC Ajax,Chelsea FC,0,1,2019-10-23,2019,group_stage,Normal Time,,,3,A,1,-1,0,
RB Salzburg,SSC Napoli,2,3,2019-10-23,2019,group_stage,Normal Time,,,3,A,5,-1,1,
KRC Genk,Liverpool FC,1,4,2019-10-23,2019,group_stage,Normal Time,,,3,A,5,-3,1,
Inter Milan,Borussia Dortmund,2,0,2019-10-23,2019,group_stage,Normal Time,,,3,H,2,2,0,
Slavia Praha,FC Barcelona,1,2,2019-10-23,2019,group_stage,Normal Time,,,3,A,3,-1,1,
Benfica,Olympique Lyonnais,2,1,2019-10-23,2019,group_stage,Normal Time,,,3,H,3,1,1,
Lille OSC,Valencia CF,1,1,2019-10-23,2019,group_stage,Normal Time,,,3,D,2,0,1,
FC Barcelona,Slavia Praha,0,0,2019-11-05,2019,group_stage,Normal Time,,,3,D,0,0,0,
Zenit St. Petersburg,RB Leipzig,0,2,2019-11-05,2019,group_stage,Normal Time,,,3,A,2,-2,0,
Liverpool FC,KRC Genk,2,1,2019-11-05,2019,group_stage,Normal Time,,,3,H,3,1,1,
SSC Napoli,RB Salzburg,1,1,2019-11-05,2019,group_stage,Normal Time,,,3,D,2,0,1,
Borussia Dortmund,Inter Milan,3,2,2019-11-05,2019,group_stage,Normal Time,,,3,H,5,1,1,
Olympique Lyonnais,Benfica,3,1,2019-11-05,2019,group_stage,Normal Time,,,3,H,4,2,1,
Chelsea FC,AFC Ajax,4,4,2019-11-05,2019,group_stage,Normal Time,,,3,D,8,0,1,
Valencia CF,Lille OSC,4,1,2019-11-05,2019,group_stage,Normal Time,,,3,H,5,3,1,
Bayern Munich,Olympiacos,2,0,2019-11-06,2019,group_stage,Normal Time,,,3,H,2,2,0,
Lokomotiv Moskva,Juventus,1,2,2019-11-06,2019,group_stage,Normal Time,,,3,A,3,-1,1,
Paris Saint-Germain,Club Brugge KV,1,0,2019-11-06,2019,group_stage,Normal Time,,,3,H,1,1,0,
Real Madrid,Galatasaray,6,0,2019-11-06,2019,group_stage,Normal Time,,,3,H,6,6,0,
Crvena Zvezda,Tottenham Hotspur,0,4,2019-11-06,2019,group_stage,Normal Time,,,3,A,4,-4,0,
Dinamo Zagreb,Shakhtar Donetsk,3,3,2019-11-06,2019,group_stage,Normal Time,,,3,D,6,0,1,
Atalanta,Manchester City,1,1,2019-11-06,2019,group_stage,Normal Time,,,3,D,2,0,1,
Bayer Leverkusen,Atlético Madrid,2,1,2019-11-06,2019,group_stage,Normal Time,,,3,H,3,1,1,
Galatasaray,Club Brugge KV,1,1,2019-11-26,2019,group_stage,Normal Time,,,3,D,2,0,1,
Lokomotiv Moskva,Bayer Leverkusen,0,2,2019-11-26,2019,group_stage,Normal Time,,,3,A,2,-2,0,
Real Madrid,Paris Saint-Germain,2,2,2019-11-26,2019,group_stage,Normal Time,,,3,D,4,0,1,
Tottenham Hotspur,Olympiacos,4,2,2019-11-26,2019,group_stage,Normal Time,,,3,H,6,2,1,
Crvena Zvezda,Bayern Munich,0,6,2019-11-26,2019,group_stage,Normal Time,,,3,A,6,-6,0,
Manchester City,Shakhtar Donetsk,1,1,2019-11-26,2019,group_stage,Normal Time,,,3,D,2,0,1,
Atalanta,Dinamo Zagreb,2,0,2019-11-26,2019,group_stage,Normal Time,,,3,H,2,2,0,
Juventus,Atlético Madrid,1,0,2019-11-26,2019,group_stage,Normal Time,,,3,H,1,1,0,
Zenit St. Petersburg,Olympique Lyonnais,2,0,2019-11-27,2019,group_stage,Normal Time,,,3,H,2,2,0,
Valencia CF,Chelsea FC,2,2,2019-11-27,2019,group_stage,Normal Time,,,3,D,4,0,1,
Liverpool FC,SSC Napoli,1,1,2019-11-27,2019,group_stage,Normal Time,,,3,D,2,0,1,
KRC Genk,RB Salzburg,1,4,2019-11-27,2019,group_stage,Normal Time,,,3,A,5,-3,1,
FC Barcelona,Borussia Dortmund,3,1,2019-11-27,2019,group_stage,Normal Time,,,3,H,4,2,1,
Slavia Praha,Inter Milan,1,3,2019-11-27,2019,group_stage,Normal Time,,,3,A,4,-2,1,
RB Leipzig,Benfica,2,2,2019-11-27,2019,group_stage,Normal Time,,,3,D,4,0,1,
Lille OSC,AFC Ajax,0,2,2019-11-27,2019,group_stage,Normal Time,,,3,A,2,-2,0,
SSC Napoli,KRC Genk,4,0,2019-12-10,2019,group_stage,Normal Time,,,3,H,4,4,0,
RB Salzburg,Liverpool FC,0,2,2019-12-10,2019,group_stage,Normal Time,,,3,A,2,-2,0,
Borussia Dortmund,Slavia Praha,2,1,2019-12-10,2019,group_stage,Normal Time,,,3,H,3,1,1,
Inter Milan,FC Barcelona,1,2,2019-12-10,2019,group_stage,Normal Time,,,3,A,3,-1,1,
Benfica,Zenit St. Petersburg,3,0,2019-12-10,2019,group_stage,Normal Time,,,3,H,3,3,0,
Olympique Lyonnais,RB Leipzig,2,2,2019-12-10,2019,group_stage,Normal Time,,,3,D,4,0,1,
Chelsea FC,Lille OSC,2,1,2019-12-10,2019,group_stage,Normal Time,,,3,H,3,1,1,
AFC Ajax,Valencia CF,0,1,2019-12-10,2019,group_stage,Normal Time,,,3,A,1,-1,0,
Shakhtar Donetsk,Atalanta,0,3,2019-12-11,2019,group_stage,Normal Time,,,3,A,3,-3,0,
Dinamo Zagreb,Manchester City,1,4,2019-12-11,2019,group_stage,Normal Time,,,3,A,5,-3,1,
Paris Saint-Germain,Galatasaray,5,0,2019-12-11,2019,group_stage,Normal Time,,,3,H,5,5,0,
Club Brugge KV,Real Madrid,1,3,2019-12-11,2019,group_stage,Normal Time,,,3,A,4,-2,1,
Bayern Munich,Tottenham Hotspur,3,1,2019-12-11,2019,group_stage,Normal Time,,,3,H,4,2,1,
Olympiacos,Crvena Zvezda,1,0,2019-12-11,2019,group_stage,Normal Time,,,3,H,1,1,0,
Atlético Madrid,Lokomotiv Moskva,2,0,2019-12-11,2019,group_stage,Normal Time,,,3,H,2,2,0,
Bayer Leverkusen,Juventus,0,2,2019-12-11,2019,group_stage,Normal Time,,,3,A,2,-2,0,
Borussia Dortmund,Paris Saint-Germain,2,1,2020-02-18,2020,round_of_16,Normal Time,,,5,H,3,1,1,
Atlético Madrid,Liverpool FC,1,0,2020-02-18,2020,round_of_16,Normal Time,,,5,H,1,1,0,
Atalanta,Valencia CF,4,1,2020-02-19,2020,round_of_16,Normal Time,,,5,H,5,3,1,
Tottenham Hotspur,RB Leipzig,0,1,2020-02-19,2020,round_of_16,Normal Time,,,5,A,1,-1,0,
Chelsea FC,Bayern Munich,0,3,2020-02-25,2020,round_of_16,Normal Time,,,5,A,3,-3,0,
SSC Napoli,FC Barcelona,1,1,2020-02-25,2020,round_of_16,Normal Time,,,5,D,2,0,1,
Real Madrid,Manchester City,1,2,2020-02-26,2020,round_of_16,Normal Time,,,5,A,3,-1,1,
Olympique Lyonnais,Juventus,1,0,2020-02-26,2020,round_of_16,Normal Time,,,5,H,1,1,0,
Valencia CF,Atalanta,3,4,2020-03-10,2020,round_of_16,Normal Time,,,5,A,7,-1,1,
RB Leipzig,Tottenham Hotspur,3,0,2020-03-10,2020,round_of_16,Normal Time,,,5,H,3,3,0,
Paris Saint-Germain,Borussia Dortmund,2,0,2020-03-11,2020,round_of_16,Normal Time,,,5,H,2,2,0,
Liverpool FC,Atlético Madrid,1,0,2020-03-11,2020,round_of_16,Extra Time,,,5,H,1,1,0,
Zenit St. Petersburg,Club Brugge KV,1,2,2020-10-20,2020,group_stage,Normal Time,,,3,A,3,-1,1,
Dinamo Kiev,Juventus,0,2,2020-10-20,2020,group_stage,Normal Time,,,3,A,2,-2,0,
Chelsea FC,Sevilla FC,0,0,2020-10-20,2020,group_stage,Normal Time,,,3,D,0,0,0,
Stade Rennais,FK Krasnodar,1,1,2020-10-20,2020,group_stage,Normal Time,,,3,D,2,0,1,
Lazio,Borussia Dortmund,3,1,2020-10-20,2020,group_stage,Normal Time,,,3,H,4,2,1,
FC Barcelona,Ferencvárosi TC,5,1,2020-10-20,2020,group_stage,Normal Time,,,3,H,6,4,1,
RB Leipzig,İstanbul Başakşehir,2,0,2020-10-20,2020,group_stage,Normal Time,,,3,H,2,2,0,
Paris Saint-Germain,Manchester United,1,2,2020-10-20,2020,group_stage,Normal Time,,,3,A,3,-1,1,
RB Salzburg,Lokomotiv Moskva,2,2,2020-10-21,2020,group_stage,Normal Time,,,3,D,4,0,1,
Real Madrid,Shakhtar Donetsk,2,3,2020-10-21,2020,group_stage,Normal Time,,,3,A,5,-1,1,
Bayern Munich,Atlético Madrid,4,0,2020-10-21,2020,group_stage,Normal Time,,,3,H,4,4,0,
Inter Milan,Bor. Mönchengladbach,2,2,2020-10-21,2020,group_stage,Normal Time,,,3,D,4,0,1,
Manchester City,FC Porto,3,1,2020-10-21,2020,group_stage,Normal Time,,,3,H,4,2,1,
Olympiacos,Olympique Marseille,1,0,2020-10-21,2020,group_stage,Normal Time,,,3,H,1,1,0,
AFC Ajax,Liverpool FC,0,1,2020-10-21,2020,group_stage,Normal Time,,,3,A,1,-1,0,
FC Midtjylland,Atalanta,0,4,2020-10-21,2020,group_stage,Normal Time,,,3,A,4,-4,0,
Lokomotiv Moskva,Bayern Munich,1,2,2020-10-27,2020,group_stage,Normal Time,,,3,A,3,-1,1,
Shakhtar Donetsk,Inter Milan,0,0,2020-10-27,2020,group_stage,Normal Time,,,3,D,0,0,0,
Atlético Madrid,RB Salzburg,3,2,2020-10-27,2020,group_stage,Normal Time,,,3,H,5,1,1,
Bor. Mönchengladbach,Real Madrid,2,2,2020-10-27,2020,group_stage,Normal Time,,,3,D,4,0,1,
FC Porto,Olympiacos,2,0,2020-10-27,2020,group_stage,Normal Time,,,3,H,2,2,0,
Olympique Marseille,Manchester City,0,3,2020-10-27,2020,group_stage,Normal Time,,,3,A,3,-3,0,
Atalanta,AFC Ajax,2,2,2020-10-27,2020,group_stage,Normal Time,,,3,D,4,0,1,
Liverpool FC,FC Midtjylland,2,0,2020-10-27,2020,group_stage,Normal Time,,,3,H,2,2,0,
FK Krasnodar,Chelsea FC,0,4,2020-10-28,2020,group_stage,Normal Time,,,3,A,4,-4,0,
İstanbul Başakşehir,Paris Saint-Germain,0,2,2020-10-28,2020,group_stage,Normal Time,,,3,A,2,-2,0,
Sevilla FC,Stade Rennais,1,0,2020-10-28,2020,group_stage,Normal Time,,,3,H,1,1,0,
Borussia Dortmund,Zenit St. Petersburg,2,0,2020-10-28,2020,group_stage,Normal Time,,,3,H,2,2,0,
Club Brugge KV,Lazio,1,1,2020-10-28,2020,group_stage,Normal Time,,,3,D,2,0,1,
Ferencvárosi TC,Dinamo Kiev,2,2,2020-10-28,2020,group_stage,Normal Time,,,3,D,4,0,1,
Juventus,FC Barcelona,0,2,2020-10-28,2020,group_stage,Normal Time,,,3,A,2,-2,0,
Manchester United,RB Leipzig,5,0,2020-10-28,2020,group_stage,Normal Time,,,3,H,5,5,0,
Lokomotiv Moskva,Atlético Madrid,1,1,2020-11-03,2020,group_stage,Normal Time,,,3,D,2,0,1,
Shakhtar Donetsk,Bor. Mönchengladbach,0,6,2020-11-03,2020,group_stage,Normal Time,,,3,A,6,-6,0,
RB Salzburg,Bayern Munich,2,6,2020-11-03,2020,group_stage,Normal Time,,,3,A,8,-4,1,
Real Madrid,Inter Milan,3,2,2020-11-03,2020,group_stage,Normal Time,,,3,H,5,1,1,
FC Porto,Olympique Marseille,3,0,2020-11-03,2020,group_stage,Normal Time,,,3,H,3,3,0,
Manchester City,Olympiacos,3,0,2020-11-03,2020,group_stage,Normal Time,,,3,H,3,3,0,
Atalanta,Liverpool FC,0,5,2020-11-03,2020,group_stage,Normal Time,,,3,A,5,-5,0,
FC Midtjylland,AFC Ajax,1,2,2020-11-03,2020,group_stage,Normal Time,,,3,A,3,-1,1,
Zenit St. Petersburg,Lazio,1,1,2020-11-04,2020,group_stage,Normal Time,,,3,D,2,0,1,
İstanbul Başakşehir,Manchester United,2,1,2020-11-04,2020,group_stage,Normal Time,,,3,H,3,1,1,
Chelsea FC,Stade Rennais,3,0,2020-11-04,2020,group_stage,Normal Time,,,3,H,3,3,0,
Sevilla FC,FK Krasnodar,3,2,2020-11-04,2020,group_stage,Normal Time,,,3,H,5,1,1,
Club Brugge KV,Borussia Dortmund,0,3,2020-11-04,2020,group_stage,Normal Time,,,3,A,3,-3,0,
FC Barcelona,Dinamo Kiev,2,1,2020-11-04,2020,group_stage,Normal Time,,,3,H,3,1,1,
Ferencvárosi TC,Juventus,1,4,2020-11-04,2020,group_stage,Normal Time,,,3,A,5,-3,1,
RB Leipzig,Paris Saint-Germain,2,1,2020-11-04,2020,group_stage,Normal Time,,,3,H,3,1,1,
Stade Rennais,Chelsea FC,1,2,2020-11-24,2020,group_stage,Normal Time,,,3,A,3,-1,1,
FK Krasnodar,Sevilla FC,1,2,2020-11-24,2020,group_stage,Normal Time,,,3,A,3,-1,1,
Borussia Dortmund,Club Brugge KV,3,0,2020-11-24,2020,group_stage,Normal Time,,,3,H,3,3,0,
Lazio,Zenit St. Petersburg,3,1,2020-11-24,2020,group_stage,Normal Time,,,3,H,4,2,1,
Dinamo Kiev,FC Barcelona,0,4,2020-11-24,2020,group_stage,Normal Time,,,3,A,4,-4,0,
Juventus,Ferencvárosi TC,2,1,2020-11-24,2020,group_stage,Normal Time,,,3,H,3,1,1,
Manchester United,İstanbul Başakşehir,4,1,2020-11-24,2020,group_stage,Normal Time,,,3,H,5,3,1,
Paris Saint-Germain,RB Leipzig,1,0,2020-11-24,2020,group_stage,Normal Time,,,3,H,1,1,0,
Bor. Mönchengladbach,Shakhtar Donetsk,4,0,2020-11-25,2020,group_stage,Normal Time,,,3,H,4,4,0,
Olympiacos,Manchester City,0,1,2020-11-25,2020,group_stage,Normal Time,,,3,A,1,-1,0,
Atlético Madrid,Lokomotiv Moskva,0,0,2020-11-25,2020,group_stage,Normal Time,,,3,D,0,0,0,
Bayern Munich,RB Salzburg,3,1,2020-11-25,2020,group_stage,Normal Time,,,3,H,4,2,1,
Inter Milan,Real Madrid,0,2,2020-11-25,2020,group_stage,Normal Time,,,3,A,2,-2,0,
Olympique Marseille,FC Porto,0,2,2020-11-25,2020,group_stage,Normal Time,,,3,A,2,-2,0,
AFC Ajax,FC Midtjylland,3,1,2020-11-25,2020,group_stage,Normal Time,,,3,H,4,2,1,
Liverpool FC,Atalanta,0,2,2020-11-25,2020,group_stage,Normal Time,,,3,A,2,-2,0,
Lokomotiv Moskva,RB Salzburg,1,3,2020-12-01,2020,group_stage,Normal Time,,,3,A,4,-2,1,
Shakhtar Donetsk,Real Madrid,2,0,2020-12-01,2020,group_stage,Normal Time,,,3,H,2,2,0,
Atlético Madrid,Bayern Munich,1,1,2020-12-01,2020,group_stage,Normal Time,,,3,D,2,0,1,
Bor. Mönchengladbach,Inter Milan,2,3,2020-12-01,2020,group_stage,Normal Time,,,3,A,5,-1,1,
FC Porto,Manchester City,0,0,2020-12-01,2020,group_stage,Normal Time,,,3,D,0,0,0,
Olympique Marseille,Olympiacos,2,1,2020-12-01,2020,group_stage,Normal Time,,,3,H,3,1,1,
Atalanta,FC Midtjylland,1,1,2020-12-01,2020,group_stage,Normal Time,,,3,D,2,0,1,
Liverpool FC,AFC Ajax,1,0,2020-12-01,2020,group_stage,Normal Time,,,3,H,1,1,0,
FK Krasnodar,Stade Rennais,1,0,2020-12-02,2020,group_stage,Normal Time,,,3,H,1,1,0,
İstanbul Başakşehir,RB Leipzig,3,4,2020-12-02,2020,group_stage,Normal Time,,,3,A,7,-1,1,
Sevilla FC,Chelsea FC,0,4,2020-12-02,2020,group_stage,Normal Time,,,3,A,4,-4,0,
Borussia Dortmund,Lazio,1,1,2020-12-02,2020,group_stage,Normal Time,,,3,D,2,0,1,
Club Brugge KV,Zenit St. Petersburg,3,0,2020-12-02,2020,group_stage,Normal Time,,,3,H,3,3,0,
Juventus,Dinamo Kiev,3,0,2020-12-02,2020,group_stage,Normal Time,,,3,H,3,3,0,
Ferencvárosi TC,FC Barcelona,0,3,2020-12-02,2020,group_stage,Normal Time,,,3,A,3,-3,0,
Manchester United,Paris Saint-Germain,1,3,2020-12-02,2020,group_stage,Normal Time,,,3,A,4,-2,1,
Zenit St. Petersburg,Borussia Dortmund,1,2,2020-12-08,2020,group_stage,Normal Time,,,3,A,3,-1,1,
Lazio,Club Brugge KV,2,2,2020-12-08,2020,group_stage,Normal Time,,,3,D,4,0,1,
Chelsea FC,FK Krasnodar,1,1,2020-12-08,2020,group_stage,Normal Time,,,3,D,2,0,1,
Stade Rennais,Sevilla FC,1,3,2020-12-08,2020,group_stage,Normal Time,,,3,A,4,-2,1,
Dinamo Kiev,Ferencvárosi TC,1,0,2020-12-08,2020,group_stage,Normal Time,,,3,H,1,1,0,
FC Barcelona,Juventus,0,3,2020-12-08,2020,group_stage,Normal Time,,,3,A,3,-3,0,
RB Leipzig,Manchester United,3,2,2020-12-08,2020,group_stage,Normal Time,,,3,H,5,1,1,
AFC Ajax,Atalanta,0,1,2020-12-09,2020,group_stage,Normal Time,,,3,A,1,-1,0,
FC Midtjylland,Liverpool FC,1,1,2020-12-09,2020,group_stage,Normal Time,,,3,D,2,0,1,
Paris Saint-Germain,İstanbul Başakşehir,5,1,2020-12-09,2020,group_stage,Normal Time,,,3,H,6,4,1,
Bayern Munich,Lokomotiv Moskva,2,0,2020-12-09,2020,group_stage,Normal Time,,,3,H,2,2,0,
RB Salzburg,Atlético Madrid,0,2,2020-12-09,2020,group_stage,Normal Time,,,3,A,2,-2,0,
Inter Milan,Shakhtar Donetsk,0,0,2020-12-09,2020,group_stage,Normal Time,,,3,D,0,0,0,
Real Madrid,Bor. Mönchengladbach,2,0,2020-12-09,2020,group_stage,Normal Time,,,3,H,2,2,0,
Manchester City,Olympique Marseille,3,0,2020-12-09,2020,group_stage,Normal Time,,,3,H,3,3,0,
Olympiacos,FC Porto,0,2,2020-12-09,2020,group_stage,Normal Time,,,3,A,2,-2,0,
RB Leipzig,Liverpool FC,0,2,2021-02-16,2021,round_of_16,Normal Time,,,5,A,2,-2,0,
FC Barcelona,Paris Saint-Germain,1,4,2021-02-16,2021,round_of_16,Normal Time,,,5,A,5,-3,1,
FC Porto,Juventus,2,1,2021-02-17,2021,round_of_16,Normal Time,,,5,H,3,1,1,
Sevilla FC,Borussia Dortmund,2,3,2021-02-17,2021,round_of_16,Normal Time,,,5,A,5,-1,1,
Lazio,Bayern Munich,1,4,2021-02-23,2021,round_of_16,Normal Time,,,5,A,5,-3,1,
Atlético Madrid,Chelsea FC,0,1,2021-02-23,2021,round_of_16,Normal Time,,,5,A,1,-1,0,
Bor. Mönchengladbach,Manchester City,0,2,2021-02-24,2021,round_of_16,Normal Time,,,5,A,2,-2,0,
Atalanta,Real Madrid,0,1,2021-02-24,2021,round_of_16,Normal Time,,,5,A,1,-1,0,
Juventus,FC Porto,2,1,2021-03-09,2021,round_of_16,Extra Time,,,5,H,3,1,1,
Borussia Dortmund,Sevilla FC,2,2,2021-03-09,2021,round_of_16,Normal Time,,,5,D,4,0,1,
Liverpool FC,RB Leipzig,2,0,2021-03-10,2021,round_of_16,Normal Time,,,5,H,2,2,0,
Paris Saint-Germain,FC Barcelona,1,1,2021-03-10,2021,round_of_16,Normal Time,,,5,D,2,0,1,
Manchester City,Bor. Mönchengladbach,2,0,2021-03-16,2021,round_of_16,Normal Time,,,5,H,2,2,0,
Real Madrid,Atalanta,3,1,2021-03-16,2021,round_of_16,Normal Time,,,5,H,4,2,1,
Bayern Munich,Lazio,2,1,2021-03-17,2021,round_of_16,Normal Time,,,5,H,3,1,1,
Chelsea FC,Atlético Madrid,2,0,2021-03-17,2021,round_of_16,Normal Time,,,5,H,2,2,0,
Manchester City,Borussia Dortmund,2,1,2021-04-06,2021,quarterfinal,Normal Time,,,6,H,3,1,1,
Real Madrid,Liverpool FC,3,1,2021-04-06,2021,quarterfinal,Normal Time,,,6,H,4,2,1,
FC Porto,Chelsea FC,0,2,2021-04-07,2021,quarterfinal,Normal Time,,,6,A,2,-2,0,
Bayern Munich,Paris Saint-Germain,2,3,2021-04-07,2021,quarterfinal,Normal Time,,,6,A,5,-1,1,
Chelsea FC,FC Porto,0,1,2021-04-13,2021,quarterfinal,Normal Time,,,6,A,1,-1,0,
Paris Saint-Germain,Bayern Munich,0,1,2021-04-13,2021,quarterfinal,Normal Time,,,6,A,1,-1,0,
Borussia Dortmund,Manchester City,1,2,2021-04-14,2021,quarterfinal,Normal Time,,,6,A,3,-1,1,
Liverpool FC,Real Madrid,0,0,2021-04-14,2021,quarterfinal,Normal Time,,,6,D,0,0,0,
Real Madrid,Chelsea FC,1,1,2021-04-27,2021,semifinal,Normal Time,,,7,D,2,0,1,
Paris Saint-Germain,Manchester City,1,2,2021-04-28,2021,semifinal,Normal Time,,,7,A,3,-1,1,
Manchester City,Paris Saint-Germain,2,0,2021-05-04,2021,semifinal,Normal Time,,,7,H,2,2,0,
Chelsea FC,Real Madrid,2,0,2021-05-05,2021,semifinal,Normal Time,,,7,H,2,2,0,
Manchester City,Chelsea FC,0,1,2021-05-29,2021,final,Normal Time,,,8,A,1,-1,0,
BSC Young Boys,Manchester United,2,1,2021-09-14,2021,group_stage,Normal Time,,,3,H,3,1,1,
Sevilla FC,RB Salzburg,1,1,2021-09-14,2021,group_stage,Normal Time,,,3,D,2,0,1,
FC Barcelona,Bayern Munich,0,3,2021-09-14,2021,group_stage,Normal Time,,,3,A,3,-3,0,
Dinamo Kiev,Benfica,0,0,2021-09-14,2021,group_stage,Normal Time,,,3,D,0,0,0,
Villarreal CF,Atalanta,2,2,2021-09-14,2021,group_stage,Normal Time,,,3,D,4,0,1,
Lille OSC,VfL Wolfsburg,0,0,2021-09-14,2021,group_stage,Normal Time,,,3,D,0,0,0,
Chelsea FC,Zenit St. Petersburg,1,0,2021-09-14,2021,group_stage,Normal Time,,,3,H,1,1,0,
Malmö FF,Juventus,0,3,2021-09-14,2021,group_stage,Normal Time,,,3,A,3,-3,0,
Beşiktaş,Borussia Dortmund,1,2,2021-09-15,2021,group_stage,Normal Time,,,3,A,3,-1,1,
FC Sheriff,Shakhtar Donetsk,2,0,2021-09-15,2021,group_stage,Normal Time,,,3,H,2,2,0,
Manchester City,RB Leipzig,6,3,2021-09-15,2021,group_stage,Normal Time,,,3,H,9,3,1,
Club Brugge KV,Paris Saint-Germain,1,1,2021-09-15,2021,group_stage,Normal Time,,,3,D,2,0,1,
Atlético Madrid,FC Porto,0,0,2021-09-15,2021,group_stage,Normal Time,,,3,D,0,0,0,
Liverpool FC,AC Milan,3,2,2021-09-15,2021,group_stage,Normal Time,,,3,H,5,1,1,
Sporting CP,AFC Ajax,1,5,2021-09-15,2021,group_stage,Normal Time,,,3,A,6,-4,1,
Inter Milan,Real Madrid,0,1,2021-09-15,2021,group_stage,Normal Time,,,3,A,1,-1,0,
AFC Ajax,Beşiktaş,2,0,2021-09-28,2021,group_stage,Normal Time,,,3,H,2,2,0,
Shakhtar Donetsk,Inter Milan,0,0,2021-09-28,2021,group_stage,Normal Time,,,3,D,0,0,0,
Paris Saint-Germain,Manchester City,2,0,2021-09-28,2021,group_stage,Normal Time,,,3,H,2,2,0,
RB Leipzig,Club Brugge KV,1,2,2021-09-28,2021,group_stage,Normal Time,,,3,A,3,-1,1,
FC Porto,Liverpool FC,1,5,2021-09-28,2021,group_stage,Normal Time,,,3,A,6,-4,1,
AC Milan,Atlético Madrid,1,2,2021-09-28,2021,group_stage,Normal Time,,,3,A,3,-1,1,
Borussia Dortmund,Sporting CP,1,0,2021-09-28,2021,group_stage,Normal Time,,,3,H,1,1,0,
Real Madrid,FC Sheriff,1,2,2021-09-28,2021,group_stage,Normal Time,,,3,A,3,-1,1,
Atalanta,BSC Young Boys,1,0,2021-09-29,2021,group_stage,Normal Time,,,3,H,1,1,0,
Zenit St. Petersburg,Malmö FF,4,0,2021-09-29,2021,group_stage,Normal Time,,,3,H,4,4,0,
Benfica,FC Barcelona,3,0,2021-09-29,2021,group_stage,Normal Time,,,3,H,3,3,0,
Bayern Munich,Dinamo Kiev,5,0,2021-09-29,2021,group_stage,Normal Time,,,3,H,5,5,0,
Manchester United,Villarreal CF,2,1,2021-09-29,2021,group_stage,Normal Time,,,3,H,3,1,1,
RB Salzburg,Lille OSC,2,1,2021-09-29,2021,group_stage,Normal Time,,,3,H,3,1,1,
VfL Wolfsburg,Sevilla FC,1,1,2021-09-29,2021,group_stage,Normal Time,,,3,D,2,0,1,
Juventus,Chelsea FC,1,0,2021-09-29,2021,group_stage,Normal Time,,,3,H,1,1,0,
Club Brugge KV,Manchester City,1,5,2021-10-19,2021,group_stage,Normal Time,,,3,A,6,-4,1,
Beşiktaş,Sporting CP,1,4,2021-10-19,2021,group_stage,Normal Time,,,3,A,5,-3,1,
Paris Saint-Germain,RB Leipzig,3,2,2021-10-19,2021,group_stage,Normal Time,,,3,H,5,1,1,
Atlético Madrid,Liverpool FC,2,3,2021-10-19,2021,group_stage,Normal Time,,,3,A,5,-1,1,
FC Porto,AC Milan,1,0,2021-10-19,2021,group_stage,Normal Time,,,3,H,1,1,0,
AFC Ajax,Borussia Dortmund,4,0,2021-10-19,2021,group_stage,Normal Time,,,3,H,4,4,0,
Shakhtar Donetsk,Real Madrid,0,5,2021-10-19,2021,group_stage,Normal Time,,,3,A,5,-5,0,
Inter Milan,FC Sheriff,3,1,2021-10-19,2021,group_stage,Normal Time,,,3,H,4,2,1,
FC Barcelona,Dinamo Kiev,1,0,2021-10-20,2021,group_stage,Normal Time,,,3,H,1,1,0,
RB Salzburg,VfL Wolfsburg,3,1,2021-10-20,2021,group_stage,Normal Time,,,3,H,4,2,1,
Benfica,Bayern Munich,0,4,2021-10-20,2021,group_stage,Normal Time,,,3,A,4,-4,0,
Manchester United,Atalanta,3,2,2021-10-20,2021,group_stage,Normal Time,,,3,H,5,1,1,
BSC Young Boys,Villarreal CF,1,4,2021-10-20,2021,group_stage,Normal Time,,,3,A,5,-3,1,
Lille OSC,Sevilla FC,0,0,2021-10-20,2021,group_stage,Normal Time,,,3,D,0,0,0,
Zenit St. Petersburg,Juventus,0,1,2021-10-20,2021,group_stage,Normal Time,,,3,A,1,-1,0,
Chelsea FC,Malmö FF,4,0,2021-10-20,2021,group_stage,Normal Time,,,3,H,4,4,0,
VfL Wolfsburg,RB Salzburg,2,1,2021-11-02,2021,group_stage,Normal Time,,,3,H,3,1,1,
Malmö FF,Chelsea FC,0,1,2021-11-02,2021,group_stage,Normal Time,,,3,A,1,-1,0,
Bayern Munich,Benfica,5,2,2021-11-02,2021,group_stage,Normal Time,,,3,H,7,3,1,
Dinamo Kiev,FC Barcelona,0,1,2021-11-02,2021,group_stage,Normal Time,,,3,A,1,-1,0,
Atalanta,Manchester United,2,2,2021-11-02,2021,group_stage,Normal Time,,,3,D,4,0,1,
Villarreal CF,BSC Young Boys,2,0,2021-11-02,2021,group_stage,Normal Time,,,3,H,2,2,0,
Sevilla FC,Lille OSC,1,2,2021-11-02,2021,group_stage,Normal Time,,,3,A,3,-1,1,
Juventus,Zenit St. Petersburg,4,2,2021-11-02,2021,group_stage,Normal Time,,,3,H,6,2,1,
AC Milan,FC Porto,1,1,2021-11-03,2021,group_stage,Normal Time,,,3,D,2,0,1,
Real Madrid,Shakhtar Donetsk,2,1,2021-11-03,2021,group_stage,Normal Time,,,3,H,3,1,1,
RB Leipzig,Paris Saint-Germain,2,2,2021-11-03,2021,group_stage,Normal Time,,,3,D,4,0,1,
Manchester City,Club Brugge KV,4,1,2021-11-03,2021,group_stage,Normal Time,,,3,H,5,3,1,
Liverpool FC,Atlético Madrid,2,0,2021-11-03,2021,group_stage,Normal Time,,,3,H,2,2,0,
Borussia Dortmund,AFC Ajax,1,3,2021-11-03,2021,group_stage,Normal Time,,,3,A,4,-2,1,
Sporting CP,Beşiktaş,4,0,2021-11-03,2021,group_stage,Normal Time,,,3,H,4,4,0,
FC Sheriff,Inter Milan,1,3,2021-11-03,2021,group_stage,Normal Time,,,3,A,4,-2,1,
Dinamo Kiev,Bayern Munich,1,2,2021-11-23,2021,group_stage,Normal Time,,,3,A,3,-1,1,
Villarreal CF,Manchester United,0,2,2021-11-23,2021,group_stage,Normal Time,,,3,A,2,-2,0,
FC Barcelona,Benfica,0,0,2021-11-23,2021,group_stage,Normal Time,,,3,D,0,0,0,
BSC Young Boys,Atalanta,3,3,2021-11-23,2021,group_stage,Normal Time,,,3,D,6,0,1,
Lille OSC,RB Salzburg,1,0,2021-11-23,2021,group_stage,Normal Time,,,3,H,1,1,0,
Sevilla FC,VfL Wolfsburg,2,0,2021-11-23,2021,group_stage,Normal Time,,,3,H,2,2,0,
Chelsea FC,Juventus,4,0,2021-11-23,2021,group_stage,Normal Time,,,3,H,4,4,0,
Malmö FF,Zenit St. Petersburg,1,1,2021-11-23,2021,group_stage,Normal Time,,,3,D,2,0,1,
Beşiktaş,AFC Ajax,1,2,2021-11-24,2021,group_stage,Normal Time,,,3,A,3,-1,1,
Inter Milan,Shakhtar Donetsk,2,0,2021-11-24,2021,group_stage,Normal Time,,,3,H,2,2,0,
Manchester City,Paris Saint-Germain,2,1,2021-11-24,2021,group_stage,Normal Time,,,3,H,3,1,1,
Club Brugge KV,RB Leipzig,0,5,2021-11-24,2021,group_stage,Normal Time,,,3,A,5,-5,0,
Liverpool FC,FC Porto,2,0,2021-11-24,2021,group_stage,Normal Time,,,3,H,2,2,0,
Atlético Madrid,AC Milan,0,1,2021-11-24,2021,group_stage,Normal Time,,,3,A,1,-1,0,
Sporting CP,Borussia Dortmund,3,1,2021-11-24,2021,group_stage,Normal Time,,,3,H,4,2,1,
FC Sheriff,Real Madrid,0,3,2021-11-24,2021,group_stage,Normal Time,,,3,A,3,-3,0,
RB Leipzig,Manchester City,2,1,2021-12-07,2021,group_stage,Normal Time,,,3,H,3,1,1,
Paris Saint-Germain,Club Brugge KV,4,1,2021-12-07,2021,group_stage,Normal Time,,,3,H,5,3,1,
FC Porto,Atlético Madrid,1,3,2021-12-07,2021,group_stage,Normal Time,,,3,A,4,-2,1,
AC Milan,Liverpool FC,1,2,2021-12-07,2021,group_stage,Normal Time,,,3,A,3,-1,1,
AFC Ajax,Sporting CP,4,2,2021-12-07,2021,group_stage,Normal Time,,,3,H,6,2,1,
Borussia Dortmund,Beşiktaş,5,0,2021-12-07,2021,group_stage,Normal Time,,,3,H,5,5,0,
Real Madrid,Inter Milan,2,0,2021-12-07,2021,group_stage,Normal Time,,,3,H,2,2,0,
Shakhtar Donetsk,FC Sheriff,1,1,2021-12-07,2021,group_stage,Normal Time,,,3,D,2,0,1,
Zenit St. Petersburg,Chelsea FC,3,3,2021-12-08,2021,group_stage,Normal Time,,,3,D,6,0,1,
Juventus,Malmö FF,1,0,2021-12-08,2021,group_stage,Normal Time,,,3,H,1,1,0,
Bayern Munich,FC Barcelona,3,0,2021-12-08,2021,group_stage,Normal Time,,,3,H,3,3,0,
Benfica,Dinamo Kiev,2,0,2021-12-08,2021,group_stage,Normal Time,,,3,H,2,2,0,
Manchester United,BSC Young Boys,1,1,2021-12-08,2021,group_stage,Normal Time,,,3,D,2,0,1,
RB Salzburg,Sevilla FC,1,0,2021-12-08,2021,group_stage,Normal Time,,,3,H,1,1,0,
VfL Wolfsburg,Lille OSC,1,3,2021-12-08,2021,group_stage,Normal Time,,,3,A,4,-2,1,
Atalanta,Villarreal CF,2,3,2021-12-09,2021,group_stage,Normal Time,,,3,A,5,-1,1,
Sporting CP,Manchester City,0,5,2022-02-15,2022,round_of_16,Normal Time,,,5,A,5,-5,0,
Paris Saint-Germain,Real Madrid,1,0,2022-02-15,2022,round_of_16,Normal Time,,,5,H,1,1,0,
RB Salzburg,Bayern Munich,1,1,2022-02-16,2022,round_of_16,Normal Time,,,5,D,2,0,1,
Inter Milan,Liverpool FC,0,2,2022-02-16,2022,round_of_16,Normal Time,,,5,A,2,-2,0,
Chelsea FC,Lille OSC,2,0,2022-02-22,2022,round_of_16,Normal Time,,,5,H,2,2,0,
Villarreal CF,Juventus,1,1,2022-02-22,2022,round_of_16,Normal Time,,,5,D,2,0,1,
Benfica,AFC Ajax,2,2,2022-02-23,2022,round_of_16,Normal Time,,,5,D,4,0,1,
Atlético Madrid,Manchester United,1,1,2022-02-23,2022,round_of_16,Normal Time,,,5,D,2,0,1,
Bayern Munich,RB Salzburg,7,1,2022-03-08,2022,round_of_16,Normal Time,,,5,H,8,6,1,
Liverpool FC,Inter Milan,0,1,2022-03-08,2022,round_of_16,Normal Time,,,5,A,1,-1,0,
Manchester City,Sporting CP,0,0,2022-03-09,2022,round_of_16,Normal Time,,,5,D,0,0,0,
Real Madrid,Paris Saint-Germain,3,1,2022-03-09,2022,round_of_16,Normal Time,,,5,H,4,2,1,
AFC Ajax,Benfica,0,1,2022-03-15,2022,round_of_16,Normal Time,,,5,A,1,-1,0,
Manchester United,Atlético Madrid,0,1,2022-03-15,2022,round_of_16,Normal Time,,,5,A,1,-1,0,
Lille OSC,Chelsea FC,1,2,2022-03-16,2022,round_of_16,Normal Time,,,5,A,3,-1,1,
Juventus,Villarreal CF,0,3,2022-03-16,2022,round_of_16,Normal Time,,,5,A,3,-3,0,
Manchester City,Atlético Madrid,1,0,2022-04-05,2022,quarterfinal,Normal Time,,,6,H,1,1,0,
Benfica,Liverpool FC,1,3,2022-04-05,2022,quarterfinal,Normal Time,,,6,A,4,-2,1,
Chelsea FC,Real Madrid,1,3,2022-04-06,2022,quarterfinal,Normal Time,,,6,A,4,-2,1,
Villarreal CF,Bayern Munich,1,0,2022-04-06,2022,quarterfinal,Normal Time,,,6,H,1,1,0,
Real Madrid,Chelsea FC,1,3,2022-04-12,2022,quarterfinal,Extra Time,,,6,A,4,-2,1,
Bayern Munich,Villarreal CF,1,1,2022-04-12,2022,quarterfinal,Normal Time,,,6,D,2,0,1,
Atlético Madrid,Manchester City,0,0,2022-04-13,2022,quarterfinal,Normal Time,,,6,D,0,0,0,
Liverpool FC,Benfica,3,3,2022-04-13,2022,quarterfinal,Normal Time,,,6,D,6,0,1,
Manchester City,Real Madrid,4,3,2022-04-26,2022,semifinal,Normal Time,,,7,H,7,1,1,
Liverpool FC,Villarreal CF,2,0,2022-04-27,2022,semifinal,Normal Time,,,7,H,2,2,0,
Villarreal CF,Liverpool FC,2,3,2022-05-03,2022,semifinal,Normal Time,,,7,A,5,-1,1,
Real Madrid,Manchester City,2,1,2022-05-04,2022,semifinal,Extra Time,,,7,H,3,1,1,
Liverpool FC,Real Madrid,0,1,2022-05-28,2022,final,Normal Time,,,8,A,1,-1,0,
Dinamo Zagreb,Chelsea FC,1,0,2022-09-06,2022,group_stage,Normal Time,,,3,H,1,1,0,
Borussia Dortmund,FC København,3,0,2022-09-06,2022,group_stage,Normal Time,,,3,H,3,3,0,
RB Salzburg,AC Milan,1,1,2022-09-06,2022,group_stage,Normal Time,,,3,D,2,0,1,
Celtic FC,Real Madrid,0,3,2022-09-06,2022,group_stage,Normal Time,,,3,A,3,-3,0,
RB Leipzig,Shakhtar Donetsk,1,4,2022-09-06,2022,group_stage,Normal Time,,,3,A,5,-3,1,
Sevilla FC,Manchester City,0,4,2022-09-06,2022,group_stage,Normal Time,,,3,A,4,-4,0,
Paris Saint-Germain,Juventus,2,1,2022-09-06,2022,group_stage,Normal Time,,,3,H,3,1,1,
Benfica,Maccabi Haifa,2,0,2022-09-06,2022,group_stage,Normal Time,,,3,H,2,2,0,
AFC Ajax,Rangers FC,4,0,2022-09-07,2022,group_stage,Normal Time,,,3,H,4,4,0,
Eintracht Frankfurt,Sporting CP,0,3,2022-09-07,2022,group_stage,Normal Time,,,3,A,3,-3,0,
SSC Napoli,Liverpool FC,4,1,2022-09-07,2022,group_stage,Normal Time,,,3,H,5,3,1,
Atlético Madrid,FC Porto,2,1,2022-09-07,2022,group_stage,Normal Time,,,3,H,3,1,1,
Club Brugge KV,Bayer Leverkusen,1,0,2022-09-07,2022,group_stage,Normal Time,,,3,H,1,1,0,
Inter Milan,Bayern Munich,0,2,2022-09-07,2022,group_stage,Normal Time,,,3,A,2,-2,0,
FC Barcelona,Viktoria Plzeň,5,1,2022-09-07,2022,group_stage,Normal Time,,,3,H,6,4,1,
Tottenham Hotspur,Olympique Marseille,2,0,2022-09-07,2022,group_stage,Normal Time,,,3,H,2,2,0,
Viktoria Plzeň,Inter Milan,0,2,2022-09-13,2022,group_stage,Normal Time,,,3,A,2,-2,0,
Sporting CP,Tottenham Hotspur,2,0,2022-09-13,2022,group_stage,Normal Time,,,3,H,2,2,0,
Liverpool FC,AFC Ajax,2,1,2022-09-13,2022,group_stage,Normal Time,,,3,H,3,1,1,
Bayer Leverkusen,Atlético Madrid,2,0,2022-09-13,2022,group_stage,Normal Time,,,3,H,2,2,0,
FC Porto,Club Brugge KV,0,4,2022-09-13,2022,group_stage,Normal Time,,,3,A,4,-4,0,
Bayern Munich,FC Barcelona,2,0,2022-09-13,2022,group_stage,Normal Time,,,3,H,2,2,0,
Olympique Marseille,Eintracht Frankfurt,0,1,2022-09-13,2022,group_stage,Normal Time,,,3,A,1,-1,0,
AC Milan,Dinamo Zagreb,3,1,2022-09-14,2022,group_stage,Normal Time,,,3,H,4,2,1,
Shakhtar Donetsk,Celtic FC,1,1,2022-09-14,2022,group_stage,Normal Time,,,3,D,2,0,1,
Rangers FC,SSC Napoli,0,3,2022-09-14,2022,group_stage,Normal Time,,,3,A,3,-3,0,
Chelsea FC,RB Salzburg,1,1,2022-09-14,2022,group_stage,Normal Time,,,3,D,2,0,1,
Real Madrid,RB Leipzig,2,0,2022-09-14,2022,group_stage,Normal Time,,,3,H,2,2,0,
Manchester City,Borussia Dortmund,2,1,2022-09-14,2022,group_stage,Normal Time,,,3,H,3,1,1,
FC København,Sevilla FC,0,0,2022-09-14,2022,group_stage,Normal Time,,,3,D,0,0,0,
Juventus,Benfica,1,2,2022-09-14,2022,group_stage,Normal Time,,,3,A,3,-1,1,
Maccabi Haifa,Paris Saint-Germain,1,3,2022-09-14,2022,group_stage,Normal Time,,,3,A,4,-2,1,
Bayern Munich,Viktoria Plzeň,5,0,2022-10-04,2022,group_stage,Normal Time,,,3,H,5,5,0,
Olympique Marseille,Sporting CP,4,1,2022-10-04,2022,group_stage,Normal Time,,,3,H,5,3,1,
AFC Ajax,SSC Napoli,1,6,2022-10-04,2022,group_stage,Normal Time,,,3,A,7,-5,1,
Liverpool FC,Rangers FC,2,0,2022-10-04,2022,group_stage,Normal Time,,,3,H,2,2,0,
Club Brugge KV,Atlético Madrid,2,0,2022-10-04,2022,group_stage,Normal Time,,,3,H,2,2,0,
FC Porto,Bayer Leverkusen,2,0,2022-10-04,2022,group_stage,Normal Time,,,3,H,2,2,0,
Inter Milan,FC Barcelona,1,0,2022-10-04,2022,group_stage,Normal Time,,,3,H,1,1,0,
Eintracht Frankfurt,Tottenham Hotspur,0,0,2022-10-04,2022,group_stage,Normal Time,,,3,D,0,0,0,
RB Salzburg,Dinamo Zagreb,1,0,2022-10-05,2022,group_stage,Normal Time,,,3,H,1,1,0,
RB Leipzig,Celtic FC,3,1,2022-10-05,2022,group_stage,Normal Time,,,3,H,4,2,1,
Chelsea FC,AC Milan,3,0,2022-10-05,2022,group_stage,Normal Time,,,3,H,3,3,0,
Real Madrid,Shakhtar Donetsk,2,1,2022-10-05,2022,group_stage,Normal Time,,,3,H,3,1,1,
Sevilla FC,Borussia Dortmund,1,4,2022-10-05,2022,group_stage,Normal Time,,,3,A,5,-3,1,
Manchester City,FC København,5,0,2022-10-05,2022,group_stage,Normal Time,,,3,H,5,5,0,
Juventus,Maccabi Haifa,3,1,2022-10-05,2022,group_stage,Normal Time,,,3,H,4,2,1,
Benfica,Paris Saint-Germain,1,1,2022-10-05,2022,group_stage,Normal Time,,,3,D,2,0,1,
FC København,Manchester City,0,0,2022-10-11,2022,group_stage,Normal Time,,,3,D,0,0,0,
Maccabi Haifa,Juventus,2,0,2022-10-11,2022,group_stage,Normal Time,,,3,H,2,2,0,
AC Milan,Chelsea FC,0,2,2022-10-11,2022,group_stage,Normal Time,,,3,A,2,-2,0,
Dinamo Zagreb,RB Salzburg,1,1,2022-10-11,2022,group_stage,Normal Time,,,3,D,2,0,1,
Celtic FC,RB Leipzig,0,2,2022-10-11,2022,group_stage,Normal Time,,,3,A,2,-2,0,
Shakhtar Donetsk,Real Madrid,1,1,2022-10-11,2022,group_stage,Normal Time,,,3,D,2,0,1,
Borussia Dortmund,Sevilla FC,1,1,2022-10-11,2022,group_stage,Normal Time,,,3,D,2,0,1,
Paris Saint-Germain,Benfica,1,1,2022-10-11,2022,group_stage,Normal Time,,,3,D,2,0,1,
SSC Napoli,AFC Ajax,4,2,2022-10-12,2022,group_stage,Normal Time,,,3,H,6,2,1,
Atlético Madrid,Club Brugge KV,0,0,2022-10-12,2022,group_stage,Normal Time,,,3,D,0,0,0,
Rangers FC,Liverpool FC,1,7,2022-10-12,2022,group_stage,Normal Time,,,3,A,8,-6,1,
Bayer Leverkusen,FC Porto,0,3,2022-10-12,2022,group_stage,Normal Time,,,3,A,3,-3,0,
Viktoria Plzeň,Bayern Munich,2,4,2022-10-12,2022,group_stage,Normal Time,,,3,A,6,-2,1,
FC Barcelona,Inter Milan,3,3,2022-10-12,2022,group_stage,Normal Time,,,3,D,6,0,1,
Tottenham Hotspur,Eintracht Frankfurt,3,2,2022-10-12,2022,group_stage,Normal Time,,,3,H,5,1,1,
Sporting CP,Olympique Marseille,0,2,2022-10-12,2022,group_stage,Normal Time,,,3,A,2,-2,0,
RB Salzburg,Chelsea FC,1,2,2022-10-25,2022,group_stage,Normal Time,,,3,A,3,-1,1,
Sevilla FC,FC København,3,0,2022-10-25,2022,group_stage,Normal Time,,,3,H,3,3,0,
Dinamo Zagreb,AC Milan,0,4,2022-10-25,2022,group_stage,Normal Time,,,3,A,4,-4,0,
Celtic FC,Shakhtar Donetsk,1,1,2022-10-25,2022,group_stage,Normal Time,,,3,D,2,0,1,
RB Leipzig,Real Madrid,3,2,2022-10-25,2022,group_stage,Normal Time,,,3,H,5,1,1,
Borussia Dortmund,Manchester City,0,0,2022-10-25,2022,group_stage,Normal Time,,,3,D,0,0,0,
Benfica,Juventus,4,3,2022-10-25,2022,group_stage,Normal Time,,,3,H,7,1,1,
Paris Saint-Germain,Maccabi Haifa,7,2,2022-10-25,2022,group_stage,Normal Time,,,3,H,9,5,1,
Club Brugge KV,FC Porto,0,4,2022-10-26,2022,group_stage,Normal Time,,,3,A,4,-4,0,
Inter Milan,Viktoria Plzeň,4,0,2022-10-26,2022,group_stage,Normal Time,,,3,H,4,4,0,
AFC Ajax,Liverpool FC,0,3,2022-10-26,2022,group_stage,Normal Time,,,3,A,3,-3,0,
SSC Napoli,Rangers FC,3,0,2022-10-26,2022,group_stage,Normal Time,,,3,H,3,3,0,
Atlético Madrid,Bayer Leverkusen,2,2,2022-10-26,2022,group_stage,Normal Time,,,3,D,4,0,1,
FC Barcelona,Bayern Munich,0,3,2022-10-26,2022,group_stage,Normal Time,,,3,A,3,-3,0,
Eintracht Frankfurt,Olympique Marseille,2,1,2022-10-26,2022,group_stage,Normal Time,,,3,H,3,1,1,
Tottenham Hotspur,Sporting CP,1,1,2022-10-26,2022,group_stage,Normal Time,,,3,D,2,0,1,
FC Porto,Atlético Madrid,2,1,2022-11-01,2022,group_stage,Normal Time,,,3,H,3,1,1,
Bayer Leverkusen,Club Brugge KV,0,0,2022-11-01,2022,group_stage,Normal Time,,,3,D,0,0,0,
Rangers FC,AFC Ajax,1,3,2022-11-01,2022,group_stage,Normal Time,,,3,A,4,-2,1,
Liverpool FC,SSC Napoli,2,0,2022-11-01,2022,group_stage,Normal Time,,,3,H,2,2,0,
Bayern Munich,Inter Milan,2,0,2022-11-01,2022,group_stage,Normal Time,,,3,H,2,2,0,
Viktoria Plzeň,FC Barcelona,2,4,2022-11-01,2022,group_stage,Normal Time,,,3,A,6,-2,1,
Sporting CP,Eintracht Frankfurt,1,2,2022-11-01,2022,group_stage,Normal Time,,,3,A,3,-1,1,
Olympique Marseille,Tottenham Hotspur,1,2,2022-11-01,2022,group_stage,Normal Time,,,3,A,3,-1,1,
Real Madrid,Celtic FC,5,1,2022-11-02,2022,group_stage,Normal Time,,,3,H,6,4,1,
Shakhtar Donetsk,RB Leipzig,0,4,2022-11-02,2022,group_stage,Normal Time,,,3,A,4,-4,0,
AC Milan,RB Salzburg,4,0,2022-11-02,2022,group_stage,Normal Time,,,3,H,4,4,0,
Chelsea FC,Dinamo Zagreb,2,1,2022-11-02,2022,group_stage,Normal Time,,,3,H,3,1,1,
FC København,Borussia Dortmund,1,1,2022-11-02,2022,group_stage,Normal Time,,,3,D,2,0,1,
Manchester City,Sevilla FC,3,1,2022-11-02,2022,group_stage,Normal Time,,,3,H,4,2,1,
Juventus,Paris Saint-Germain,1,2,2022-11-02,2022,group_stage,Normal Time,,,3,A,3,-1,1,
Maccabi Haifa,Benfica,1,6,2022-11-02,2022,group_stage,Normal Time,,,3,A,7,-5,1,
AC Milan,Tottenham Hotspur,1,0,2023-02-14,2023,round_of_16,Normal Time,,,5,H,1,1,0,
Paris Saint-Germain,Bayern Munich,0,1,2023-02-14,2023,round_of_16,Normal Time,,,5,A,1,-1,0,
Club Brugge KV,Benfica,0,2,2023-02-15,2023,round_of_16,Normal Time,,,5,A,2,-2,0,
Borussia Dortmund,Chelsea FC,1,0,2023-02-15,2023,round_of_16,Normal Time,,,5,H,1,1,0,
Liverpool FC,Real Madrid,2,5,2023-02-21,2023,round_of_16,Normal Time,,,5,A,7,-3,1,
Eintracht Frankfurt,SSC Napoli,0,2,2023-02-21,2023,round_of_16,Normal Time,,,5,A,2,-2,0,
RB Leipzig,Manchester City,1,1,2023-02-22,2023,round_of_16,Normal Time,,,5,D,2,0,1,
Inter Milan,FC Porto,1,0,2023-02-22,2023,round_of_16,Normal Time,,,5,H,1,1,0,
Benfica,Club Brugge KV,5,1,2023-03-07,2023,round_of_16,Normal Time,,,5,H,6,4,1,
Chelsea FC,Borussia Dortmund,2,0,2023-03-07,2023,round_of_16,Normal Time,,,5,H,2,2,0,
Bayern Munich,Paris Saint-Germain,2,0,2023-03-08,2023,round_of_16,Normal Time,,,5,H,2,2,0,
Tottenham Hotspur,AC Milan,0,0,2023-03-08,2023,round_of_16,Normal Time,,,5,D,0,0,0,
Manchester City,RB Leipzig,7,0,2023-03-14,2023,round_of_16,Normal Time,,,5,H,7,7,0,
FC Porto,Inter Milan,0,0,2023-03-14,2023,round_of_16,Normal Time,,,5,D,0,0,0,
Real Madrid,Liverpool FC,1,0,2023-03-15,2023,round_of_16,Normal Time,,,5,H,1,1,0,
SSC Napoli,Eintracht Frankfurt,3,0,2023-03-15,2023,round_of_16,Normal Time,,,5,H,3,3,0,
Benfica,Inter Milan,0,2,2023-04-11,2023,quarterfinal,Normal Time,,,6,A,2,-2,0,
Manchester City,Bayern Munich,3,0,2023-04-11,2023,quarterfinal,Normal Time,,,6,H,3,3,0,
Real Madrid,Chelsea FC,2,0,2023-04-12,2023,quarterfinal,Normal Time,,,6,H,2,2,0,
AC Milan,SSC Napoli,1,0,2023-04-12,2023,quarterfinal,Normal Time,,,6,H,1,1,0,
Chelsea FC,Real Madrid,0,2,2023-04-18,2023,quarterfinal,Normal Time,,,6,A,2,-2,0,
SSC Napoli,AC Milan,1,1,2023-04-18,2023,quarterfinal,Normal Time,,,6,D,2,0,1,
Inter Milan,Benfica,3,3,2023-04-19,2023,quarterfinal,Normal Time,,,6,D,6,0,1,
Bayern Munich,Manchester City,1,1,2023-04-19,2023,quarterfinal,Normal Time,,,6,D,2,0,1,
Real Madrid,Manchester City,1,1,2023-05-09,2023,semifinal,Normal Time,,,7,D,2,0,1,
AC Milan,Inter Milan,0,2,2023-05-10,2023,semifinal,Normal Time,,,7,A,2,-2,0,
Inter Milan,AC Milan,1,0,2023-05-16,2023,semifinal,Normal Time,,,7,H,1,1,0,
Manchester City,Real Madrid,4,0,2023-05-17,2023,semifinal,Normal Time,,,7,H,4,4,0,
Manchester City,Inter Milan,1,0,2023-06-10,2023,final,Normal Time,,,8,H,1,1,0,
AC Milan,Newcastle United FC,0,0,2023-09-19,2023,group_stage,Normal Time,,,3,D,0,0,0,
BSC Young Boys,RB Leipzig,1,3,2023-09-19,2023,group_stage,Normal Time,,,3,A,4,-2,1,
Lazio,Atlético Madrid,1,1,2023-09-19,2023,group_stage,Normal Time,,,3,D,2,0,1,
Feyenoord,Celtic FC,2,0,2023-09-19,2023,group_stage,Normal Time,,,3,H,2,2,0,
Paris Saint-Germain,Borussia Dortmund,2,0,2023-09-19,2023,group_stage,Normal Time,,,3,H,2,2,0,
Manchester City,Crvena Zvezda,3,1,2023-09-19,2023,group_stage,Normal Time,,,3,H,4,2,1,
FC Barcelona,Royal Antwerp FC,5,0,2023-09-19,2023,group_stage,Normal Time,,,3,H,5,5,0,
Shakhtar Donetsk,FC Porto,1,3,2023-09-19,2023,group_stage,Normal Time,,,3,A,4,-2,1,
Real Madrid,1. FC Union Berlin,1,0,2023-09-20,2023,group_stage,Normal Time,,,3,H,1,1,0,
Galatasaray,FC København,2,2,2023-09-20,2023,group_stage,Normal Time,,,3,D,4,0,1,
Sevilla FC,Racing Club de Lens,1,1,2023-09-20,2023,group_stage,Normal Time,,,3,D,2,0,1,
Braga,SSC Napoli,1,2,2023-09-20,2023,group_stage,Normal Time,,,3,A,3,-1,1,
Real Sociedad,Inter Milan,1,1,2023-09-20,2023,group_stage,Normal Time,,,3,D,2,0,1,
Benfica,RB Salzburg,0,2,2023-09-20,2023,group_stage,Normal Time,,,3,A,2,-2,0,
Bayern Munich,Manchester United,4,3,2023-09-20,2023,group_stage,Normal Time,,,3,H,7,1,1,
Arsenal FC,PSV Eindhoven,4,0,2023-09-20,2023,group_stage,Normal Time,,,3,H,4,4,0,
1. FC Union Berlin,Braga,2,3,2023-10-03,2023,group_stage,Normal Time,,,3,A,5,-1,1,
RB Salzburg,Real Sociedad,0,2,2023-10-03,2023,group_stage,Normal Time,,,3,A,2,-2,0,
SSC Napoli,Real Madrid,2,3,2023-10-03,2023,group_stage,Normal Time,,,3,A,5,-1,1,
Inter Milan,Benfica,1,0,2023-10-03,2023,group_stage,Normal Time,,,3,H,1,1,0,
FC København,Bayern Munich,1,2,2023-10-03,2023,group_stage,Normal Time,,,3,A,3,-1,1,
Manchester United,Galatasaray,2,3,2023-10-03,2023,group_stage,Normal Time,,,3,A,5,-1,1,
Racing Club de Lens,Arsenal FC,2,1,2023-10-03,2023,group_stage,Normal Time,,,3,H,3,1,1,
PSV Eindhoven,Sevilla FC,2,2,2023-10-03,2023,group_stage,Normal Time,,,3,D,4,0,1,
Atlético Madrid,Feyenoord,3,2,2023-10-04,2023,group_stage,Normal Time,,,3,H,5,1,1,
Royal Antwerp FC,Shakhtar Donetsk,2,3,2023-10-04,2023,group_stage,Normal Time,,,3,A,5,-1,1,
Celtic FC,Lazio,1,2,2023-10-04,2023,group_stage,Normal Time,,,3,A,3,-1,1,
Borussia Dortmund,AC Milan,0,0,2023-10-04,2023,group_stage,Normal Time,,,3,D,0,0,0,
Newcastle United FC,Paris Saint-Germain,4,1,2023-10-04,2023,group_stage,Normal Time,,,3,H,5,3,1,
Crvena Zvezda,BSC Young Boys,2,2,2023-10-04,2023,group_stage,Normal Time,,,3,D,4,0,1,
RB Leipzig,Manchester City,1,3,2023-10-04,2023,group_stage,Normal Time,,,3,A,4,-2,1,
FC Porto,FC Barcelona,0,1,2023-10-04,2023,group_stage,Normal Time,,,3,A,1,-1,0,
Inter Milan,RB Salzburg,2,1,2023-10-24,2023,group_stage,Normal Time,,,3,H,3,1,1,
Galatasaray,Bayern Munich,1,3,2023-10-24,2023,group_stage,Normal Time,,,3,A,4,-2,1,
1. FC Union Berlin,SSC Napoli,0,1,2023-10-24,2023,group_stage,Normal Time,,,3,A,1,-1,0,
Braga,Real Madrid,1,2,2023-10-24,2023,group_stage,Normal Time,,,3,A,3,-1,1,
Benfica,Real Sociedad,0,1,2023-10-24,2023,group_stage,Normal Time,,,3,A,1,-1,0,
Manchester United,FC København,1,0,2023-10-24,2023,group_stage,Normal Time,,,3,H,1,1,0,
Sevilla FC,Arsenal FC,1,2,2023-10-24,2023,group_stage,Normal Time,,,3,A,3,-1,1,
Racing Club de Lens,PSV Eindhoven,1,1,2023-10-24,2023,group_stage,Normal Time,,,3,D,2,0,1,
Feyenoord,Lazio,3,1,2023-10-25,2023,group_stage,Normal Time,,,3,H,4,2,1,
FC Barcelona,Shakhtar Donetsk,2,1,2023-10-25,2023,group_stage,Normal Time,,,3,H,3,1,1,
Celtic FC,Atlético Madrid,2,2,2023-10-25,2023,group_stage,Normal Time,,,3,D,4,0,1,
Paris Saint-Germain,AC Milan,3,0,2023-10-25,2023,group_stage,Normal Time,,,3,H,3,3,0,
Newcastle United FC,Borussia Dortmund,0,1,2023-10-25,2023,group_stage,Normal Time,,,3,A,1,-1,0,
BSC Young Boys,Manchester City,1,3,2023-10-25,2023,group_stage,Normal Time,,,3,A,4,-2,1,
RB Leipzig,Crvena Zvezda,3,1,2023-10-25,2023,group_stage,Normal Time,,,3,H,4,2,1,
Royal Antwerp FC,FC Porto,1,4,2023-10-25,2023,group_stage,Normal Time,,,3,A,5,-3,1,
Borussia Dortmund,Newcastle United FC,2,0,2023-11-07,2023,group_stage,Normal Time,,,3,H,2,2,0,
Shakhtar Donetsk,FC Barcelona,1,0,2023-11-07,2023,group_stage,Normal Time,,,3,H,1,1,0,
Atlético Madrid,Celtic FC,6,0,2023-11-07,2023,group_stage,Normal Time,,,3,H,6,6,0,
Lazio,Feyenoord,1,0,2023-11-07,2023,group_stage,Normal Time,,,3,H,1,1,0,
AC Milan,Paris Saint-Germain,2,1,2023-11-07,2023,group_stage,Normal Time,,,3,H,3,1,1,
Manchester City,BSC Young Boys,3,0,2023-11-07,2023,group_stage,Normal Time,,,3,H,3,3,0,
Crvena Zvezda,RB Leipzig,1,2,2023-11-07,2023,group_stage,Normal Time,,,3,A,3,-1,1,
FC Porto,Royal Antwerp FC,2,0,2023-11-07,2023,group_stage,Normal Time,,,3,H,2,2,0,
SSC Napoli,1. FC Union Berlin,1,1,2023-11-08,2023,group_stage,Normal Time,,,3,D,2,0,1,
Real Sociedad,Benfica,3,1,2023-11-08,2023,group_stage,Normal Time,,,3,H,4,2,1,
Real Madrid,Braga,3,0,2023-11-08,2023,group_stage,Normal Time,,,3,H,3,3,0,
RB Salzburg,Inter Milan,0,1,2023-11-08,2023,group_stage,Normal Time,,,3,A,1,-1,0,
Bayern Munich,Galatasaray,2,1,2023-11-08,2023,group_stage,Normal Time,,,3,H,3,1,1,
FC København,Manchester United,4,3,2023-11-08,2023,group_stage,Normal Time,,,3,H,7,1,1,
Arsenal FC,Sevilla FC,2,0,2023-11-08,2023,group_stage,Normal Time,,,3,H,2,2,0,
PSV Eindhoven,Racing Club de Lens,1,0,2023-11-08,2023,group_stage,Normal Time,,,3,H,1,1,0,
Lazio,Celtic FC,2,0,2023-11-28,2023,group_stage,Normal Time,,,3,H,2,2,0,
Shakhtar Donetsk,Royal Antwerp FC,1,0,2023-11-28,2023,group_stage,Normal Time,,,3,H,1,1,0,
Feyenoord,Atlético Madrid,1,3,2023-11-28,2023,group_stage,Normal Time,,,3,A,4,-2,1,
AC Milan,Borussia Dortmund,1,3,2023-11-28,2023,group_stage,Normal Time,,,3,A,4,-2,1,
Paris Saint-Germain,Newcastle United FC,1,1,2023-11-28,2023,group_stage,Normal Time,,,3,D,2,0,1,
BSC Young Boys,Crvena Zvezda,2,0,2023-11-28,2023,group_stage,Normal Time,,,3,H,2,2,0,
Manchester City,RB Leipzig,3,2,2023-11-28,2023,group_stage,Normal Time,,,3,H,5,1,1,
FC Barcelona,FC Porto,2,1,2023-11-28,2023,group_stage,Normal Time,,,3,H,3,1,1,
Galatasaray,Manchester United,3,3,2023-11-29,2023,group_stage,Normal Time,,,3,D,6,0,1,
Sevilla FC,PSV Eindhoven,2,3,2023-11-29,2023,group_stage,Normal Time,,,3,A,5,-1,1,
Braga,1. FC Union Berlin,1,1,2023-11-29,2023,group_stage,Normal Time,,,3,D,2,0,1,
Real Madrid,SSC Napoli,4,2,2023-11-29,2023,group_stage,Normal Time,,,3,H,6,2,1,
Benfica,Inter Milan,3,3,2023-11-29,2023,group_stage,Normal Time,,,3,D,6,0,1,
Real Sociedad,RB Salzburg,0,0,2023-11-29,2023,group_stage,Normal Time,,,3,D,0,0,0,
Bayern Munich,FC København,0,0,2023-11-29,2023,group_stage,Normal Time,,,3,D,0,0,0,
Arsenal FC,Racing Club de Lens,6,0,2023-11-29,2023,group_stage,Normal Time,,,3,H,6,6,0,
PSV Eindhoven,Arsenal FC,1,1,2023-12-12,2023,group_stage,Normal Time,,,3,D,2,0,1,
Racing Club de Lens,Sevilla FC,2,1,2023-12-12,2023,group_stage,Normal Time,,,3,H,3,1,1,
1. FC Union Berlin,Real Madrid,2,3,2023-12-12,2023,group_stage,Normal Time,,,3,A,5,-1,1,
SSC Napoli,Braga,2,0,2023-12-12,2023,group_stage,Normal Time,,,3,H,2,2,0,
Inter Milan,Real Sociedad,0,0,2023-12-12,2023,group_stage,Normal Time,,,3,D,0,0,0,
RB Salzburg,Benfica,1,3,2023-12-12,2023,group_stage,Normal Time,,,3,A,4,-2,1,
Manchester United,Bayern Munich,0,1,2023-12-12,2023,group_stage,Normal Time,,,3,A,1,-1,0,
FC København,Galatasaray,1,0,2023-12-12,2023,group_stage,Normal Time,,,3,H,1,1,0,
RB Leipzig,BSC Young Boys,2,1,2023-12-13,2023,group_stage,Normal Time,,,3,H,3,1,1,
Crvena Zvezda,Manchester City,2,3,2023-12-13,2023,group_stage,Normal Time,,,3,A,5,-1,1,
Atlético Madrid,Lazio,2,0,2023-12-13,2023,group_stage,Normal Time,,,3,H,2,2,0,
Celtic FC,Feyenoord,2,1,2023-12-13,2023,group_stage,Normal Time,,,3,H,3,1,1,
Newcastle United FC,AC Milan,1,2,2023-12-13,2023,group_stage,Normal Time,,,3,A,3,-1,1,
Borussia Dortmund,Paris Saint-Germain,1,1,2023-12-13,2023,group_stage,Normal Time,,,3,D,2,0,1,
Royal Antwerp FC,FC Barcelona,3,2,2023-12-13,2023,group_stage,Normal Time,,,3,H,5,1,1,
FC Porto,Shakhtar Donetsk,5,3,2023-12-13,2023,group_stage,Normal Time,,,3,H,8,2,1,
FC København,Manchester City,1,3,2024-02-13,2024,round_of_16,Normal Time,,,5,A,4,-2,1,
RB Leipzig,Real Madrid,0,1,2024-02-13,2024,round_of_16,Normal Time,,,5,A,1,-1,0,
Paris Saint-Germain,Real Sociedad,2,0,2024-02-14,2024,round_of_16,Normal Time,,,5,H,2,2,0,
Lazio,Bayern Munich,1,0,2024-02-14,2024,round_of_16,Normal Time,,,5,H,1,1,0,
Inter Milan,Atlético Madrid,1,0,2024-02-20,2024,round_of_16,Normal Time,,,5,H,1,1,0,
PSV Eindhoven,Borussia Dortmund,1,1,2024-02-20,2024,round_of_16,Normal Time,,,5,D,2,0,1,
FC Porto,Arsenal FC,1,0,2024-02-21,2024,round_of_16,Normal Time,,,5,H,1,1,0,
SSC Napoli,FC Barcelona,1,1,2024-02-21,2024,round_of_16,Normal Time,,,5,D,2,0,1,
Real Sociedad,Paris Saint-Germain,1,2,2024-03-05,2024,round_of_16,Normal Time,,,5,A,3,-1,1,
Bayern Munich,Lazio,3,0,2024-03-05,2024,round_of_16,Normal Time,,,5,H,3,3,0,
Manchester City,FC København,3,1,2024-03-06,2024,round_of_16,Normal Time,,,5,H,4,2,1,
Real Madrid,RB Leipzig,1,1,2024-03-06,2024,round_of_16,Normal Time,,,5,D,2,0,1,
Arsenal FC,FC Porto,1,0,2024-03-12,2024,round_of_16,Penalties,4,2,5,H,1,1,0,
FC Barcelona,SSC Napoli,3,1,2024-03-12,2024,round_of_16,Normal Time,,,5,H,4,2,1,
Atlético Madrid,Inter Milan,2,1,2024-03-13,2024,round_of_16,Penalties,3,2,5,H,3,1,1,
Borussia Dortmund,PSV Eindhoven,2,0,2024-03-13,2024,round_of_16,Normal Time,,,5,H,2,2,0,
Arsenal FC,Bayern Munich,2,2,2024-04-09,2024,quarterfinal,Normal Time,,,6,D,4,0,1,
Real Madrid,Manchester City,3,3,2024-04-09,2024,quarterfinal,Normal Time,,,6,D,6,0,1,
Atlético Madrid,Borussia Dortmund,2,1,2024-04-10,2024,quarterfinal,Normal Time,,,6,H,3,1,1,
Paris Saint-Germain,FC Barcelona,2,3,2024-04-10,2024,quarterfinal,Normal Time,,,6,A,5,-1,1,
Borussia Dortmund,Atlético Madrid,4,2,2024-04-16,2024,quarterfinal,Normal Time,,,6,H,6,2,1,
FC Barcelona,Paris Saint-Germain,1,4,2024-04-16,2024,quarterfinal,Normal Time,,,6,A,5,-3,1,
Bayern Munich,Arsenal FC,1,0,2024-04-17,2024,quarterfinal,Normal Time,,,6,H,1,1,0,
Manchester City,Real Madrid,1,1,2024-04-17,2024,quarterfinal,Penalties,3,4,6,D,2,0,1,
Bayern Munich,Real Madrid,2,2,2024-04-30,2024,semifinal,Normal Time,,,7,D,4,0,1,
Borussia Dortmund,Paris Saint-Germain,1,0,2024-05-01,2024,semifinal,Normal Time,,,7,H,1,1,0,
Paris Saint-Germain,Borussia Dortmund,0,1,2024-05-07,2024,semifinal,Normal Time,,,7,A,1,-1,0,
Real Madrid,Bayern Munich,2,1,2024-05-08,2024,semifinal,Normal Time,,,7,H,3,1,1,
Borussia Dortmund,Real Madrid,0,2,2024-06-01,2024,final,Normal Time,,,8,A,2,-2,0,
BSC Young Boys,Aston Villa FC,0,3,2024-09-17,2024,league_phase,Normal Time,,,3,A,3,-3,0,
Juventus,PSV Eindhoven,3,1,2024-09-17,2024,league_phase,Normal Time,,,3,H,4,2,1,
Sporting CP,Lille OSC,2,0,2024-09-17,2024,league_phase,Normal Time,,,3,H,2,2,0,
Bayern Munich,Dinamo Zagreb,9,2,2024-09-17,2024,league_phase,Normal Time,,,3,H,11,7,1,
Real Madrid,VfB Stuttgart,3,1,2024-09-17,2024,league_phase,Normal Time,,,3,H,4,2,1,
AC Milan,Liverpool FC,1,3,2024-09-17,2024,league_phase,Normal Time,,,3,A,4,-2,1,
Bologna FC 1909,Shakhtar Donetsk,0,0,2024-09-18,2024,league_phase,Normal Time,,,3,D,0,0,0,
AC Sparta Praha,RB Salzburg,3,0,2024-09-18,2024,league_phase,Normal Time,,,3,H,3,3,0,
Manchester City,Inter Milan,0,0,2024-09-18,2024,league_phase,Normal Time,,,3,D,0,0,0,
Paris Saint-Germain,Girona FC,1,0,2024-09-18,2024,league_phase,Normal Time,,,3,H,1,1,0,
Club Brugge KV,Borussia Dortmund,0,3,2024-09-18,2024,league_phase,Normal Time,,,3,A,3,-3,0,
Celtic FC,Slovan Bratislava,5,1,2024-09-18,2024,league_phase,Normal Time,,,3,H,6,4,1,
Feyenoord,Bayer Leverkusen,0,4,2024-09-19,2024,league_phase,Normal Time,,,3,A,4,-4,0,
Crvena Zvezda,Benfica,1,2,2024-09-19,2024,league_phase,Normal Time,,,3,A,3,-1,1,
AS Monaco,FC Barcelona,2,1,2024-09-19,2024,league_phase,Normal Time,,,3,H,3,1,1,
Stade Brestois 29,Sturm Graz,2,1,2024-09-19,2024,league_phase,Normal Time,,,3,H,3,1,1,
Atalanta,Arsenal FC,0,0,2024-09-19,2024,league_phase,Normal Time,,,3,D,0,0,0,
Atlético Madrid,RB Leipzig,2,1,2024-09-19,2024,league_phase,Normal Time,,,3,H,3,1,1,
VfB Stuttgart,AC Sparta Praha,1,1,2024-10-01,2024,league_phase,Normal Time,,,3,D,2,0,1,
RB Salzburg,Stade Brestois 29,0,4,2024-10-01,2024,league_phase,Normal Time,,,3,A,4,-4,0,
Slovan Bratislava,Manchester City,0,4,2024-10-01,2024,league_phase,Normal Time,,,3,A,4,-4,0,
Borussia Dortmund,Celtic FC,7,1,2024-10-01,2024,league_phase,Normal Time,,,3,H,8,6,1,
FC Barcelona,BSC Young Boys,5,0,2024-10-01,2024,league_phase,Normal Time,,,3,H,5,5,0,
Inter Milan,Crvena Zvezda,4,0,2024-10-01,2024,league_phase,Normal Time,,,3,H,4,4,0,
Bayer Leverkusen,AC Milan,1,0,2024-10-01,2024,league_phase,Normal Time,,,3,H,1,1,0,
Arsenal FC,Paris Saint-Germain,2,0,2024-10-01,2024,league_phase,Normal Time,,,3,H,2,2,0,
PSV Eindhoven,Sporting CP,1,1,2024-10-01,2024,league_phase,Normal Time,,,3,D,2,0,1,
Girona FC,Feyenoord,2,3,2024-10-02,2024,league_phase,Normal Time,,,3,A,5,-1,1,
Shakhtar Donetsk,Atalanta,0,3,2024-10-02,2024,league_phase,Normal Time,,,3,A,3,-3,0,
Aston Villa FC,Bayern Munich,1,0,2024-10-02,2024,league_phase,Normal Time,,,3,H,1,1,0,
Sturm Graz,Club Brugge KV,0,1,2024-10-02,2024,league_phase,Normal Time,,,3,A,1,-1,0,
Liverpool FC,Bologna FC 1909,2,0,2024-10-02,2024,league_phase,Normal Time,,,3,H,2,2,0,
RB Leipzig,Juventus,2,3,2024-10-02,2024,league_phase,Normal Time,,,3,A,5,-1,1,
Benfica,Atlético Madrid,4,0,2024-10-02,2024,league_phase,Normal Time,,,3,H,4,4,0,
Dinamo Zagreb,AS Monaco,2,2,2024-10-02,2024,league_phase,Normal Time,,,3,D,4,0,1,
Lille OSC,Real Madrid,1,0,2024-10-02,2024,league_phase,Normal Time,,,3,H,1,1,0,
AS Monaco,Crvena Zvezda,5,1,2024-10-22,2024,league_phase,Normal Time,,,3,H,6,4,1,
AC Milan,Club Brugge KV,3,1,2024-10-22,2024,league_phase,Normal Time,,,3,H,4,2,1,
Aston Villa FC,Bologna FC 1909,2,0,2024-10-22,2024,league_phase,Normal Time,,,3,H,2,2,0,
Girona FC,Slovan Bratislava,2,0,2024-10-22,2024,league_phase,Normal Time,,,3,H,2,2,0,
Sturm Graz,Sporting CP,0,2,2024-10-22,2024,league_phase,Normal Time,,,3,A,2,-2,0,
Paris Saint-Germain,PSV Eindhoven,1,1,2024-10-22,2024,league_phase,Normal Time,,,3,D,2,0,1,
Real Madrid,Borussia Dortmund,5,2,2024-10-22,2024,league_phase,Normal Time,,,3,H,7,3,1,
Arsenal FC,Shakhtar Donetsk,1,0,2024-10-22,2024,league_phase,Normal Time,,,3,H,1,1,0,
Juventus,VfB Stuttgart,0,1,2024-10-22,2024,league_phase,Normal Time,,,3,A,1,-1,0,
Stade Brestois 29,Bayer Leverkusen,1,1,2024-10-23,2024,league_phase,Normal Time,,,3,D,2,0,1,
Atalanta,Celtic FC,0,0,2024-10-23,2024,league_phase,Normal Time,,,3,D,0,0,0,
BSC Young Boys,Inter Milan,0,1,2024-10-23,2024,league_phase,Normal Time,,,3,A,1,-1,0,
FC Barcelona,Bayern Munich,4,1,2024-10-23,2024,league_phase,Normal Time,,,3,H,5,3,1,
Manchester City,AC Sparta Praha,5,0,2024-10-23,2024,league_phase,Normal Time,,,3,H,5,5,0,
RB Leipzig,Liverpool FC,0,1,2024-10-23,2024,league_phase,Normal Time,,,3,A,1,-1,0,
Atlético Madrid,Lille OSC,1,3,2024-10-23,2024,league_phase,Normal Time,,,3,A,4,-2,1,
Benfica,Feyenoord,1,3,2024-10-23,2024,league_phase,Normal Time,,,3,A,4,-2,1,
RB Salzburg,Dinamo Zagreb,0,2,2024-10-23,2024,league_phase,Normal Time,,,3,A,2,-2,0,
Slovan Bratislava,Dinamo Zagreb,1,4,2024-11-05,2024,league_phase,Normal Time,,,3,A,5,-3,1,
PSV Eindhoven,Girona FC,4,0,2024-11-05,2024,league_phase,Normal Time,,,3,H,4,4,0,
Sporting CP,Manchester City,4,1,2024-11-05,2024,league_phase,Normal Time,,,3,H,5,3,1,
Bologna FC 1909,AS Monaco,0,1,2024-11-05,2024,league_phase,Normal Time,,,3,A,1,-1,0,
Borussia Dortmund,Sturm Graz,1,0,2024-11-05,2024,league_phase,Normal Time,,,3,H,1,1,0,
Liverpool FC,Bayer Leverkusen,4,0,2024-11-05,2024,league_phase,Normal Time,,,3,H,4,4,0,
Real Madrid,AC Milan,1,3,2024-11-05,2024,league_phase,Normal Time,,,3,A,4,-2,1,
Celtic FC,RB Leipzig,3,1,2024-11-05,2024,league_phase,Normal Time,,,3,H,4,2,1,
Lille OSC,Juventus,1,1,2024-11-05,2024,league_phase,Normal Time,,,3,D,2,0,1,
Club Brugge KV,Aston Villa FC,1,0,2024-11-06,2024,league_phase,Normal Time,,,3,H,1,1,0,
Shakhtar Donetsk,BSC Young Boys,2,1,2024-11-06,2024,league_phase,Normal Time,,,3,H,3,1,1,
AC Sparta Praha,Stade Brestois 29,1,2,2024-11-06,2024,league_phase,Normal Time,,,3,A,3,-1,1,
VfB Stuttgart,Atalanta,0,2,2024-11-06,2024,league_phase,Normal Time,,,3,A,2,-2,0,
Inter Milan,Arsenal FC,1,0,2024-11-06,2024,league_phase,Normal Time,,,3,H,1,1,0,
Paris Saint-Germain,Atlético Madrid,1,2,2024-11-06,2024,league_phase,Normal Time,,,3,A,3,-1,1,
Feyenoord,RB Salzburg,1,3,2024-11-06,2024,league_phase,Normal Time,,,3,A,4,-2,1,
Crvena Zvezda,FC Barcelona,2,5,2024-11-06,2024,league_phase,Normal Time,,,3,A,7,-3,1,
Bayern Munich,Benfica,1,0,2024-11-06,2024,league_phase,Normal Time,,,3,H,1,1,0,
Slovan Bratislava,AC Milan,2,3,2024-11-26,2024,league_phase,Normal Time,,,3,A,5,-1,1,
AC Sparta Praha,Atlético Madrid,0,6,2024-11-26,2024,league_phase,Normal Time,,,3,A,6,-6,0,
Sporting CP,Arsenal FC,1,5,2024-11-26,2024,league_phase,Normal Time,,,3,A,6,-4,1,
BSC Young Boys,Atalanta,1,6,2024-11-26,2024,league_phase,Normal Time,,,3,A,7,-5,1,
Bayern Munich,Paris Saint-Germain,1,0,2024-11-26,2024,league_phase,Normal Time,,,3,H,1,1,0,
FC Barcelona,Stade Brestois 29,3,0,2024-11-26,2024,league_phase,Normal Time,,,3,H,3,3,0,
Inter Milan,RB Leipzig,1,0,2024-11-26,2024,league_phase,Normal Time,,,3,H,1,1,0,
Manchester City,Feyenoord,3,3,2024-11-26,2024,league_phase,Normal Time,,,3,D,6,0,1,
Bayer Leverkusen,RB Salzburg,5,0,2024-11-26,2024,league_phase,Normal Time,,,3,H,5,5,0,
Sturm Graz,Girona FC,1,0,2024-11-27,2024,league_phase,Normal Time,,,3,H,1,1,0,
Crvena Zvezda,VfB Stuttgart,5,1,2024-11-27,2024,league_phase,Normal Time,,,3,H,6,4,1,
AS Monaco,Benfica,2,3,2024-11-27,2024,league_phase,Normal Time,,,3,A,5,-1,1,
Aston Villa FC,Juventus,0,0,2024-11-27,2024,league_phase,Normal Time,,,3,D,0,0,0,
Bologna FC 1909,Lille OSC,1,2,2024-11-27,2024,league_phase,Normal Time,,,3,A,3,-1,1,
Liverpool FC,Real Madrid,2,0,2024-11-27,2024,league_phase,Normal Time,,,3,H,2,2,0,
Celtic FC,Club Brugge KV,1,1,2024-11-27,2024,league_phase,Normal Time,,,3,D,2,0,1,
Dinamo Zagreb,Borussia Dortmund,0,3,2024-11-27,2024,league_phase,Normal Time,,,3,A,3,-3,0,
PSV Eindhoven,Shakhtar Donetsk,3,2,2024-11-27,2024,league_phase,Normal Time,,,3,H,5,1,1,
Girona FC,Liverpool FC,0,1,2024-12-10,2024,league_phase,Normal Time,,,3,A,1,-1,0,
Dinamo Zagreb,Celtic FC,0,0,2024-12-10,2024,league_phase,Normal Time,,,3,D,0,0,0,
Stade Brestois 29,PSV Eindhoven,1,0,2024-12-10,2024,league_phase,Normal Time,,,3,H,1,1,0,
RB Leipzig,Aston Villa FC,2,3,2024-12-10,2024,league_phase,Normal Time,,,3,A,5,-1,1,
Atalanta,Real Madrid,2,3,2024-12-10,2024,league_phase,Normal Time,,,3,A,5,-1,1,
Bayer Leverkusen,Inter Milan,1,0,2024-12-10,2024,league_phase,Normal Time,,,3,H,1,1,0,
Club Brugge KV,Sporting CP,2,1,2024-12-10,2024,league_phase,Normal Time,,,3,H,3,1,1,
Shakhtar Donetsk,Bayern Munich,1,5,2024-12-10,2024,league_phase,Normal Time,,,3,A,6,-4,1,
RB Salzburg,Paris Saint-Germain,0,3,2024-12-10,2024,league_phase,Normal Time,,,3,A,3,-3,0,
Atlético Madrid,Slovan Bratislava,3,1,2024-12-11,2024,league_phase,Normal Time,,,3,H,4,2,1,
Lille OSC,Sturm Graz,3,2,2024-12-11,2024,league_phase,Normal Time,,,3,H,5,1,1,
VfB Stuttgart,BSC Young Boys,5,1,2024-12-11,2024,league_phase,Normal Time,,,3,H,6,4,1,
Borussia Dortmund,FC Barcelona,2,3,2024-12-11,2024,league_phase,Normal Time,,,3,A,5,-1,1,
AC Milan,Crvena Zvezda,2,1,2024-12-11,2024,league_phase,Normal Time,,,3,H,3,1,1,
Benfica,Bologna FC 1909,0,0,2024-12-11,2024,league_phase,Normal Time,,,3,D,0,0,0,
Arsenal FC,AS Monaco,3,0,2024-12-11,2024,league_phase,Normal Time,,,3,H,3,3,0,
Juventus,Manchester City,2,0,2024-12-11,2024,league_phase,Normal Time,,,3,H,2,2,0,
Feyenoord,AC Sparta Praha,4,2,2024-12-11,2024,league_phase,Normal Time,,,3,H,6,2,1,
AS Monaco,Aston Villa FC,1,0,2025-01-21,2025,league_phase,Normal Time,,,3,H,1,1,0,
Atalanta,Sturm Graz,5,0,2025-01-21,2025,league_phase,Normal Time,,,3,H,5,5,0,
Bologna FC 1909,Borussia Dortmund,2,1,2025-01-21,2025,league_phase,Normal Time,,,3,H,3,1,1,
Slovan Bratislava,VfB Stuttgart,1,3,2025-01-21,2025,league_phase,Normal Time,,,3,A,4,-2,1,
Liverpool FC,Lille OSC,2,1,2025-01-21,2025,league_phase,Normal Time,,,3,H,3,1,1,
Atlético Madrid,Bayer Leverkusen,2,1,2025-01-21,2025,league_phase,Normal Time,,,3,H,3,1,1,
Benfica,FC Barcelona,4,5,2025-01-21,2025,league_phase,Normal Time,,,3,A,9,-1,1,
Club Brugge KV,Juventus,0,0,2025-01-21,2025,league_phase,Normal Time,,,3,D,0,0,0,
Crvena Zvezda,PSV Eindhoven,2,3,2025-01-21,2025,league_phase,Normal Time,,,3,A,5,-1,1,
RB Leipzig,Sporting CP,2,1,2025-01-22,2025,league_phase,Normal Time,,,3,H,3,1,1,
Shakhtar Donetsk,Stade Brestois 29,2,0,2025-01-22,2025,league_phase,Normal Time,,,3,H,2,2,0,
AC Sparta Praha,Inter Milan,0,1,2025-01-22,2025,league_phase,Normal Time,,,3,A,1,-1,0,
Paris Saint-Germain,Manchester City,4,2,2025-01-22,2025,league_phase,Normal Time,,,3,H,6,2,1,
Real Madrid,RB Salzburg,5,1,2025-01-22,2025,league_phase,Normal Time,,,3,H,6,4,1,
AC Milan,Girona FC,1,0,2025-01-22,2025,league_phase,Normal Time,,,3,H,1,1,0,
Arsenal FC,Dinamo Zagreb,3,0,2025-01-22,2025,league_phase,Normal Time,,,3,H,3,3,0,
Celtic FC,BSC Young Boys,1,0,2025-01-22,2025,league_phase,Normal Time,,,3,H,1,1,0,
Feyenoord,Bayern Munich,3,0,2025-01-22,2025,league_phase,Normal Time,,,3,H,3,3,0,
Sporting CP,Bologna FC 1909,1,1,2025-01-29,2025,league_phase,Normal Time,,,3,D,2,0,1,
BSC Young Boys,Crvena Zvezda,0,1,2025-01-29,2025,league_phase,Normal Time,,,3,A,1,-1,0,
Aston Villa FC,Celtic FC,4,2,2025-01-29,2025,league_phase,Normal Time,,,3,H,6,2,1,
Girona FC,Arsenal FC,1,2,2025-01-29,2025,league_phase,Normal Time,,,3,A,3,-1,1,
Stade Brestois 29,Real Madrid,0,3,2025-01-29,2025,league_phase,Normal Time,,,3,A,3,-3,0,
Sturm Graz,RB Leipzig,1,0,2025-01-29,2025,league_phase,Normal Time,,,3,H,1,1,0,
VfB Stuttgart,Paris Saint-Germain,1,4,2025-01-29,2025,league_phase,Normal Time,,,3,A,5,-3,1,
Bayern Munich,Slovan Bratislava,3,1,2025-01-29,2025,league_phase,Normal Time,,,3,H,4,2,1,
Borussia Dortmund,Shakhtar Donetsk,3,1,2025-01-29,2025,league_phase,Normal Time,,,3,H,4,2,1,
FC Barcelona,Atalanta,2,2,2025-01-29,2025,league_phase,Normal Time,,,3,D,4,0,1,
Inter Milan,AS Monaco,3,0,2025-01-29,2025,league_phase,Normal Time,,,3,H,3,3,0,
Manchester City,Club Brugge KV,3,1,2025-01-29,2025,league_phase,Normal Time,,,3,H,4,2,1,
Bayer Leverkusen,AC Sparta Praha,2,0,2025-01-29,2025,league_phase,Normal Time,,,3,H,2,2,0,
Juventus,Benfica,0,2,2025-01-29,2025,league_phase,Normal Time,,,3,A,2,-2,0,
Dinamo Zagreb,AC Milan,2,1,2025-01-29,2025,league_phase,Normal Time,,,3,H,3,1,1,
Lille OSC,Feyenoord,6,1,2025-01-29,2025,league_phase,Normal Time,,,3,H,7,5,1,
PSV Eindhoven,Liverpool FC,3,2,2025-01-29,2025,league_phase,Normal Time,,,3,H,5,1,1,
RB Salzburg,Atlético Madrid,1,4,2025-01-29,2025,league_phase,Normal Time,,,3,A,5,-3,1,
Stade Brestois 29,Paris Saint-Germain,0,3,2025-02-11,2025,playoff,Normal Time,,,4,A,3,-3,0,
Manchester City,Real Madrid,2,3,2025-02-11,2025,playoff,Normal Time,,,4,A,5,-1,1,
Juventus,PSV Eindhoven,2,1,2025-02-11,2025,playoff,Normal Time,,,4,H,3,1,1,
Sporting CP,Borussia Dortmund,0,3,2025-02-11,2025,playoff,Normal Time,,,4,A,3,-3,0,
Club Brugge KV,Atalanta,2,1,2025-02-12,2025,playoff,Normal Time,,,4,H,3,1,1,
AS Monaco,Benfica,0,1,2025-02-12,2025,playoff,Normal Time,,,4,A,1,-1,0,
Celtic FC,Bayern Munich,1,2,2025-02-12,2025,playoff,Normal Time,,,4,A,3,-1,1,
Feyenoord,AC Milan,1,0,2025-02-12,2025,playoff,Normal Time,,,4,H,1,1,0,
AC Milan,Feyenoord,1,1,2025-02-18,2025,playoff,Normal Time,,,4,D,2,0,1,
Benfica,AS Monaco,3,3,2025-02-18,2025,playoff,Normal Time,,,4,D,6,0,1,
Bayern Munich,Celtic FC,1,1,2025-02-18,2025,playoff,Normal Time,,,4,D,2,0,1,
Atalanta,Club Brugge KV,1,3,2025-02-18,2025,playoff,Normal Time,,,4,A,4,-2,1,
Borussia Dortmund,Sporting CP,0,0,2025-02-19,2025,playoff,Normal Time,,,4,D,0,0,0,
Paris Saint-Germain,Stade Brestois 29,7,0,2025-02-19,2025,playoff,Normal Time,,,4,H,7,7,0,
Real Madrid,Manchester City,3,1,2025-02-19,2025,playoff,Normal Time,,,4,H,4,2,1,
PSV Eindhoven,Juventus,3,1,2025-02-19,2025,playoff,Normal Time,,,4,H,4,2,1,
Club Brugge KV,Aston Villa FC,1,3,2025-03-04,2025,round_of_16,Normal Time,,,5,A,4,-2,1,
Real Madrid,Atlético Madrid,2,1,2025-03-04,2025,round_of_16,Normal Time,,,5,H,3,1,1,
PSV Eindhoven,Arsenal FC,1,7,2025-03-04,2025,round_of_16,Normal Time,,,5,A,8,-6,1,
Borussia Dortmund,Lille OSC,1,1,2025-03-04,2025,round_of_16,Normal Time,,,5,D,2,0,1,
Feyenoord,Inter Milan,0,2,2025-03-05,2025,round_of_16,Normal Time,,,5,A,2,-2,0,
Paris Saint-Germain,Liverpool FC,0,1,2025-03-05,2025,round_of_16,Normal Time,,,5,A,1,-1,0,
Bayern Munich,Bayer Leverkusen,3,0,2025-03-05,2025,round_of_16,Normal Time,,,5,H,3,3,0,
Benfica,FC Barcelona,0,1,2025-03-05,2025,round_of_16,Normal Time,,,5,A,1,-1,0,
FC Barcelona,Benfica,3,1,2025-03-11,2025,round_of_16,Normal Time,,,5,H,4,2,1,
Liverpool FC,Paris Saint-Germain,0,1,2025-03-11,2025,round_of_16,Penalties,1,4,5,A,1,-1,0,
Inter Milan,Feyenoord,2,1,2025-03-11,2025,round_of_16,Normal Time,,,5,H,3,1,1,
Bayer Leverkusen,Bayern Munich,0,2,2025-03-11,2025,round_of_16,Normal Time,,,5,A,2,-2,0,
Lille OSC,Borussia Dortmund,1,2,2025-03-12,2025,round_of_16,Normal Time,,,5,A,3,-1,1,
Aston Villa FC,Club Brugge KV,3,0,2025-03-12,2025,round_of_16,Normal Time,,,5,H,3,3,0,
Atlético Madrid,Real Madrid,1,0,2025-03-12,2025,round_of_16,Penalties,2,4,5,H,1,1,0,
Arsenal FC,PSV Eindhoven,2,2,2025-03-12,2025,round_of_16,Normal Time,,,5,D,4,0,1,
Arsenal FC,Real Madrid,3,0,2025-04-08,2025,quarterfinal,Normal Time,,,6,H,3,3,0,
Bayern Munich,Inter Milan,1,2,2025-04-08,2025,quarterfinal,Normal Time,,,6,A,3,-1,1,
Paris Saint-Germain,Aston Villa FC,3,1,2025-04-09,2025,quarterfinal,Normal Time,,,6,H,4,2,1,
FC Barcelona,Borussia Dortmund,4,0,2025-04-09,2025,quarterfinal,Normal Time,,,6,H,4,4,0,
Aston Villa FC,Paris Saint-Germain,3,2,2025-04-15,2025,quarterfinal,Normal Time,,,6,H,5,1,1,
Borussia Dortmund,FC Barcelona,3,1,2025-04-15,2025,quarterfinal,Normal Time,,,6,H,4,2,1,
Real Madrid,Arsenal FC,1,2,2025-04-16,2025,quarterfinal,Normal Time,,,6,A,3,-1,1,
Inter Milan,Bayern Munich,2,2,2025-04-16,2025,quarterfinal,Normal Time,,,6,D,4,0,1,
Arsenal FC,Paris Saint-Germain,0,1,2025-04-29,2025,semifinal,Normal Time,,,7,A,1,-1,0,
FC Barcelona,Inter Milan,3,3,2025-04-30,2025,semifinal,Normal Time,,,7,D,6,0,1,
Inter Milan,FC Barcelona,4,3,2025-05-06,2025,semifinal,Normal Time,,,7,H,7,1,1,
Paris Saint-Germain,Arsenal FC,2,1,2025-05-07,2025,semifinal,Normal Time,,,7,H,3,1,1,
Paris Saint-Germain,Inter Milan,5,0,2025-05-31,2025,final,Normal Time,,,8,H,5,5,0,
Athletic Club,Arsenal FC,0,2,2025-09-16,2025,league_phase,Normal Time,,,3,A,2,-2,0,
PSV Eindhoven,Union Saint-Gilloise,1,3,2025-09-16,2025,league_phase,Normal Time,,,3,A,4,-2,1,
Juventus,Borussia Dortmund,4,4,2025-09-16,2025,league_phase,Normal Time,,,3,D,8,0,1,
Benfica,Qarabağ FK,2,3,2025-09-16,2025,league_phase,Normal Time,,,3,A,5,-1,1,
Tottenham Hotspur,Villarreal CF,1,0,2025-09-16,2025,league_phase,Normal Time,,,3,H,1,1,0,
Real Madrid,Olympique Marseille,2,1,2025-09-16,2025,league_phase,Normal Time,,,3,H,3,1,1,
Slavia Praha,FK Bodø/Glimt,2,2,2025-09-17,2025,league_phase,Normal Time,,,3,D,4,0,1,
Olympiacos,Pafos FC,0,0,2025-09-17,2025,league_phase,Normal Time,,,3,D,0,0,0,
AFC Ajax,Inter Milan,0,2,2025-09-17,2025,league_phase,Normal Time,,,3,A,2,-2,0,
Liverpool FC,Atlético Madrid,3,2,2025-09-17,2025,league_phase,Normal Time,,,3,H,5,1,1,
Paris Saint-Germain,Atalanta,4,0,2025-09-17,2025,league_phase,Normal Time,,,3,H,4,4,0,
Bayern Munich,Chelsea FC,3,1,2025-09-17,2025,league_phase,Normal Time,,,3,H,4,2,1,
FC København,Bayer Leverkusen,2,2,2025-09-18,2025,league_phase,Normal Time,,,3,D,4,0,1,
Club Brugge KV,AS Monaco,4,1,2025-09-18,2025,league_phase,Normal Time,,,3,H,5,3,1,
Newcastle United FC,FC Barcelona,1,2,2025-09-18,2025,league_phase,Normal Time,,,3,A,3,-1,1,
Manchester City,SSC Napoli,2,0,2025-09-18,2025,league_phase,Normal Time,,,3,H,2,2,0,
Eintracht Frankfurt,Galatasaray,5,1,2025-09-18,2025,league_phase,Normal Time,,,3,H,6,4,1,
Sporting CP,FK Kairat,4,1,2025-09-18,2025,league_phase,Normal Time,,,3,H,5,3,1,
Atalanta,Club Brugge KV,2,1,2025-09-30,2025,league_phase,Normal Time,,,3,H,3,1,1,
FK Kairat,Real Madrid,0,5,2025-09-30,2025,league_phase,Normal Time,,,3,A,5,-5,0,
Galatasaray,Liverpool FC,1,0,2025-09-30,2025,league_phase,Normal Time,,,3,H,1,1,0,
Atlético Madrid,Eintracht Frankfurt,5,1,2025-09-30,2025,league_phase,Normal Time,,,3,H,6,4,1,
Olympique Marseille,AFC Ajax,4,0,2025-09-30,2025,league_phase,Normal Time,,,3,H,4,4,0,
FK Bodø/Glimt,Tottenham Hotspur,2,2,2025-09-30,2025,league_phase,Normal Time,,,3,D,4,0,1,
Pafos FC,Bayern Munich,1,5,2025-09-30,2025,league_phase,Normal Time,,,3,A,6,-4,1,
Chelsea FC,Benfica,1,0,2025-09-30,2025,league_phase,Normal Time,,,3,H,1,1,0,
Inter Milan,Slavia Praha,3,0,2025-09-30,2025,league_phase,Normal Time,,,3,H,3,3,0,
Qarabağ FK,FC København,2,0,2025-10-01,2025,league_phase,Normal Time,,,3,H,2,2,0,
Union Saint-Gilloise,Newcastle United FC,0,4,2025-10-01,2025,league_phase,Normal Time,,,3,A,4,-4,0,
Borussia Dortmund,Athletic Club,4,1,2025-10-01,2025,league_phase,Normal Time,,,3,H,5,3,1,
FC Barcelona,Paris Saint-Germain,1,2,2025-10-01,2025,league_phase,Normal Time,,,3,A,3,-1,1,
AS Monaco,Manchester City,2,2,2025-10-01,2025,league_phase,Normal Time,,,3,D,4,0,1,
Bayer Leverkusen,PSV Eindhoven,1,1,2025-10-01,2025,league_phase,Normal Time,,,3,D,2,0,1,
Arsenal FC,Olympiacos,2,0,2025-10-01,2025,league_phase,Normal Time,,,3,H,2,2,0,
Villarreal CF,Juventus,2,2,2025-10-01,2025,league_phase,Normal Time,,,3,D,4,0,1,
SSC Napoli,Sporting CP,2,1,2025-10-01,2025,league_phase,Normal Time,,,3,H,3,1,1,
FC Barcelona,Olympiacos,6,1,2025-10-21,2025,league_phase,Normal Time,,,3,H,7,5,1,
FK Kairat,Pafos FC,0,0,2025-10-21,2025,league_phase,Normal Time,,,3,D,0,0,0,
Union Saint-Gilloise,Inter Milan,0,4,2025-10-21,2025,league_phase,Normal Time,,,3,A,4,-4,0,
FC København,Borussia Dortmund,2,4,2025-10-21,2025,league_phase,Normal Time,,,3,A,6,-2,1,
Bayer Leverkusen,Paris Saint-Germain,2,7,2025-10-21,2025,league_phase,Normal Time,,,3,A,9,-5,1,
Villarreal CF,Manchester City,0,2,2025-10-21,2025,league_phase,Normal Time,,,3,A,2,-2,0,
Arsenal FC,Atlético Madrid,4,0,2025-10-21,2025,league_phase,Normal Time,,,3,H,4,4,0,
Newcastle United FC,Benfica,3,0,2025-10-21,2025,league_phase,Normal Time,,,3,H,3,3,0,
PSV Eindhoven,SSC Napoli,6,2,2025-10-21,2025,league_phase,Normal Time,,,3,H,8,4,1,
Galatasaray,FK Bodø/Glimt,3,1,2025-10-22,2025,league_phase,Normal Time,,,3,H,4,2,1,
Athletic Club,Qarabağ FK,3,1,2025-10-22,2025,league_phase,Normal Time,,,3,H,4,2,1,
Eintracht Frankfurt,Liverpool FC,1,5,2025-10-22,2025,league_phase,Normal Time,,,3,A,6,-4,1,
Atalanta,Slavia Praha,0,0,2025-10-22,2025,league_phase,Normal Time,,,3,D,0,0,0,
Sporting CP,Olympique Marseille,2,1,2025-10-22,2025,league_phase,Normal Time,,,3,H,3,1,1,
AS Monaco,Tottenham Hotspur,0,0,2025-10-22,2025,league_phase,Normal Time,,,3,D,0,0,0,
Bayern Munich,Club Brugge KV,4,0,2025-10-22,2025,league_phase,Normal Time,,,3,H,4,4,0,
Chelsea FC,AFC Ajax,5,1,2025-10-22,2025,league_phase,Normal Time,,,3,H,6,4,1,
Real Madrid,Juventus,1,0,2025-10-22,2025,league_phase,Normal Time,,,3,H,1,1,0,
Slavia Praha,Arsenal FC,0,3,2025-11-04,2025,league_phase,Normal Time,,,3,A,3,-3,0,
SSC Napoli,Eintracht Frankfurt,0,0,2025-11-04,2025,league_phase,Normal Time,,,3,D,0,0,0,
Juventus,Sporting CP,1,1,2025-11-04,2025,league_phase,Normal Time,,,3,D,2,0,1,
Atlético Madrid,Union Saint-Gilloise,3,1,2025-11-04,2025,league_phase,Normal Time,,,3,H,4,2,1,
Tottenham Hotspur,FC København,4,0,2025-11-04,2025,league_phase,Normal Time,,,3,H,4,4,0,
FK Bodø/Glimt,AS Monaco,0,1,2025-11-04,2025,league_phase,Normal Time,,,3,A,1,-1,0,
Olympiacos,PSV Eindhoven,1,1,2025-11-04,2025,league_phase,Normal Time,,,3,D,2,0,1,
Paris Saint-Germain,Bayern Munich,1,2,2025-11-04,2025,league_phase,Normal Time,,,3,A,3,-1,1,
Liverpool FC,Real Madrid,1,0,2025-11-04,2025,league_phase,Normal Time,,,3,H,1,1,0,
Pafos FC,Villarreal CF,1,0,2025-11-05,2025,league_phase,Normal Time,,,3,H,1,1,0,
Qarabağ FK,Chelsea FC,2,2,2025-11-05,2025,league_phase,Normal Time,,,3,D,4,0,1,
Inter Milan,FK Kairat,2,1,2025-11-05,2025,league_phase,Normal Time,,,3,H,3,1,1,
Manchester City,Borussia Dortmund,4,1,2025-11-05,2025,league_phase,Normal Time,,,3,H,5,3,1,
Club Brugge KV,FC Barcelona,3,3,2025-11-05,2025,league_phase,Normal Time,,,3,D,6,0,1,
Benfica,Bayer Leverkusen,0,1,2025-11-05,2025,league_phase,Normal Time,,,3,A,1,-1,0,
Olympique Marseille,Atalanta,0,1,2025-11-05,2025,league_phase,Normal Time,,,3,A,1,-1,0,
AFC Ajax,Galatasaray,0,3,2025-11-05,2025,league_phase,Normal Time,,,3,A,3,-3,0,
Newcastle United FC,Athletic Club,2,0,2025-11-05,2025,league_phase,Normal Time,,,3,H,2,2,0,
AFC Ajax,Benfica,0,2,2025-11-25,2025,league_phase,Normal Time,,,3,A,2,-2,0,
Galatasaray,Union Saint-Gilloise,0,1,2025-11-25,2025,league_phase,Normal Time,,,3,A,1,-1,0,
Borussia Dortmund,Villarreal CF,4,0,2025-11-25,2025,league_phase,Normal Time,,,3,H,4,4,0,
Manchester City,Bayer Leverkusen,0,2,2025-11-25,2025,league_phase,Normal Time,,,3,A,2,-2,0,
FK Bodø/Glimt,Juventus,2,3,2025-11-25,2025,league_phase,Normal Time,,,3,A,5,-1,1,
Olympique Marseille,Newcastle United FC,2,1,2025-11-25,2025,league_phase,Normal Time,,,3,H,3,1,1,
Slavia Praha,Athletic Club,0,0,2025-11-25,2025,league_phase,Normal Time,,,3,D,0,0,0,
SSC Napoli,Qarabağ FK,2,0,2025-11-25,2025,league_phase,Normal Time,,,3,H,2,2,0,
Chelsea FC,FC Barcelona,3,0,2025-11-25,2025,league_phase,Normal Time,,,3,H,3,3,0,
Pafos FC,AS Monaco,2,2,2025-11-26,2025,league_phase,Normal Time,,,3,D,4,0,1,
FC København,FK Kairat,3,2,2025-11-26,2025,league_phase,Normal Time,,,3,H,5,1,1,
Liverpool FC,PSV Eindhoven,1,4,2025-11-26,2025,league_phase,Normal Time,,,3,A,5,-3,1,
Paris Saint-Germain,Tottenham Hotspur,5,3,2025-11-26,2025,league_phase,Normal Time,,,3,H,8,2,1,
Eintracht Frankfurt,Atalanta,0,3,2025-11-26,2025,league_phase,Normal Time,,,3,A,3,-3,0,
Sporting CP,Club Brugge KV,3,0,2025-11-26,2025,league_phase,Normal Time,,,3,H,3,3,0,
Arsenal FC,Bayern Munich,3,1,2025-11-26,2025,league_phase,Normal Time,,,3,H,4,2,1,
Olympiacos,Real Madrid,3,4,2025-11-26,2025,league_phase,Normal Time,,,3,A,7,-1,1,
Atlético Madrid,Inter Milan,2,1,2025-11-26,2025,league_phase,Normal Time,,,3,H,3,1,1,
FK Kairat,Olympiacos,0,1,2025-12-09,2025,league_phase,Normal Time,,,3,A,1,-1,0,
Bayern Munich,Sporting CP,3,1,2025-12-09,2025,league_phase,Normal Time,,,3,H,4,2,1,
FC Barcelona,Eintracht Frankfurt,2,1,2025-12-09,2025,league_phase,Normal Time,,,3,H,3,1,1,
PSV Eindhoven,Atlético Madrid,2,3,2025-12-09,2025,league_phase,Normal Time,,,3,A,5,-1,1,
Union Saint-Gilloise,Olympique Marseille,2,3,2025-12-09,2025,league_phase,Normal Time,,,3,A,5,-1,1,
Tottenham Hotspur,Slavia Praha,3,0,2025-12-09,2025,league_phase,Normal Time,,,3,H,3,3,0,
AS Monaco,Galatasaray,1,0,2025-12-09,2025,league_phase,Normal Time,,,3,H,1,1,0,
Atalanta,Chelsea FC,2,1,2025-12-09,2025,league_phase,Normal Time,,,3,H,3,1,1,
Inter Milan,Liverpool FC,0,1,2025-12-09,2025,league_phase,Normal Time,,,3,A,1,-1,0,
Villarreal CF,FC København,2,3,2025-12-10,2025,league_phase,Normal Time,,,3,A,5,-1,1,
Qarabağ FK,AFC Ajax,2,4,2025-12-10,2025,league_phase,Normal Time,,,3,A,6,-2,1,
Borussia Dortmund,FK Bodø/Glimt,2,2,2025-12-10,2025,league_phase,Normal Time,,,3,D,4,0,1,
Athletic Club,Paris Saint-Germain,0,0,2025-12-10,2025,league_phase,Normal Time,,,3,D,0,0,0,
Bayer Leverkusen,Newcastle United FC,2,2,2025-12-10,2025,league_phase,Normal Time,,,3,D,4,0,1,
Club Brugge KV,Arsenal FC,0,3,2025-12-10,2025,league_phase,Normal Time,,,3,A,3,-3,0,
Benfica,SSC Napoli,2,0,2025-12-10,2025,league_phase,Normal Time,,,3,H,2,2,0,
Juventus,Pafos FC,2,0,2025-12-10,2025,league_phase,Normal Time,,,3,H,2,2,0,
Real Madrid,Manchester City,1,2,2025-12-10,2025,league_phase,Normal Time,,,3,A,3,-1,1,
FK Kairat,Club Brugge KV,1,4,2026-01-20,2026,league_phase,Normal Time,,,3,A,5,-3,1,
FK Bodø/Glimt,Manchester City,3,1,2026-01-20,2026,league_phase,Normal Time,,,3,H,4,2,1,
Tottenham Hotspur,Borussia Dortmund,2,0,2026-01-20,2026,league_phase,Normal Time,,,3,H,2,2,0,
Sporting CP,Paris Saint-Germain,2,1,2026-01-20,2026,league_phase,Normal Time,,,3,H,3,1,1,
Olympiacos,Bayer Leverkusen,2,0,2026-01-20,2026,league_phase,Normal Time,,,3,H,2,2,0,
Villarreal CF,AFC Ajax,1,2,2026-01-20,2026,league_phase,Normal Time,,,3,A,3,-1,1,
FC København,SSC Napoli,1,1,2026-01-20,2026,league_phase,Normal Time,,,3,D,2,0,1,
Real Madrid,AS Monaco,6,1,2026-01-20,2026,league_phase,Normal Time,,,3,H,7,5,1,
Inter Milan,Arsenal FC,1,3,2026-01-20,2026,league_phase,Normal Time,,,3,A,4,-2,1,
Qarabağ FK,Eintracht Frankfurt,3,2,2026-01-21,2026,league_phase,Normal Time,,,3,H,5,1,1,
Galatasaray,Atlético Madrid,1,1,2026-01-21,2026,league_phase,Normal Time,,,3,D,2,0,1,
Olympique Marseille,Liverpool FC,0,3,2026-01-21,2026,league_phase,Normal Time,,,3,A,3,-3,0,
Slavia Praha,FC Barcelona,2,4,2026-01-21,2026,league_phase,Normal Time,,,3,A,6,-2,1,
Atalanta,Athletic Club,2,3,2026-01-21,2026,league_phase,Normal Time,,,3,A,5,-1,1,
Juventus,Benfica,2,0,2026-01-21,2026,league_phase,Normal Time,,,3,H,2,2,0,
Newcastle United FC,PSV Eindhoven,3,0,2026-01-21,2026,league_phase,Normal Time,,,3,H,3,3,0,
Bayern Munich,Union Saint-Gilloise,2,0,2026-01-21,2026,league_phase,Normal Time,,,3,H,2,2,0,
Chelsea FC,Pafos FC,1,0,2026-01-21,2026,league_phase,Normal Time,,,3,H,1,1,0,
Liverpool FC,Qarabağ FK,6,0,2026-01-28,2026,league_phase,Normal Time,,,3,H,6,6,0,
FC Barcelona,FC København,4,1,2026-01-28,2026,league_phase,Normal Time,,,3,H,5,3,1,
Manchester City,Galatasaray,2,0,2026-01-28,2026,league_phase,Normal Time,,,3,H,2,2,0,
Bayer Leverkusen,Villarreal CF,3,0,2026-01-28,2026,league_phase,Normal Time,,,3,H,3,3,0,
Arsenal FC,FK Kairat,3,2,2026-01-28,2026,league_phase,Normal Time,,,3,H,5,1,1,
Union Saint-Gilloise,Atalanta,1,0,2026-01-28,2026,league_phase,Normal Time,,,3,H,1,1,0,
Club Brugge KV,Olympique Marseille,3,0,2026-01-28,2026,league_phase,Normal Time,,,3,H,3,3,0,
Eintracht Frankfurt,Tottenham Hotspur,0,2,2026-01-28,2026,league_phase,Normal Time,,,3,A,2,-2,0,
AS Monaco,Juventus,0,0,2026-01-28,2026,league_phase,Normal Time,,,3,D,0,0,0,
Atlético Madrid,FK Bodø/Glimt,1,2,2026-01-28,2026,league_phase,Normal Time,,,3,A,3,-1,1,
Athletic Club,Sporting CP,2,3,2026-01-28,2026,league_phase,Normal Time,,,3,A,5,-1,1,
AFC Ajax,Olympiacos,1,2,2026-01-28,2026,league_phase,Normal Time,,,3,A,3,-1,1,
Paris Saint-Germain,Newcastle United FC,1,1,2026-01-28,2026,league_phase,Normal Time,,,3,D,2,0,1,
Pafos FC,Slavia Praha,4,1,2026-01-28,2026,league_phase,Normal Time,,,3,H,5,3,1,
PSV Eindhoven,Bayern Munich,1,2,2026-01-28,2026,league_phase,Normal Time,,,3,A,3,-1,1,
SSC Napoli,Chelsea FC,2,3,2026-01-28,2026,league_phase,Normal Time,,,3,A,5,-1,1,
Benfica,Real Madrid,4,2,2026-01-28,2026,league_phase,Normal Time,,,3,H,6,2,1,
Borussia Dortmund,Inter Milan,0,2,2026-01-28,2026,league_phase,Normal Time,,,3,A,2,-2,0,
Galatasaray,Juventus,5,2,2026-02-17,2026,playoff,Normal Time,,,4,H,7,3,1,
Benfica,Real Madrid,0,1,2026-02-17,2026,playoff,Normal Time,,,4,A,1,-1,0,
AS Monaco,Paris Saint-Germain,2,3,2026-02-17,2026,playoff,Normal Time,,,4,A,5,-1,1,
Borussia Dortmund,Atalanta,2,0,2026-02-17,2026,playoff,Normal Time,,,4,H,2,2,0,
Qarabağ FK,Newcastle United FC,1,6,2026-02-18,2026,playoff,Normal Time,,,4,A,7,-5,1,
Club Brugge KV,Atlético Madrid,3,3,2026-02-18,2026,playoff,Normal Time,,,4,D,6,0,1,
Olympiacos,Bayer Leverkusen,0,2,2026-02-18,2026,playoff,Normal Time,,,4,A,2,-2,0,
FK Bodø/Glimt,Inter Milan,3,1,2026-02-18,2026,playoff,Normal Time,,,4,H,4,2,1,
Atlético Madrid,Club Brugge KV,4,1,2026-02-24,2026,playoff,Normal Time,,,4,H,5,3,1,
Newcastle United FC,Qarabağ FK,3,2,2026-02-24,2026,playoff,Normal Time,,,4,H,5,1,1,
Bayer Leverkusen,Olympiacos,0,0,2026-02-24,2026,playoff,Normal Time,,,4,D,0,0,0,
Inter Milan,FK Bodø/Glimt,1,2,2026-02-24,2026,playoff,Normal Time,,,4,A,3,-1,1,
Atalanta,Borussia Dortmund,4,1,2026-02-25,2026,playoff,Normal Time,,,4,H,5,3,1,
Real Madrid,Benfica,2,1,2026-02-25,2026,playoff,Normal Time,,,4,H,3,1,1,
Paris Saint-Germain,AS Monaco,2,2,2026-02-25,2026,playoff,Normal Time,,,4,D,4,0,1,
Juventus,Galatasaray,3,0,2026-02-25,2026,playoff,Extra Time,,,4,H,3,3,0,
Galatasaray,Liverpool FC,1,0,2026-03-10,2026,round_of_16,Normal Time,,,5,H,1,1,0,
Atalanta,Bayern Munich,1,6,2026-03-10,2026,round_of_16,Normal Time,,,5,A,7,-5,1,
Newcastle United FC,FC Barcelona,1,1,2026-03-10,2026,round_of_16,Normal Time,,,5,D,2,0,1,
Atlético Madrid,Tottenham Hotspur,5,2,2026-03-10,2026,round_of_16,Normal Time,,,5,H,7,3,1,
Bayer Leverkusen,Arsenal FC,1,1,2026-03-11,2026,round_of_16,Normal Time,,,5,D,2,0,1,
Paris Saint-Germain,Chelsea FC,5,2,2026-03-11,2026,round_of_16,Normal Time,,,5,H,7,3,1,
Real Madrid,Manchester City,3,0,2026-03-11,2026,round_of_16,Normal Time,,,5,H,3,3,0,
FK Bodø/Glimt,Sporting CP,3,0,2026-03-11,2026,round_of_16,Normal Time,,,5,H,3,3,0,
Sporting CP,FK Bodø/Glimt,3,0,2026-03-17,2026,round_of_16,Extra Time,,,5,H,3,3,0,
Chelsea FC,Paris Saint-Germain,0,3,2026-03-17,2026,round_of_16,Normal Time,,,5,A,3,-3,0,
Manchester City,Real Madrid,1,2,2026-03-17,2026,round_of_16,Normal Time,,,5,A,3,-1,1,
Arsenal FC,Bayer Leverkusen,2,0,2026-03-17,2026,round_of_16,Normal Time,,,5,H,2,2,0,
FC Barcelona,Newcastle United FC,7,2,2026-03-18,2026,round_of_16,Normal Time,,,5,H,9,5,1,
Liverpool FC,Galatasaray,4,0,2026-03-18,2026,round_of_16,Normal Time,,,5,H,4,4,0,
Bayern Munich,Atalanta,4,1,2026-03-18,2026,round_of_16,Normal Time,,,5,H,5,3,1,
Tottenham Hotspur,Atlético Madrid,3,2,2026-03-18,2026,round_of_16,Normal Time,,,5,H,5,1,1,
Real Madrid,Bayern Munich,1,2,2026-04-07,2026,quarterfinal,Normal Time,,,6,A,3,-1,1,
Sporting CP,Arsenal FC,0,1,2026-04-07,2026,quarterfinal,Normal Time,,,6,A,1,-1,0,
Paris Saint-Germain,Liverpool FC,2,0,2026-04-08,2026,quarterfinal,Normal Time,,,6,H,2,2,0,
FC Barcelona,Atlético Madrid,0,2,2026-04-08,2026,quarterfinal,Normal Time,,,6,A,2,-2,0,
Liverpool FC,Paris Saint-Germain,0,2,2026-04-14,2026,quarterfinal,Normal Time,,,6,A,2,-2,0,
Atlético Madrid,FC Barcelona,1,2,2026-04-14,2026,quarterfinal,Normal Time,,,6,A,3,-1,1,
Bayern Munich,Real Madrid,4,3,2026-04-15,2026,quarterfinal,Normal Time,,,6,H,7,1,1,
Arsenal FC,Sporting CP,0,0,2026-04-15,2026,quarterfinal,Normal Time,,,6,D,0,0,0,
Paris Saint-Germain,Bayern Munich,5,4,2026-04-28,2026,semifinal,Normal Time,,,7,H,9,1,1,
Atlético Madrid,Arsenal FC,1,1,2026-04-29,2026,semifinal,Normal Time,,,7,D,2,0,1,
Arsenal FC,Atlético Madrid,1,0,2026-05-05,2026,semifinal,Normal Time,,,7,H,1,1,0,
Bayern Munich,Paris Saint-Germain,1,1,2026-05-06,2026,semifinal,Normal Time,,,7,D,2,0,1,
Paris Saint-Germain,Arsenal FC,1,1,2026-05-30,2026,final,Penalties,4,3,8,D,2,0,1,
