match_id,competition,season,date,kickoff_time,kickoff_datetime,stage_raw,stage,stage_order,matchday,group,leg,is_qualifier,neutral,home_team_id,away_team_id,home_team,away_team,home_team_raw,away_team_raw,home_country_code,away_country_code,home_goals,away_goals,home_goals_final,away_goals_final,home_goals_ht,away_goals_ht,home_penalty,away_penalty,decided_by,result,total_goals,goal_diff,btts,home_elo_pre,away_elo_pre,elo_diff_pre,home_matches_before,away_matches_before,score_raw,source_file,source_line,source_commit
UCL-2011-12-M-0001,UEFA Champions League,2011-12,2011-09-13,20:45,2011-09-13T20:45:00,Group E,group_stage,3,,E,not_applicable,0,0,ucl-chelsea-fc,ucl-bayer-leverkusen,Chelsea FC,Bayer Leverkusen,Chelsea FC,Bayer Leverkusen,ENG,GER,2,0,2,0,0,0,,,Normal Time,H,2,2,0,1500.0,1500.0,65.0,0,0,2-0 (0-0),2011-12/cl.txt,95,abfaeddc2ee3d14f99ecc163c9ddb46cb4d67cef
UCL-2011-12-M-0002,UEFA Champions League,2011-12,2011-09-13,20:45,2011-09-13T20:45:00,Group E,group_stage,3,,E,not_applicable,0,0,ucl-krc-genk,ucl-valencia-cf,KRC Genk,Valencia CF,KRC Genk,Valencia CF,BEL,ESP,0,0,0,0,,,,,Normal Time,D,0,0,0,1500.0,1500.0,65.0,0,0,0-0,2011-12/cl.txt,96,abfaeddc2ee3d14f99ecc163c9ddb46cb4d67cef
UCL-2011-12-M-0003,UEFA Champions League,2011-12,2011-09-13,20:45,2011-09-13T20:45:00,Group F,group_stage,3,,F,not_applicable,0,0,ucl-borussia-dortmund,ucl-arsenal-fc,Borussia Dortmund,Arsenal FC,Borussia Dortmund,Arsenal FC,GER,ENG,1,1,1,1,0,1,,,Normal Time,D,2,0,1,1500.0,1500.0,65.0,0,0,1-1 (0-1),2011-12/cl.txt,116,abfaeddc2ee3d14f99ecc163c9ddb46cb4d67cef
UCL-2011-12-M-0004,UEFA Champions League,2011-12,2011-09-13,20:45,2011-09-13T20:45:00,Group F,group_stage,3,,F,not_applicable,0,0,ucl-olympiacos,ucl-olympique-marseille,Olympiacos,Olympique Marseille,Olympiakos Piraeus,Olympique Marseille,GRE,FRA,0,1,0,1,0,0,,,Normal Time,A,1,-1,0,1500.0,1500.0,65.0,0,0,0-1 (0-0),2011-12/cl.txt,117,abfaeddc2ee3d14f99ecc163c9ddb46cb4d67cef
UCL-2011-12-M-0005,UEFA Champions League,2011-12,2011-09-13,20:45,2011-09-13T20:45:00,Group G,group_stage,3,,G,not_applicable,0,0,ucl-apoel-nikosia,ucl-zenit-st-petersburg,APOEL Nikosia,Zenit St. Petersburg,APOEL Nikosia,Zenit St. Petersburg,CYP,RUS,2,1,2,1,0,0,,,Normal Time,H,3,1,1,1500.0,1500.0,65.0,0,0,2-1 (0-0),2011-12/cl.txt,137,abfaeddc2ee3d14f99ecc163c9ddb46cb4d67cef
UCL-2011-12-M-0006,UEFA Champions League,2011-12,2011-09-13,20:45,2011-09-13T20:45:00,Group G,group_stage,3,,G,not_applicable,0,0,ucl-fc-porto,ucl-shakhtar-donetsk,FC Porto,Shakhtar Donetsk,FC Porto,Shakhtar Donetsk,POR,UKR,2,1,2,1,1,1,,,Normal Time,H,3,1,1,1500.0,1500.0,65.0,0,0,2-1 (1-1),2011-12/cl.txt,138,abfaeddc2ee3d14f99ecc163c9ddb46cb4d67cef
UCL-2011-12-M-0007,UEFA Champions League,2011-12,2011-09-13,20:45,2011-09-13T20:45:00,Group H,group_stage,3,,H,not_applicable,0,0,ucl-fc-barcelona,ucl-ac-milan,FC Barcelona,AC Milan,FC Barcelona,AC Milan,ESP,ITA,2,2,2,2,1,1,,,Normal Time,D,4,0,1,1500.0,1500.0,65.0,0,0,2-2 (1-1),2011-12/cl.txt,158,abfaeddc2ee3d14f99ecc163c9ddb46cb4d67cef
UCL-2011-12-M-0008,UEFA Champions League,2011-12,2011-09-13,20:45,2011-09-13T20:45:00,Group H,group_stage,3,,H,not_applicable,0,0,ucl-viktoria-plzen,ucl-bate-borisov,Viktoria Plzeň,BATE Borisov,Viktoria Plzeň,BATE Borisov,CZE,BLR,1,1,1,1,1,0,,,Normal Time,D,2,0,1,1500.0,1500.0,65.0,0,0,1-1 (1-0),2011-12/cl.txt,159,abfaeddc2ee3d14f99ecc163c9ddb46cb4d67cef
UCL-2011-12-M-0009,UEFA Champions League,2011-12,2011-09-14,20:45,2011-09-14T20:45:00,Group A,group_stage,3,,A,not_applicable,0,0,ucl-manchester-city,ucl-ssc-napoli,Manchester City,SSC Napoli,Manchester City,SSC Napoli,ENG,ITA,1,1,1,1,0,0,,,Normal Time,D,2,0,1,1500.0,1500.0,65.0,0,0,1-1 (0-0),2011-12/cl.txt,11,abfaeddc2ee3d14f99ecc163c9ddb46cb4d67cef
UCL-2011-12-M-0010,UEFA Champions League,2011-12,2011-09-14,20:45,2011-09-14T20:45:00,Group A,group_stage,3,,A,not_applicable,0,0,ucl-villarreal-cf,ucl-bayern-munich,Villarreal CF,Bayern Munich,Villarreal CF,Bayern München,ESP,GER,0,2,0,2,0,1,,,Normal Time,A,2,-2,0,1500.0,1500.0,65.0,0,0,0-2 (0-1),2011-12/cl.txt,12,abfaeddc2ee3d14f99ecc163c9ddb46cb4d67cef
UCL-2011-12-M-0011,UEFA Champions League,2011-12,2011-09-14,20:45,2011-09-14T20:45:00,Group B,group_stage,3,,B,not_applicable,0,0,ucl-lille-osc,ucl-cska-moskva,Lille OSC,CSKA Moskva,Lille OSC,CSKA Moskva,FRA,RUS,2,2,2,2,1,0,,,Normal Time,D,4,0,1,1500.0,1500.0,65.0,0,0,2-2 (1-0),2011-12/cl.txt,32,abfaeddc2ee3d14f99ecc163c9ddb46cb4d67cef
UCL-2011-12-M-0012,UEFA Champions League,2011-12,2011-09-14,20:45,2011-09-14T20:45:00,Group B,group_stage,3,,B,not_applicable,0,0,ucl-inter-milan,ucl-trabzonspor,Inter Milan,Trabzonspor,Inter,Trabzonspor,ITA,TUR,0,1,0,1,0,0,,,Normal Time,A,1,-1,0,1500.0,1500.0,65.0,0,0,0-1 (0-0),2011-12/cl.txt,33,abfaeddc2ee3d14f99ecc163c9ddb46cb4d67cef
UCL-2011-12-M-0013,UEFA Champions League,2011-12,2011-09-14,20:45,2011-09-14T20:45:00,Group C,group_stage,3,,C,not_applicable,0,0,ucl-fc-basel-1893,ucl-otelul-galati,FC Basel 1893,Oţelul Galaţi,FC Basel 1893,Oţelul Galaţi,SUI,ROU,2,1,2,1,1,0,,,Normal Time,H,3,1,1,1500.0,1500.0,65.0,0,0,2-1 (1-0),2011-12/cl.txt,53,abfaeddc2ee3d14f99ecc163c9ddb46cb4d67cef
UCL-2011-12-M-0014,UEFA Champions League,2011-12,2011-09-14,20:45,2011-09-14T20:45:00,Group C,group_stage,3,,C,not_applicable,0,0,ucl-benfica,ucl-manchester-united,Benfica,Manchester United,SL Benfica,Manchester United,POR,ENG,1,1,1,1,1,1,,,Normal Time,D,2,0,1,1500.0,1500.0,65.0,0,0,1-1 (1-1),2011-12/cl.txt,54,abfaeddc2ee3d14f99ecc163c9ddb46cb4d67cef
UCL-2011-12-M-0015,UEFA Champions League,2011-12,2011-09-14,20:45,2011-09-14T20:45:00,Group D,group_stage,3,,D,not_applicable,0,0,ucl-afc-ajax,ucl-olympique-lyonnais,AFC Ajax,Olympique Lyonnais,AFC Ajax,Olympique Lyonnais,NED,FRA,0,0,0,0,,,,,Normal Time,D,0,0,0,1500.0,1500.0,65.0,0,0,0-0,2011-12/cl.txt,74,abfaeddc2ee3d14f99ecc163c9ddb46cb4d67cef
UCL-2011-12-M-0016,UEFA Champions League,2011-12,2011-09-14,20:45,2011-09-14T20:45:00,Group D,group_stage,3,,D,not_applicable,0,0,ucl-dinamo-zagreb,ucl-real-madrid,Dinamo Zagreb,Real Madrid,Dinamo Zagreb,Real Madrid,CRO,ESP,0,1,0,1,0,0,,,Normal Time,A,1,-1,0,1500.0,1500.0,65.0,0,0,0-1 (0-0),2011-12/cl.txt,75,abfaeddc2ee3d14f99ecc163c9ddb46cb4d67cef
UCL-2011-12-M-0017,UEFA Champions League,2011-12,2011-09-27,18:00,2011-09-27T18:00:00,Group B,group_stage,3,,B,not_applicable,0,0,ucl-cska-moskva,ucl-inter-milan,CSKA Moskva,Inter Milan,CSKA Moskva,Inter,RUS,ITA,2,3,2,3,1,2,,,Normal Time,A,5,-1,1,1501.85,1488.15,78.7,1,1,2-3 (1-2),2011-12/cl.txt,35,abfaeddc2ee3d14f99ecc163c9ddb46cb4d67cef
UCL-2011-12-M-0018,UEFA Champions League,2011-12,2011-09-27,20:45,2011-09-27T20:45:00,Group A,group_stage,3,,A,not_applicable,0,0,ucl-bayern-munich,ucl-manchester-city,Bayern Munich,Manchester City,Bayern München,Manchester City,GER,ENG,2,0,2,0,2,0,,,Normal Time,H,2,2,0,1511.85,1498.15,78.7,1,1,2-0 (2-0),2011-12/cl.txt,14,abfaeddc2ee3d14f99ecc163c9ddb46cb4d67cef
UCL-2011-12-M-0019,UEFA Champions League,2011-12,2011-09-27,20:45,2011-09-27T20:45:00,Group A,group_stage,3,,A,not_applicable,0,0,ucl-ssc-napoli,ucl-villarreal-cf,SSC Napoli,Villarreal CF,SSC Napoli,Villarreal CF,ITA,ESP,2,0,2,0,2,0,,,Normal Time,H,2,2,0,1501.85,1488.15,78.7,1,1,2-0 (2-0),2011-12/cl.txt,15,abfaeddc2ee3d14f99ecc163c9ddb46cb4d67cef
UCL-2011-12-M-0020,UEFA Champions League,2011-12,2011-09-27,20:45,2011-09-27T20:45:00,Group B,group_stage,3,,B,not_applicable,0,0,ucl-trabzonspor,ucl-lille-osc,Trabzonspor,Lille OSC,Trabzonspor,Lille OSC,TUR,FRA,1,1,1,1,0,1,,,Normal Time,D,2,0,1,1511.85,1498.15,78.7,1,1,1-1 (0-1),2011-12/cl.txt,36,abfaeddc2ee3d14f99ecc163c9ddb46cb4d67cef
UCL-2011-12-M-0021,UEFA Champions League,2011-12,2011-09-27,20:45,2011-09-27T20:45:00,Group C,group_stage,3,,C,not_applicable,0,0,ucl-manchester-united,ucl-fc-basel-1893,Manchester United,FC Basel 1893,Manchester United,FC Basel 1893,ENG,SUI,3,3,3,3,2,0,,,Normal Time,D,6,0,1,1501.85,1508.15,58.7,1,1,3-3 (2-0),2011-12/cl.txt,56,abfaeddc2ee3d14f99ecc163c9ddb46cb4d67cef
UCL-2011-12-M-0022,UEFA Champions League,2011-12,2011-09-27,20:45,2011-09-27T20:45:00,Group C,group_stage,3,,C,not_applicable,0,0,ucl-otelul-galati,ucl-benfica,Oţelul Galaţi,Benfica,Oţelul Galaţi,SL Benfica,ROU,POR,0,1,0,1,0,1,,,Normal Time,A,1,-1,0,1491.85,1498.15,58.7,1,1,0-1 (0-1),2011-12/cl.txt,57,abfaeddc2ee3d14f99ecc163c9ddb46cb4d67cef
UCL-2011-12-M-0023,UEFA Champions League,2011-12,2011-09-27,20:45,2011-09-27T20:45:00,Group D,group_stage,3,,D,not_applicable,0,0,ucl-olympique-lyonnais,ucl-dinamo-zagreb,Olympique Lyonnais,Dinamo Zagreb,Olympique Lyonnais,Dinamo Zagreb,FRA,CRO,2,0,2,0,2,0,,,Normal Time,H,2,2,0,1501.85,1488.15,78.7,1,1,2-0 (2-0),2011-12/cl.txt,77,abfaeddc2ee3d14f99ecc163c9ddb46cb4d67cef
UCL-2011-12-M-0024,UEFA Champions League,2011-12,2011-09-27,20:45,2011-09-27T20:45:00,Group D,group_stage,3,,D,not_applicable,0,0,ucl-real-madrid,ucl-afc-ajax,Real Madrid,AFC Ajax,Real Madrid,AFC Ajax,ESP,NED,3,0,3,0,2,0,,,Normal Time,H,3,3,0,1511.85,1498.15,78.7,1,1,3-0 (2-0),2011-12/cl.txt,78,abfaeddc2ee3d14f99ecc163c9ddb46cb4d67cef
UCL-2011-12-M-0025,UEFA Champions League,2011-12,2011-09-28,18:00,2011-09-28T18:00:00,Group G,group_stage,3,,G,not_applicable,0,0,ucl-zenit-st-petersburg,ucl-fc-porto,Zenit St. Petersburg,FC Porto,Zenit St. Petersburg,FC Porto,RUS,POR,3,1,3,1,1,1,,,Normal Time,H,4,2,1,1491.85,1508.15,48.7,1,1,3-1 (1-1),2011-12/cl.txt,140,abfaeddc2ee3d14f99ecc163c9ddb46cb4d67cef
UCL-2011-12-M-0026,UEFA Champions League,2011-12,2011-09-28,20:45,2011-09-28T20:45:00,Group E,group_stage,3,,E,not_applicable,0,0,ucl-bayer-leverkusen,ucl-krc-genk,Bayer Leverkusen,KRC Genk,Bayer Leverkusen,KRC Genk,GER,BEL,2,0,2,0,1,0,,,Normal Time,H,2,2,0,1491.85,1498.15,58.7,1,1,2-0 (1-0),2011-12/cl.txt,98,abfaeddc2ee3d14f99ecc163c9ddb46cb4d67cef
UCL-2011-12-M-0027,UEFA Champions League,2011-12,2011-09-28,20:45,2011-09-28T20:45:00,Group E,group_stage,3,,E,not_applicable,0,0,ucl-valencia-cf,ucl-chelsea-fc,Valencia CF,Chelsea FC,Valencia CF,Chelsea FC,ESP,ENG,1,1,1,1,0,0,,,Normal Time,D,2,0,1,1501.85,1508.15,58.7,1,1,1-1 (0-0),2011-12/cl.txt,99,abfaeddc2ee3d14f99ecc163c9ddb46cb4d67cef
UCL-2011-12-M-0028,UEFA Champions League,2011-12,2011-09-28,20:45,2011-09-28T20:45:00,Group F,group_stage,3,,F,not_applicable,0,0,ucl-arsenal-fc,ucl-olympiacos,Arsenal FC,Olympiacos,Arsenal FC,Olympiakos Piraeus,ENG,GRE,2,1,2,1,2,1,,,Normal Time,H,3,1,1,1501.85,1488.15,78.7,1,1,2-1 (2-1),2011-12/cl.txt,119,abfaeddc2ee3d14f99ecc163c9ddb46cb4d67cef
UCL-2011-12-M-0029,UEFA Champions League,2011-12,2011-09-28,20:45,2011-09-28T20:45:00,Group F,group_stage,3,,F,not_applicable,0,0,ucl-olympique-marseille,ucl-borussia-dortmund,Olympique Marseille,Borussia Dortmund,Olympique Marseille,Borussia Dortmund,FRA,GER,3,0,3,0,1,0,,,Normal Time,H,3,3,0,1511.85,1498.15,78.7,1,1,3-0 (1-0),2011-12/cl.txt,120,abfaeddc2ee3d14f99ecc163c9ddb46cb4d67cef
UCL-2011-12-M-0030,UEFA Champions League,2011-12,2011-09-28,20:45,2011-09-28T20:45:00,Group G,group_stage,3,,G,not_applicable,0,0,ucl-shakhtar-donetsk,ucl-apoel-nikosia,Shakhtar Donetsk,APOEL Nikosia,Shakhtar Donetsk,APOEL Nikosia,UKR,CYP,1,1,1,1,0,0,,,Normal Time,D,2,0,1,1491.85,1508.15,48.7,1,1,1-1 (0-0),2011-12/cl.txt,141,abfaeddc2ee3d14f99ecc163c9ddb46cb4d67cef
UCL-2011-12-M-0031,UEFA Champions League,2011-12,2011-09-28,20:45,2011-09-28T20:45:00,Group H,group_stage,3,,H,not_applicable,0,0,ucl-ac-milan,ucl-viktoria-plzen,AC Milan,Viktoria Plzeň,AC Milan,Viktoria Plzeň,ITA,CZE,2,0,2,0,0,0,,,Normal Time,H,2,2,0,1501.85,1498.15,68.7,1,1,2-0 (0-0),2011-12/cl.txt,161,abfaeddc2ee3d14f99ecc163c9ddb46cb4d67cef
UCL-2011-12-M-0032,UEFA Champions League,2011-12,2011-09-28,20:45,2011-09-28T20:45:00,Group H,group_stage,3,,H,not_applicable,0,0,ucl-bate-borisov,ucl-fc-barcelona,BATE Borisov,FC Barcelona,BATE Borisov,FC Barcelona,BLR,ESP,0,5,0,5,0,3,,,Normal Time,A,5,-5,0,1501.85,1498.15,68.7,1,1,0-5 (0-3),2011-12/cl.txt,162,abfaeddc2ee3d14f99ecc163c9ddb46cb4d67cef
UCL-2011-12-M-0033,UEFA Champions League,2011-12,2011-10-18,18:00,2011-10-18T18:00:00,Group B,group_stage,3,,B,not_applicable,0,0,ucl-cska-moskva,ucl-trabzonspor,CSKA Moskva,Trabzonspor,CSKA Moskva,Trabzonspor,RUS,TUR,3,0,3,0,1,0,,,Normal Time,H,3,3,0,1489.62,1509.62,45.0,2,2,3-0 (1-0),2011-12/cl.txt,38,abfaeddc2ee3d14f99ecc163c9ddb46cb4d67cef
UCL-2011-12-M-0034,UEFA Champions League,2011-12,2011-10-18,20:45,2011-10-18T20:45:00,Group A,group_stage,3,,A,not_applicable,0,0,ucl-manchester-city,ucl-villarreal-cf,Manchester City,Villarreal CF,Manchester City,Villarreal CF,ENG,ESP,2,1,2,1,1,1,,,Normal Time,H,3,1,1,1490.38,1480.38,75.0,2,2,2-1 (1-1),2011-12/cl.txt,17,abfaeddc2ee3d14f99ecc163c9ddb46cb4d67cef
UCL-2011-12-M-0035,UEFA Champions League,2011-12,2011-10-18,20:45,2011-10-18T20:45:00,Group A,group_stage,3,,A,not_applicable,0,0,ucl-ssc-napoli,ucl-bayern-munich,SSC Napoli,Bayern Munich,SSC Napoli,Bayern München,ITA,GER,1,1,1,1,1,1,,,Normal Time,D,2,0,1,1509.62,1519.62,55.0,2,2,1-1 (1-1),2011-12/cl.txt,18,abfaeddc2ee3d14f99ecc163c9ddb46cb4d67cef
UCL-2011-12-M-0036,UEFA Champions League,2011-12,2011-10-18,20:45,2011-10-18T20:45:00,Group B,group_stage,3,,B,not_applicable,0,0,ucl-lille-osc,ucl-inter-milan,Lille OSC,Inter Milan,Lille OSC,Inter,FRA,ITA,0,1,0,1,0,1,,,Normal Time,A,1,-1,0,1500.38,1500.38,65.0,2,2,0-1 (0-1),2011-12/cl.txt,39,abfaeddc2ee3d14f99ecc163c9ddb46cb4d67cef
UCL-2011-12-M-0037,UEFA Champions League,2011-12,2011-10-18,20:45,2011-10-18T20:45:00,Group C,group_stage,3,,C,not_applicable,0,0,ucl-fc-basel-1893,ucl-benfica,FC Basel 1893,Benfica,FC Basel 1893,SL Benfica,SUI,POR,0,2,0,2,0,1,,,Normal Time,A,2,-2,0,1509.82,1509.82,65.0,2,2,0-2 (0-1),2011-12/cl.txt,59,abfaeddc2ee3d14f99ecc163c9ddb46cb4d67cef
UCL-2011-12-M-0038,UEFA Champions League,2011-12,2011-10-18,20:45,2011-10-18T20:45:00,Group C,group_stage,3,,C,not_applicable,0,0,ucl-otelul-galati,ucl-manchester-united,Oţelul Galaţi,Manchester United,Oţelul Galaţi,Manchester United,ROU,ENG,0,2,0,2,0,0,,,Normal Time,A,2,-2,0,1480.18,1500.18,45.0,2,2,0-2 (0-0),2011-12/cl.txt,60,abfaeddc2ee3d14f99ecc163c9ddb46cb4d67cef
UCL-2011-12-M-0039,UEFA Champions League,2011-12,2011-10-18,20:45,2011-10-18T20:45:00,Group D,group_stage,3,,D,not_applicable,0,0,ucl-dinamo-zagreb,ucl-afc-ajax,Dinamo Zagreb,AFC Ajax,Dinamo Zagreb,AFC Ajax,CRO,NED,0,2,0,2,0,0,,,Normal Time,A,2,-2,0,1480.38,1490.38,55.0,2,2,0-2 (0-0),2011-12/cl.txt,80,abfaeddc2ee3d14f99ecc163c9ddb46cb4d67cef
UCL-2011-12-M-0040,UEFA Champions League,2011-12,2011-10-18,20:45,2011-10-18T20:45:00,Group D,group_stage,3,,D,not_applicable,0,0,ucl-real-madrid,ucl-olympique-lyonnais,Real Madrid,Olympique Lyonnais,Real Madrid,Olympique Lyonnais,ESP,FRA,4,0,4,0,1,0,,,Normal Time,H,4,4,0,1519.62,1509.62,75.0,2,2,4-0 (1-0),2011-12/cl.txt,81,abfaeddc2ee3d14f99ecc163c9ddb46cb4d67cef
UCL-2011-12-M-0041,UEFA Champions League,2011-12,2011-10-19,20:45,2011-10-19T20:45:00,Group E,group_stage,3,,E,not_applicable,0,0,ucl-bayer-leverkusen,ucl-valencia-cf,Bayer Leverkusen,Valencia CF,Bayer Leverkusen,Valencia CF,GER,ESP,2,1,2,1,0,1,,,Normal Time,H,3,1,1,1500.18,1500.18,65.0,2,2,2-1 (0-1),2011-12/cl.txt,101,abfaeddc2ee3d14f99ecc163c9ddb46cb4d67cef
UCL-2011-12-M-0042,UEFA Champions League,2011-12,2011-10-19,20:45,2011-10-19T20:45:00,Group E,group_stage,3,,E,not_applicable,0,0,ucl-chelsea-fc,ucl-krc-genk,Chelsea FC,KRC Genk,Chelsea FC,KRC Genk,ENG,BEL,5,0,5,0,4,0,,,Normal Time,H,5,5,0,1509.82,1489.82,85.0,2,2,5-0 (4-0),2011-12/cl.txt,102,abfaeddc2ee3d14f99ecc163c9ddb46cb4d67cef
UCL-2011-12-M-0043,UEFA Champions League,2011-12,2011-10-19,20:45,2011-10-19T20:45:00,Group F,group_stage,3,,F,not_applicable,0,0,ucl-olympiacos,ucl-borussia-dortmund,Olympiacos,Borussia Dortmund,Olympiakos Piraeus,Borussia Dortmund,GRE,GER,3,1,3,1,2,1,,,Normal Time,H,4,2,1,1480.38,1490.38,55.0,2,2,3-1 (2-1),2011-12/cl.txt,122,abfaeddc2ee3d14f99ecc163c9ddb46cb4d67cef
UCL-2011-12-M-0044,UEFA Champions League,2011-12,2011-10-19,20:45,2011-10-19T20:45:00,Group F,group_stage,3,,F,not_applicable,0,0,ucl-olympique-marseille,ucl-arsenal-fc,Olympique Marseille,Arsenal FC,Olympique Marseille,Arsenal FC,FRA,ENG,0,1,0,1,0,0,,,Normal Time,A,1,-1,0,1519.62,1509.62,75.0,2,2,0-1 (0-0),2011-12/cl.txt,123,abfaeddc2ee3d14f99ecc163c9ddb46cb4d67cef
UCL-2011-12-M-0045,UEFA Champions League,2011-12,2011-10-19,20:45,2011-10-19T20:45:00,Group G,group_stage,3,,G,not_applicable,0,0,ucl-fc-porto,ucl-apoel-nikosia,FC Porto,APOEL Nikosia,FC Porto,APOEL Nikosia,POR,CYP,1,1,1,1,1,1,,,Normal Time,D,2,0,1,1499.54,1509.54,55.0,2,2,1-1 (1-1),2011-12/cl.txt,143,abfaeddc2ee3d14f99ecc163c9ddb46cb4d67cef
UCL-2011-12-M-0046,UEFA Champions League,2011-12,2011-10-19,20:45,2011-10-19T20:45:00,Group G,group_stage,3,,G,not_applicable,0,0,ucl-shakhtar-donetsk,ucl-zenit-st-petersburg,Shakhtar Donetsk,Zenit St. Petersburg,Shakhtar Donetsk,Zenit St. Petersburg,UKR,RUS,2,2,2,2,2,1,,,Normal Time,D,4,0,1,1490.46,1500.46,55.0,2,2,2-2 (2-1),2011-12/cl.txt,144,abfaeddc2ee3d14f99ecc163c9ddb46cb4d67cef
UCL-2011-12-M-0047,UEFA Champions League,2011-12,2011-10-19,20:45,2011-10-19T20:45:00,Group H,group_stage,3,,H,not_applicable,0,0,ucl-ac-milan,ucl-bate-borisov,AC Milan,BATE Borisov,AC Milan,BATE Borisov,ITA,BLR,2,0,2,0,1,0,,,Normal Time,H,2,2,0,1509.9,1489.9,85.0,2,2,2-0 (1-0),2011-12/cl.txt,164,abfaeddc2ee3d14f99ecc163c9ddb46cb4d67cef
UCL-2011-12-M-0048,UEFA Champions League,2011-12,2011-10-19,20:45,2011-10-19T20:45:00,Group H,group_stage,3,,H,not_applicable,0,0,ucl-fc-barcelona,ucl-viktoria-plzen,FC Barcelona,Viktoria Plzeň,FC Barcelona,Viktoria Plzeň,ESP,CZE,2,0,2,0,1,0,,,Normal Time,H,2,2,0,1510.1,1490.1,85.0,2,2,2-0 (1-0),2011-12/cl.txt,165,abfaeddc2ee3d14f99ecc163c9ddb46cb4d67cef
UCL-2011-12-M-0049,UEFA Champions League,2011-12,2011-11-01,18:00,2011-11-01T18:00:00,Group G,group_stage,3,,G,not_applicable,0,0,ucl-zenit-st-petersburg,ucl-shakhtar-donetsk,Zenit St. Petersburg,Shakhtar Donetsk,Zenit St. Petersburg,Shakhtar Donetsk,RUS,UKR,1,0,1,0,1,0,,,Normal Time,H,1,1,0,1502.03,1488.89,78.14,3,3,1-0 (1-0),2011-12/cl.txt,146,abfaeddc2ee3d14f99ecc163c9ddb46cb4d67cef
UCL-2011-12-M-0050,UEFA Champions League,2011-12,2011-11-01,18:00,2011-11-01T18:00:00,Group H,group_stage,3,,H,not_applicable,0,0,ucl-bate-borisov,ucl-ac-milan,BATE Borisov,AC Milan,BATE Borisov,AC Milan,BLR,ITA,1,1,1,1,0,1,,,Normal Time,D,2,0,1,1482.3,1517.5,29.8,3,3,1-1 (0-1),2011-12/cl.txt,167,abfaeddc2ee3d14f99ecc163c9ddb46cb4d67cef
UCL-2011-12-M-0051,UEFA Champions League,2011-12,2011-11-01,20:45,2011-11-01T20:45:00,Group E,group_stage,3,,E,not_applicable,0,0,ucl-krc-genk,ucl-chelsea-fc,KRC Genk,Chelsea FC,KRC Genk,Chelsea FC,BEL,ENG,1,1,1,1,0,1,,,Normal Time,D,2,0,1,1482.22,1517.43,29.8,3,3,1-1 (0-1),2011-12/cl.txt,104,abfaeddc2ee3d14f99ecc163c9ddb46cb4d67cef
UCL-2011-12-M-0052,UEFA Champions League,2011-12,2011-11-01,20:45,2011-11-01T20:45:00,Group E,group_stage,3,,E,not_applicable,0,0,ucl-valencia-cf,ucl-bayer-leverkusen,Valencia CF,Bayer Leverkusen,Valencia CF,Bayer Leverkusen,ESP,GER,3,1,3,1,1,1,,,Normal Time,H,4,2,1,1492.03,1508.33,48.7,3,3,3-1 (1-1),2011-12/cl.txt,105,abfaeddc2ee3d14f99ecc163c9ddb46cb4d67cef
UCL-2011-12-M-0053,UEFA Champions League,2011-12,2011-11-01,20:45,2011-11-01T20:45:00,Group F,group_stage,3,,F,not_applicable,0,0,ucl-arsenal-fc,ucl-olympique-marseille,Arsenal FC,Olympique Marseille,Arsenal FC,Olympique Marseille,ENG,FRA,0,0,0,0,,,,,Normal Time,D,0,0,0,1521.75,1507.5,79.25,3,3,0-0,2011-12/cl.txt,125,abfaeddc2ee3d14f99ecc163c9ddb46cb4d67cef
UCL-2011-12-M-0054,UEFA Champions League,2011-12,2011-11-01,20:45,2011-11-01T20:45:00,Group F,group_stage,3,,F,not_applicable,0,0,ucl-borussia-dortmund,ucl-olympiacos,Borussia Dortmund,Olympiacos,Borussia Dortmund,Olympiakos Piraeus,GER,GRE,1,0,1,0,1,0,,,Normal Time,H,1,1,0,1481.95,1488.81,58.14,3,3,1-0 (1-0),2011-12/cl.txt,126,abfaeddc2ee3d14f99ecc163c9ddb46cb4d67cef
UCL-2011-12-M-0055,UEFA Champions League,2011-12,2011-11-01,20:45,2011-11-01T20:45:00,Group G,group_stage,3,,G,not_applicable,0,0,ucl-apoel-nikosia,ucl-fc-porto,APOEL Nikosia,FC Porto,APOEL Nikosia,FC Porto,CYP,POR,2,1,2,1,1,0,,,Normal Time,H,3,1,1,1511.11,1497.97,78.14,3,3,2-1 (1-0),2011-12/cl.txt,147,abfaeddc2ee3d14f99ecc163c9ddb46cb4d67cef
UCL-2011-12-M-0056,UEFA Champions League,2011-12,2011-11-01,20:45,2011-11-01T20:45:00,Group H,group_stage,3,,H,not_applicable,0,0,ucl-viktoria-plzen,ucl-fc-barcelona,Viktoria Plzeň,FC Barcelona,Viktoria Plzeň,FC Barcelona,CZE,ESP,0,4,0,4,0,2,,,Normal Time,A,4,-4,0,1482.5,1517.7,29.8,3,3,0-4 (0-2),2011-12/cl.txt,168,abfaeddc2ee3d14f99ecc163c9ddb46cb4d67cef
UCL-2011-12-M-0057,UEFA Champions League,2011-12,2011-11-02,20:45,2011-11-02T20:45:00,Group A,group_stage,3,,A,not_applicable,0,0,ucl-bayern-munich,ucl-ssc-napoli,Bayern Munich,SSC Napoli,Bayern München,SSC Napoli,GER,ITA,3,2,3,2,3,1,,,Normal Time,H,5,1,1,1521.19,1508.05,78.14,3,3,3-2 (3-1),2011-12/cl.txt,20,abfaeddc2ee3d14f99ecc163c9ddb46cb4d67cef
UCL-2011-12-M-0058,UEFA Champions League,2011-12,2011-11-02,20:45,2011-11-02T20:45:00,Group A,group_stage,3,,A,not_applicable,0,0,ucl-villarreal-cf,ucl-manchester-city,Villarreal CF,Manchester City,Villarreal CF,Manchester City,ESP,ENG,0,3,0,3,0,2,,,Normal Time,A,3,-3,0,1472.5,1498.25,39.25,3,3,0-3 (0-2),2011-12/cl.txt,21,abfaeddc2ee3d14f99ecc163c9ddb46cb4d67cef
UCL-2011-12-M-0059,UEFA Champions League,2011-12,2011-11-02,20:45,2011-11-02T20:45:00,Group B,group_stage,3,,B,not_applicable,0,0,ucl-trabzonspor,ucl-cska-moskva,Trabzonspor,CSKA Moskva,Trabzonspor,CSKA Moskva,TUR,RUS,0,0,0,0,,,,,Normal Time,D,0,0,0,1500.91,1498.33,67.58,3,3,0-0,2011-12/cl.txt,41,abfaeddc2ee3d14f99ecc163c9ddb46cb4d67cef
UCL-2011-12-M-0060,UEFA Champions League,2011-12,2011-11-02,20:45,2011-11-02T20:45:00,Group B,group_stage,3,,B,not_applicable,0,0,ucl-inter-milan,ucl-lille-osc,Inter Milan,Lille OSC,Inter,Lille OSC,ITA,FRA,2,1,2,1,1,0,,,Normal Time,H,3,1,1,1512.23,1488.53,88.7,3,3,2-1 (1-0),2011-12/cl.txt,42,abfaeddc2ee3d14f99ecc163c9ddb46cb4d67cef
UCL-2011-12-M-0061,UEFA Champions League,2011-12,2011-11-02,20:45,2011-11-02T20:45:00,Group C,group_stage,3,,C,not_applicable,0,0,ucl-manchester-united,ucl-otelul-galati,Manchester United,Oţelul Galaţi,Manchester United,Oţelul Galaţi,ENG,ROU,2,0,2,0,1,0,,,Normal Time,H,2,2,0,1511.46,1468.89,107.58,3,3,2-0 (1-0),2011-12/cl.txt,62,abfaeddc2ee3d14f99ecc163c9ddb46cb4d67cef
UCL-2011-12-M-0062,UEFA Champions League,2011-12,2011-11-02,20:45,2011-11-02T20:45:00,Group C,group_stage,3,,C,not_applicable,0,0,ucl-benfica,ucl-fc-basel-1893,Benfica,FC Basel 1893,SL Benfica,FC Basel 1893,POR,SUI,1,1,1,1,1,0,,,Normal Time,D,2,0,1,1521.67,1497.97,88.7,3,3,1-1 (1-0),2011-12/cl.txt,63,abfaeddc2ee3d14f99ecc163c9ddb46cb4d67cef
UCL-2011-12-M-0063,UEFA Champions League,2011-12,2011-11-02,20:45,2011-11-02T20:45:00,Group D,group_stage,3,,D,not_applicable,0,0,ucl-afc-ajax,ucl-dinamo-zagreb,AFC Ajax,Dinamo Zagreb,AFC Ajax,Dinamo Zagreb,NED,CRO,4,0,4,0,2,0,,,Normal Time,H,4,4,0,1501.95,1468.81,98.14,3,3,4-0 (2-0),2011-12/cl.txt,83,abfaeddc2ee3d14f99ecc163c9ddb46cb4d67cef
UCL-2011-12-M-0064,UEFA Champions League,2011-12,2011-11-02,20:45,2011-11-02T20:45:00,Group D,group_stage,3,,D,not_applicable,0,0,ucl-olympique-lyonnais,ucl-real-madrid,Olympique Lyonnais,Real Madrid,Olympique Lyonnais,Real Madrid,FRA,ESP,0,2,0,2,0,1,,,Normal Time,A,2,-2,0,1501.75,1527.5,39.25,3,3,0-2 (0-1),2011-12/cl.txt,84,abfaeddc2ee3d14f99ecc163c9ddb46cb4d67cef
UCL-2011-12-M-0065,UEFA Champions League,2011-12,2011-11-22,18:00,2011-11-22T18:00:00,Group B,group_stage,3,,B,not_applicable,0,0,ucl-cska-moskva,ucl-lille-osc,CSKA Moskva,Lille OSC,CSKA Moskva,Lille OSC,RUS,FRA,0,2,0,2,0,0,,,Normal Time,A,2,-2,0,1500.25,1481.03,84.23,4,4,0-2 (0-0),2011-12/cl.txt,44,abfaeddc2ee3d14f99ecc163c9ddb46cb4d67cef
UCL-2011-12-M-0066,UEFA Champions League,2011-12,2011-11-22,20:45,2011-11-22T20:45:00,Group A,group_stage,3,,A,not_applicable,0,0,ucl-bayern-munich,ucl-villarreal-cf,Bayern Munich,Villarreal CF,Bayern München,Villarreal CF,GER,ESP,3,1,3,1,2,0,,,Normal Time,H,4,2,1,1528.98,1461.38,132.6,4,4,3-1 (2-0),2011-12/cl.txt,23,abfaeddc2ee3d14f99ecc163c9ddb46cb4d67cef
UCL-2011-12-M-0067,UEFA Champions League,2011-12,2011-11-22,20:45,2011-11-22T20:45:00,Group A,group_stage,3,,A,not_applicable,0,0,ucl-ssc-napoli,ucl-manchester-city,SSC Napoli,Manchester City,SSC Napoli,Manchester City,ITA,ENG,2,1,2,1,1,1,,,Normal Time,H,3,1,1,1500.26,1509.38,55.89,4,4,2-1 (1-1),2011-12/cl.txt,24,abfaeddc2ee3d14f99ecc163c9ddb46cb4d67cef
UCL-2011-12-M-0068,UEFA Champions League,2011-12,2011-11-22,20:45,2011-11-22T20:45:00,Group B,group_stage,3,,B,not_applicable,0,0,ucl-trabzonspor,ucl-inter-milan,Trabzonspor,Inter Milan,Trabzonspor,Inter,TUR,ITA,1,1,1,1,1,1,,,Normal Time,D,2,0,1,1498.99,1519.73,44.26,4,4,1-1 (1-1),2011-12/cl.txt,45,abfaeddc2ee3d14f99ecc163c9ddb46cb4d67cef
UCL-2011-12-M-0069,UEFA Champions League,2011-12,2011-11-22,20:45,2011-11-22T20:45:00,Group C,group_stage,3,,C,not_applicable,0,0,ucl-manchester-united,ucl-benfica,Manchester United,Benfica,Manchester United,SL Benfica,ENG,POR,2,2,2,2,1,1,,,Normal Time,D,4,0,1,1518.46,1519.17,64.29,4,4,2-2 (1-1),2011-12/cl.txt,65,abfaeddc2ee3d14f99ecc163c9ddb46cb4d67cef
UCL-2011-12-M-0070,UEFA Champions League,2011-12,2011-11-22,20:45,2011-11-22T20:45:00,Group C,group_stage,3,,C,not_applicable,0,0,ucl-otelul-galati,ucl-fc-basel-1893,Oţelul Galaţi,FC Basel 1893,Oţelul Galaţi,FC Basel 1893,ROU,SUI,2,3,2,3,0,3,,,Normal Time,A,5,-1,1,1461.89,1500.47,26.41,4,4,2-3 (0-3),2011-12/cl.txt,66,abfaeddc2ee3d14f99ecc163c9ddb46cb4d67cef
UCL-2011-12-M-0071,UEFA Champions League,2011-12,2011-11-22,20:45,2011-11-22T20:45:00,Group D,group_stage,3,,D,not_applicable,0,0,ucl-olympique-lyonnais,ucl-afc-ajax,Olympique Lyonnais,AFC Ajax,Olympique Lyonnais,AFC Ajax,FRA,NED,0,0,0,0,,,,,Normal Time,D,0,0,0,1490.62,1509.2,46.43,4,4,0-0,2011-12/cl.txt,86,abfaeddc2ee3d14f99ecc163c9ddb46cb4d67cef
UCL-2011-12-M-0072,UEFA Champions League,2011-12,2011-11-22,20:45,2011-11-22T20:45:00,Group D,group_stage,3,,D,not_applicable,0,0,ucl-real-madrid,ucl-dinamo-zagreb,Real Madrid,Dinamo Zagreb,Real Madrid,Dinamo Zagreb,ESP,CRO,6,2,6,2,4,0,,,Normal Time,H,8,4,1,1538.62,1461.56,142.06,4,4,6-2 (4-0),2011-12/cl.txt,87,abfaeddc2ee3d14f99ecc163c9ddb46cb4d67cef
UCL-2011-12-M-0073,UEFA Champions League,2011-12,2011-11-23,18:00,2011-11-23T18:00:00,Group G,group_stage,3,,G,not_applicable,0,0,ucl-zenit-st-petersburg,ucl-apoel-nikosia,Zenit St. Petersburg,APOEL Nikosia,Zenit St. Petersburg,APOEL Nikosia,RUS,CYP,0,0,0,0,,,,,Normal Time,D,0,0,0,1509.81,1518.9,55.91,4,4,0-0,2011-12/cl.txt,149,abfaeddc2ee3d14f99ecc163c9ddb46cb4d67cef
UCL-2011-12-M-0074,UEFA Champions League,2011-12,2011-11-23,19:00,2011-11-23T19:00:00,Group H,group_stage,3,,H,not_applicable,0,0,ucl-bate-borisov,ucl-viktoria-plzen,BATE Borisov,Viktoria Plzeň,BATE Borisov,Viktoria Plzeň,BLR,CZE,0,1,0,1,0,1,,,Normal Time,A,1,-1,0,1481.44,1471.65,74.79,4,4,0-1 (0-1),2011-12/cl.txt,170,abfaeddc2ee3d14f99ecc163c9ddb46cb4d67cef
UCL-2011-12-M-0075,UEFA Champions League,2011-12,2011-11-23,20:45,2011-11-23T20:45:00,Group E,group_stage,3,,E,not_applicable,0,0,ucl-bayer-leverkusen,ucl-chelsea-fc,Bayer Leverkusen,Chelsea FC,Bayer Leverkusen,Chelsea FC,GER,ENG,2,1,2,1,0,0,,,Normal Time,H,3,1,1,1499.72,1518.28,46.44,4,4,2-1 (0-0),2011-12/cl.txt,107,abfaeddc2ee3d14f99ecc163c9ddb46cb4d67cef
UCL-2011-12-M-0076,UEFA Champions League,2011-12,2011-11-23,20:45,2011-11-23T20:45:00,Group E,group_stage,3,,E,not_applicable,0,0,ucl-valencia-cf,ucl-krc-genk,Valencia CF,KRC Genk,Valencia CF,KRC Genk,ESP,BEL,7,0,7,0,4,0,,,Normal Time,H,7,7,0,1500.63,1481.37,84.26,4,4,7-0 (4-0),2011-12/cl.txt,108,abfaeddc2ee3d14f99ecc163c9ddb46cb4d67cef
UCL-2011-12-M-0077,UEFA Champions League,2011-12,2011-11-23,20:45,2011-11-23T20:45:00,Group F,group_stage,3,,F,not_applicable,0,0,ucl-arsenal-fc,ucl-borussia-dortmund,Arsenal FC,Borussia Dortmund,Arsenal FC,Borussia Dortmund,ENG,GER,2,1,2,1,0,0,,,Normal Time,H,3,1,1,1519.51,1490.29,94.22,4,4,2-1 (0-0),2011-12/cl.txt,128,abfaeddc2ee3d14f99ecc163c9ddb46cb4d67cef
UCL-2011-12-M-0078,UEFA Champions League,2011-12,2011-11-23,20:45,2011-11-23T20:45:00,Group F,group_stage,3,,F,not_applicable,0,0,ucl-olympique-marseille,ucl-olympiacos,Olympique Marseille,Olympiacos,Olympique Marseille,Olympiakos Piraeus,FRA,GRE,0,1,0,1,0,0,,,Normal Time,A,1,-1,0,1509.74,1480.47,94.27,4,4,0-1 (0-0),2011-12/cl.txt,129,abfaeddc2ee3d14f99ecc163c9ddb46cb4d67cef
UCL-2011-12-M-0079,UEFA Champions League,2011-12,2011-11-23,20:45,2011-11-23T20:45:00,Group G,group_stage,3,,G,not_applicable,0,0,ucl-shakhtar-donetsk,ucl-fc-porto,Shakhtar Donetsk,FC Porto,Shakhtar Donetsk,FC Porto,UKR,POR,0,2,0,2,0,0,,,Normal Time,A,2,-2,0,1481.1,1490.19,55.91,4,4,0-2 (0-0),2011-12/cl.txt,150,abfaeddc2ee3d14f99ecc163c9ddb46cb4d67cef
UCL-2011-12-M-0080,UEFA Champions League,2011-12,2011-11-23,20:45,2011-11-23T20:45:00,Group H,group_stage,3,,H,not_applicable,0,0,ucl-ac-milan,ucl-fc-barcelona,AC Milan,FC Barcelona,AC Milan,FC Barcelona,ITA,ESP,2,3,2,3,1,2,,,Normal Time,A,5,-1,1,1518.35,1528.56,54.79,4,4,2-3 (1-2),2011-12/cl.txt,171,abfaeddc2ee3d14f99ecc163c9ddb46cb4d67cef
UCL-2011-12-M-0081,UEFA Champions League,2011-12,2011-12-06,20:45,2011-12-06T20:45:00,Group E,group_stage,3,,E,not_applicable,0,0,ucl-chelsea-fc,ucl-valencia-cf,Chelsea FC,Valencia CF,Chelsea FC,Valencia CF,ENG,ESP,3,0,3,0,2,0,,,Normal Time,H,3,3,0,1509.61,1508.25,66.36,5,5,3-0 (2-0),2011-12/cl.txt,110,abfaeddc2ee3d14f99ecc163c9ddb46cb4d67cef
UCL-2011-12-M-0082,UEFA Champions League,2011-12,2011-12-06,20:45,2011-12-06T20:45:00,Group E,group_stage,3,,E,not_applicable,0,0,ucl-krc-genk,ucl-bayer-leverkusen,KRC Genk,Bayer Leverkusen,KRC Genk,Bayer Leverkusen,BEL,GER,1,1,1,1,1,0,,,Normal Time,D,2,0,1,1473.75,1508.39,30.36,5,5,1-1 (1-0),2011-12/cl.txt,111,abfaeddc2ee3d14f99ecc163c9ddb46cb4d67cef
UCL-2011-12-M-0083,UEFA Champions League,2011-12,2011-12-06,20:45,2011-12-06T20:45:00,Group F,group_stage,3,,F,not_applicable,0,0,ucl-borussia-dortmund,ucl-olympique-marseille,Borussia Dortmund,Olympique Marseille,Borussia Dortmund,Olympique Marseille,GER,FRA,2,3,2,3,2,1,,,Normal Time,A,5,-1,1,1482.94,1497.09,50.85,5,5,2-3 (2-1),2011-12/cl.txt,131,abfaeddc2ee3d14f99ecc163c9ddb46cb4d67cef
UCL-2011-12-M-0084,UEFA Champions League,2011-12,2011-12-06,20:45,2011-12-06T20:45:00,Group F,group_stage,3,,F,not_applicable,0,0,ucl-olympiacos,ucl-arsenal-fc,Olympiacos,Arsenal FC,Olympiakos Piraeus,Arsenal FC,GRE,ENG,3,1,3,1,2,0,,,Normal Time,H,4,2,1,1493.11,1526.86,31.26,5,5,3-1 (2-0),2011-12/cl.txt,132,abfaeddc2ee3d14f99ecc163c9ddb46cb4d67cef
UCL-2011-12-M-0085,UEFA Champions League,2011-12,2011-12-06,20:45,2011-12-06T20:45:00,Group G,group_stage,3,,G,not_applicable,0,0,ucl-apoel-nikosia,ucl-shakhtar-donetsk,APOEL Nikosia,Shakhtar Donetsk,APOEL Nikosia,Shakhtar Donetsk,CYP,UKR,0,2,0,2,0,0,,,Normal Time,A,2,-2,0,1520.5,1469.5,115.99,5,5,0-2 (0-0),2011-12/cl.txt,152,abfaeddc2ee3d14f99ecc163c9ddb46cb4d67cef
UCL-2011-12-M-0086,UEFA Champions League,2011-12,2011-12-06,20:45,2011-12-06T20:45:00,Group G,group_stage,3,,G,not_applicable,0,0,ucl-fc-porto,ucl-zenit-st-petersburg,FC Porto,Zenit St. Petersburg,FC Porto,Zenit St. Petersburg,POR,RUS,0,0,0,0,,,,,Normal Time,D,0,0,0,1501.78,1508.22,58.56,5,5,0-0,2011-12/cl.txt,153,abfaeddc2ee3d14f99ecc163c9ddb46cb4d67cef
UCL-2011-12-M-0087,UEFA Champions League,2011-12,2011-12-06,20:45,2011-12-06T20:45:00,Group H,group_stage,3,,H,not_applicable,0,0,ucl-fc-barcelona,ucl-bate-borisov,FC Barcelona,BATE Borisov,FC Barcelona,BATE Borisov,ESP,BLR,4,0,4,0,1,0,,,Normal Time,H,4,4,0,1540.12,1469.32,135.8,5,5,4-0 (1-0),2011-12/cl.txt,173,abfaeddc2ee3d14f99ecc163c9ddb46cb4d67cef
UCL-2011-12-M-0088,UEFA Champions League,2011-12,2011-12-06,20:45,2011-12-06T20:45:00,Group H,group_stage,3,,H,not_applicable,0,0,ucl-viktoria-plzen,ucl-ac-milan,Viktoria Plzeň,AC Milan,Viktoria Plzeň,AC Milan,CZE,ITA,2,2,2,2,0,0,,,Normal Time,D,4,0,1,1483.77,1506.79,41.98,5,5,2-2 (0-0),2011-12/cl.txt,174,abfaeddc2ee3d14f99ecc163c9ddb46cb4d67cef
UCL-2011-12-M-0089,UEFA Champions League,2011-12,2011-12-07,20:45,2011-12-07T20:45:00,Group A,group_stage,3,,A,not_applicable,0,0,ucl-manchester-city,ucl-bayern-munich,Manchester City,Bayern Munich,Manchester City,Bayern München,ENG,GER,2,0,2,0,1,0,,,Normal Time,H,2,2,0,1500.97,1535.34,30.63,5,5,2-0 (1-0),2011-12/cl.txt,26,abfaeddc2ee3d14f99ecc163c9ddb46cb4d67cef
UCL-2011-12-M-0090,UEFA Champions League,2011-12,2011-12-07,20:45,2011-12-07T20:45:00,Group A,group_stage,3,,A,not_applicable,0,0,ucl-villarreal-cf,ucl-ssc-napoli,Villarreal CF,SSC Napoli,Villarreal CF,SSC Napoli,ESP,ITA,0,2,0,2,0,0,,,Normal Time,A,2,-2,0,1455.02,1508.67,11.35,5,5,0-2 (0-0),2011-12/cl.txt,27,abfaeddc2ee3d14f99ecc163c9ddb46cb4d67cef
UCL-2011-12-M-0091,UEFA Champions League,2011-12,2011-12-07,20:45,2011-12-07T20:45:00,Group B,group_stage,3,,B,not_applicable,0,0,ucl-inter-milan,ucl-cska-moskva,Inter Milan,CSKA Moskva,Inter,CSKA Moskva,ITA,RUS,1,2,1,2,0,0,,,Normal Time,A,3,-1,1,1521.0,1487.88,98.12,5,5,1-2 (0-0),2011-12/cl.txt,47,abfaeddc2ee3d14f99ecc163c9ddb46cb4d67cef
UCL-2011-12-M-0092,UEFA Champions League,2011-12,2011-12-07,20:45,2011-12-07T20:45:00,Group B,group_stage,3,,B,not_applicable,0,0,ucl-lille-osc,ucl-trabzonspor,Lille OSC,Trabzonspor,Lille OSC,Trabzonspor,FRA,TUR,0,0,0,0,,,,,Normal Time,D,0,0,0,1493.41,1497.72,60.68,5,5,0-0,2011-12/cl.txt,48,abfaeddc2ee3d14f99ecc163c9ddb46cb4d67cef
UCL-2011-12-M-0093,UEFA Champions League,2011-12,2011-12-07,20:45,2011-12-07T20:45:00,Group C,group_stage,3,,C,not_applicable,0,0,ucl-fc-basel-1893,ucl-manchester-united,FC Basel 1893,Manchester United,FC Basel 1893,Manchester United,SUI,ENG,2,1,2,1,1,0,,,Normal Time,H,3,1,1,1511.23,1516.63,59.6,5,5,2-1 (1-0),2011-12/cl.txt,68,abfaeddc2ee3d14f99ecc163c9ddb46cb4d67cef
UCL-2011-12-M-0094,UEFA Champions League,2011-12,2011-12-07,20:45,2011-12-07T20:45:00,Group C,group_stage,3,,C,not_applicable,0,0,ucl-benfica,ucl-otelul-galati,Benfica,Oţelul Galaţi,SL Benfica,Oţelul Galaţi,POR,ROU,1,0,1,0,1,0,,,Normal Time,H,1,1,0,1521.0,1451.13,134.87,5,5,1-0 (1-0),2011-12/cl.txt,69,abfaeddc2ee3d14f99ecc163c9ddb46cb4d67cef
UCL-2011-12-M-0095,UEFA Champions League,2011-12,2011-12-07,20:45,2011-12-07T20:45:00,Group D,group_stage,3,,D,not_applicable,0,0,ucl-afc-ajax,ucl-real-madrid,AFC Ajax,Real Madrid,AFC Ajax,Real Madrid,NED,ESP,0,3,0,3,0,2,,,Normal Time,A,3,-3,0,1510.52,1544.75,30.78,5,5,0-3 (0-2),2011-12/cl.txt,89,abfaeddc2ee3d14f99ecc163c9ddb46cb4d67cef
UCL-2011-12-M-0096,UEFA Champions League,2011-12,2011-12-07,20:45,2011-12-07T20:45:00,Group D,group_stage,3,,D,not_applicable,0,0,ucl-dinamo-zagreb,ucl-olympique-lyonnais,Dinamo Zagreb,Olympique Lyonnais,Dinamo Zagreb,Olympique Lyonnais,CRO,FRA,1,7,1,7,1,1,,,Normal Time,A,8,-6,1,1455.44,1489.29,31.14,5,5,1-7 (1-1),2011-12/cl.txt,90,abfaeddc2ee3d14f99ecc163c9ddb46cb4d67cef
UCL-2011-12-M-0097,UEFA Champions League,2011-12,2012-02-14,20:45,2012-02-14T20:45:00,Round of 16,round_of_16,5,,,1,0,0,ucl-olympique-lyonnais,ucl-apoel-nikosia,Olympique Lyonnais,APOEL Nikosia,Olympique Lyonnais,APOEL Nikosia,FRA,CYP,1,0,1,0,0,0,,,Normal Time,H,1,1,0,1500.19,1507.28,57.91,6,6,1-0 (0-0),2011-12/cl.txt,179,abfaeddc2ee3d14f99ecc163c9ddb46cb4d67cef
UCL-2011-12-M-0098,UEFA Champions League,2011-12,2012-02-14,20:45,2012-02-14T20:45:00,Round of 16,round_of_16,5,,,1,0,0,ucl-bayer-leverkusen,ucl-fc-barcelona,Bayer Leverkusen,FC Barcelona,Bayer Leverkusen,FC Barcelona,GER,ESP,1,3,1,3,0,1,,,Normal Time,A,4,-2,1,1509.26,1546.4,27.86,6,6,1-3 (0-1),2011-12/cl.txt,180,abfaeddc2ee3d14f99ecc163c9ddb46cb4d67cef
UCL-2011-12-M-0099,UEFA Champions League,2011-12,2012-02-15,18:00,2012-02-15T18:00:00,Round of 16,round_of_16,5,,,1,0,0,ucl-zenit-st-petersburg,ucl-benfica,Zenit St. Petersburg,Benfica,Zenit St. Petersburg,SL Benfica,RUS,POR,3,2,3,2,1,1,,,Normal Time,H,5,1,1,1509.89,1527.31,47.58,6,6,3-2 (1-1),2011-12/cl.txt,182,abfaeddc2ee3d14f99ecc163c9ddb46cb4d67cef
UCL-2011-12-M-0100,UEFA Champions League,2011-12,2012-02-15,20:45,2012-02-15T20:45:00,Round of 16,round_of_16,5,,,1,0,0,ucl-ac-milan,ucl-arsenal-fc,AC Milan,Arsenal FC,AC Milan,Arsenal FC,ITA,ENG,4,0,4,0,2,0,,,Normal Time,H,4,4,0,1507.99,1517.76,55.24,6,6,4-0 (2-0),2011-12/cl.txt,183,abfaeddc2ee3d14f99ecc163c9ddb46cb4d67cef
UCL-2011-12-M-0101,UEFA Champions League,2011-12,2012-02-21,18:00,2012-02-21T18:00:00,Round of 16,round_of_16,5,,,1,0,0,ucl-cska-moskva,ucl-real-madrid,CSKA Moskva,Real Madrid,CSKA Moskva,Real Madrid,RUS,ESP,1,1,1,1,0,1,,,Normal Time,D,2,0,1,1500.63,1555.63,10.0,6,6,1-1 (0-1),2011-12/cl.txt,185,abfaeddc2ee3d14f99ecc163c9ddb46cb4d67cef
UCL-2011-12-M-0102,UEFA Champions League,2011-12,2012-02-21,20:45,2012-02-21T20:45:00,Round of 16,round_of_16,5,,,1,0,0,ucl-ssc-napoli,ucl-chelsea-fc,SSC Napoli,Chelsea FC,SSC Napoli,Chelsea FC,ITA,ENG,3,1,3,1,2,1,,,Normal Time,H,4,2,1,1519.0,1517.72,66.27,6,6,3-1 (2-1),2011-12/cl.txt,186,abfaeddc2ee3d14f99ecc163c9ddb46cb4d67cef
UCL-2011-12-M-0103,UEFA Champions League,2011-12,2012-02-22,20:45,2012-02-22T20:45:00,Round of 16,round_of_16,5,,,1,0,0,ucl-fc-basel-1893,ucl-bayern-munich,FC Basel 1893,Bayern Munich,FC Basel 1893,Bayern München,SUI,GER,1,0,1,0,0,0,,,Normal Time,H,1,1,0,1519.53,1526.22,58.32,6,6,1-0 (0-0),2011-12/cl.txt,188,abfaeddc2ee3d14f99ecc163c9ddb46cb4d67cef
UCL-2011-12-M-0104,UEFA Champions League,2011-12,2012-02-22,20:45,2012-02-22T20:45:00,Round of 16,round_of_16,5,,,1,0,0,ucl-olympique-marseille,ucl-inter-milan,Olympique Marseille,Inter Milan,Olympique Marseille,Inter,FRA,ITA,1,0,1,0,0,0,,,Normal Time,H,1,1,0,1508.54,1508.24,65.3,6,6,1-0 (0-0),2011-12/cl.txt,189,abfaeddc2ee3d14f99ecc163c9ddb46cb4d67cef
UCL-2011-12-M-0105,UEFA Champions League,2011-12,2012-03-06,20:45,2012-03-06T20:45:00,Round of 16,round_of_16,5,,,2,0,0,ucl-arsenal-fc,ucl-ac-milan,Arsenal FC,AC Milan,Arsenal FC,AC Milan,ENG,ITA,3,0,3,0,3,0,,,Normal Time,H,3,3,0,1509.33,1516.42,57.92,7,7,3-0 (3-0),2011-12/cl.txt,191,abfaeddc2ee3d14f99ecc163c9ddb46cb4d67cef
UCL-2011-12-M-0106,UEFA Champions League,2011-12,2012-03-06,20:45,2012-03-06T20:45:00,Round of 16,round_of_16,5,,,2,0,0,ucl-benfica,ucl-zenit-st-petersburg,Benfica,Zenit St. Petersburg,SL Benfica,Zenit St. Petersburg,POR,RUS,2,0,2,0,1,0,,,Normal Time,H,2,2,0,1518.67,1518.53,65.14,7,7,2-0 (1-0),2011-12/cl.txt,192,abfaeddc2ee3d14f99ecc163c9ddb46cb4d67cef
UCL-2011-12-M-0107,UEFA Champions League,2011-12,2012-03-07,20:45,2012-03-07T20:45:00,Round of 16,round_of_16,5,,,2,0,0,ucl-apoel-nikosia,ucl-olympique-lyonnais,APOEL Nikosia,Olympique Lyonnais,APOEL Nikosia,Olympique Lyonnais,CYP,FRA,1,0,1,0,1,0,4,3,Penalties,H,1,1,0,1498.93,1508.54,55.39,7,7,"4-3 pen. 1-0 a.e.t. (1-0, 1-0)",2011-12/cl.txt,194,abfaeddc2ee3d14f99ecc163c9ddb46cb4d67cef
UCL-2011-12-M-0108,UEFA Champions League,2011-12,2012-03-07,20:45,2012-03-07T20:45:00,Round of 16,round_of_16,5,,,2,0,0,ucl-fc-barcelona,ucl-bayer-leverkusen,FC Barcelona,Bayer Leverkusen,FC Barcelona,Bayer Leverkusen,ESP,GER,7,1,7,1,2,0,,,Normal Time,H,8,6,1,1557.2,1498.46,123.74,7,7,7-1 (2-0),2011-12/cl.txt,195,abfaeddc2ee3d14f99ecc163c9ddb46cb4d67cef
UCL-2011-12-M-0109,UEFA Champions League,2011-12,2012-03-13,20:45,2012-03-13T20:45:00,Round of 16,round_of_16,5,,,2,0,0,ucl-bayern-munich,ucl-fc-basel-1893,Bayern Munich,FC Basel 1893,Bayern München,FC Basel 1893,GER,SUI,7,0,7,0,3,0,,,Normal Time,H,7,7,0,1517.88,1527.87,55.01,7,7,7-0 (3-0),2011-12/cl.txt,197,abfaeddc2ee3d14f99ecc163c9ddb46cb4d67cef
UCL-2011-12-M-0110,UEFA Champions League,2011-12,2012-03-13,20:45,2012-03-13T20:45:00,Round of 16,round_of_16,5,,,2,0,0,ucl-inter-milan,ucl-olympique-marseille,Inter Milan,Olympique Marseille,Inter,Olympique Marseille,ITA,FRA,2,1,2,1,0,0,,,Normal Time,H,3,1,1,1500.1,1516.69,48.42,7,7,2-1 (0-0),2011-12/cl.txt,198,abfaeddc2ee3d14f99ecc163c9ddb46cb4d67cef
UCL-2011-12-M-0111,UEFA Champions League,2011-12,2012-03-14,20:45,2012-03-14T20:45:00,Round of 16,round_of_16,5,,,2,0,0,ucl-chelsea-fc,ucl-ssc-napoli,Chelsea FC,SSC Napoli,Chelsea FC,SSC Napoli,ENG,ITA,3,1,4,1,1,0,,,Extra Time,H,4,2,1,1509.61,1527.11,47.5,7,7,"4-1 a.e.t. (3-1, 1-0)",2011-12/cl.txt,200,abfaeddc2ee3d14f99ecc163c9ddb46cb4d67cef
UCL-2011-12-M-0112,UEFA Champions League,2011-12,2012-03-14,20:45,2012-03-14T20:45:00,Round of 16,round_of_16,5,,,2,0,0,ucl-real-madrid,ucl-cska-moskva,Real Madrid,CSKA Moskva,Real Madrid,CSKA Moskva,ESP,RUS,4,1,4,1,1,0,,,Normal Time,H,5,3,1,1555.92,1500.34,120.58,7,7,4-1 (1-0),2011-12/cl.txt,201,abfaeddc2ee3d14f99ecc163c9ddb46cb4d67cef
UCL-2011-12-M-0113,UEFA Champions League,2011-12,2012-03-27,20:45,2012-03-27T20:45:00,Quarterfinals,quarterfinal,6,,,1,0,0,ucl-apoel-nikosia,ucl-real-madrid,APOEL Nikosia,Real Madrid,APOEL Nikosia,Real Madrid,CYP,ESP,0,3,0,3,0,0,,,Normal Time,A,3,-3,0,1507.35,1562.58,9.77,8,8,0-3 (0-0),2011-12/cl.txt,206,abfaeddc2ee3d14f99ecc163c9ddb46cb4d67cef
UCL-2011-12-M-0114,UEFA Champions League,2011-12,2012-03-27,20:45,2012-03-27T20:45:00,Quarterfinals,quarterfinal,6,,,1,0,0,ucl-benfica,ucl-chelsea-fc,Benfica,Chelsea FC,SL Benfica,Chelsea FC,POR,ENG,0,1,0,1,0,0,,,Normal Time,A,1,-1,0,1526.81,1518.25,73.57,8,8,0-1 (0-0),2011-12/cl.txt,207,abfaeddc2ee3d14f99ecc163c9ddb46cb4d67cef
UCL-2011-12-M-0115,UEFA Champions League,2011-12,2012-03-28,20:45,2012-03-28T20:45:00,Quarterfinals,quarterfinal,6,,,1,0,0,ucl-olympique-marseille,ucl-bayern-munich,Olympique Marseille,Bayern Munich,Olympique Marseille,Bayern München,FRA,GER,0,2,0,2,0,1,,,Normal Time,A,2,-2,0,1508.07,1526.31,46.76,8,8,0-2 (0-1),2011-12/cl.txt,209,abfaeddc2ee3d14f99ecc163c9ddb46cb4d67cef
UCL-2011-12-M-0116,UEFA Champions League,2011-12,2012-03-28,20:45,2012-03-28T20:45:00,Quarterfinals,quarterfinal,6,,,1,0,0,ucl-ac-milan,ucl-fc-barcelona,AC Milan,FC Barcelona,AC Milan,FC Barcelona,ITA,ESP,0,0,0,0,,,,,Normal Time,D,0,0,0,1508.07,1563.78,9.28,8,8,0-0,2011-12/cl.txt,210,abfaeddc2ee3d14f99ecc163c9ddb46cb4d67cef
UCL-2011-12-M-0117,UEFA Champions League,2011-12,2012-04-03,20:45,2012-04-03T20:45:00,Quarterfinals,quarterfinal,6,,,2,0,0,ucl-bayern-munich,ucl-olympique-marseille,Bayern Munich,Olympique Marseille,Bayern München,Olympique Marseille,GER,FRA,2,0,2,0,2,0,,,Normal Time,H,2,2,0,1537.65,1496.73,105.92,9,9,2-0 (2-0),2011-12/cl.txt,212,abfaeddc2ee3d14f99ecc163c9ddb46cb4d67cef
UCL-2011-12-M-0118,UEFA Champions League,2011-12,2012-04-03,20:45,2012-04-03T20:45:00,Quarterfinals,quarterfinal,6,,,2,0,0,ucl-fc-barcelona,ucl-ac-milan,FC Barcelona,AC Milan,FC Barcelona,AC Milan,ESP,ITA,3,1,3,1,2,1,,,Normal Time,H,4,2,1,1564.05,1507.8,121.25,9,9,3-1 (2-1),2011-12/cl.txt,213,abfaeddc2ee3d14f99ecc163c9ddb46cb4d67cef
UCL-2011-12-M-0119,UEFA Champions League,2011-12,2012-04-04,20:45,2012-04-04T20:45:00,Quarterfinals,quarterfinal,6,,,2,0,0,ucl-real-madrid,ucl-apoel-nikosia,Real Madrid,APOEL Nikosia,Real Madrid,APOEL Nikosia,ESP,CYP,5,2,5,2,2,0,,,Normal Time,H,7,3,1,1572.86,1497.07,140.79,9,9,5-2 (2-0),2011-12/cl.txt,215,abfaeddc2ee3d14f99ecc163c9ddb46cb4d67cef
UCL-2011-12-M-0120,UEFA Champions League,2011-12,2012-04-04,20:45,2012-04-04T20:45:00,Quarterfinals,quarterfinal,6,,,2,0,0,ucl-chelsea-fc,ucl-benfica,Chelsea FC,Benfica,Chelsea FC,SL Benfica,ENG,POR,2,1,2,1,1,0,,,Normal Time,H,3,1,1,1530.34,1514.73,80.61,9,9,2-1 (1-0),2011-12/cl.txt,216,abfaeddc2ee3d14f99ecc163c9ddb46cb4d67cef
UCL-2011-12-M-0121,UEFA Champions League,2011-12,2012-04-17,20:45,2012-04-17T20:45:00,Semifinals,semifinal,7,,,1,0,0,ucl-bayern-munich,ucl-real-madrid,Bayern Munich,Real Madrid,Bayern München,Real Madrid,GER,ESP,2,1,2,1,1,0,,,Normal Time,H,3,1,1,1544.69,1579.02,30.67,10,10,2-1 (1-0),2011-12/cl.txt,221,abfaeddc2ee3d14f99ecc163c9ddb46cb4d67cef
UCL-2011-12-M-0122,UEFA Champions League,2011-12,2012-04-18,20:45,2012-04-18T20:45:00,Semifinals,semifinal,7,,,1,0,0,ucl-chelsea-fc,ucl-fc-barcelona,Chelsea FC,FC Barcelona,Chelsea FC,FC Barcelona,ENG,ESP,1,0,1,0,1,0,,,Normal Time,H,1,1,0,1538.06,1570.7,32.36,10,10,1-0 (1-0),2011-12/cl.txt,223,abfaeddc2ee3d14f99ecc163c9ddb46cb4d67cef
UCL-2011-12-M-0123,UEFA Champions League,2011-12,2012-04-24,20:45,2012-04-24T20:45:00,Semifinals,semifinal,7,,,2,0,0,ucl-fc-barcelona,ucl-chelsea-fc,FC Barcelona,Chelsea FC,FC Barcelona,Chelsea FC,ESP,ENG,2,2,2,2,2,1,,,Normal Time,D,4,0,1,1561.63,1547.13,79.5,11,11,2-2 (2-1),2011-12/cl.txt,225,abfaeddc2ee3d14f99ecc163c9ddb46cb4d67cef
UCL-2011-12-M-0124,UEFA Champions League,2011-12,2012-04-25,20:45,2012-04-25T20:45:00,Semifinals,semifinal,7,,,2,0,0,ucl-real-madrid,ucl-bayern-munich,Real Madrid,Bayern Munich,Real Madrid,Bayern München,ESP,GER,2,1,2,1,2,1,1,3,Penalties,H,3,1,1,1569.9,1553.81,81.09,11,11,"1-3 pen. 2-1 a.e.t. (2-1, 2-1)",2011-12/cl.txt,227,abfaeddc2ee3d14f99ecc163c9ddb46cb4d67cef
UCL-2011-12-M-0125,UEFA Champions League,2011-12,2012-05-19,20:45,2012-05-19T20:45:00,Final,final,8,,,single,0,1,ucl-bayern-munich,ucl-chelsea-fc,Bayern Munich,Chelsea FC,Bayern München,Chelsea FC,GER,ENG,1,1,1,1,0,0,3,4,Penalties,D,2,0,1,1546.1,1549.38,-3.27,12,12,"3-4 pen. 1-1 a.e.t. (1-1, 0-0)",2011-12/cl.txt,232,abfaeddc2ee3d14f99ecc163c9ddb46cb4d67cef
UCL-2012-13-M-0001,UEFA Champions League,2012-13,2012-09-18,20:45,2012-09-18T20:45:00,Group A,group_stage,3,,A,not_applicable,0,0,ucl-paris-saint-germain,ucl-dinamo-kiev,Paris Saint-Germain,Dinamo Kiev,Paris Saint-Germain,Dinamo Kiev,FRA,UKR,4,1,4,1,3,0,,,Normal Time,H,5,3,1,1500.0,1500.0,65.0,0,0,4-1 (3-0),2012-13/cl.txt,11,abfaeddc2ee3d14f99ecc163c9ddb46cb4d67cef
UCL-2012-13-M-0002,UEFA Champions League,2012-13,2012-09-18,20:45,2012-09-18T20:45:00,Group A,group_stage,3,,A,not_applicable,0,0,ucl-dinamo-zagreb,ucl-fc-porto,Dinamo Zagreb,FC Porto,Dinamo Zagreb,FC Porto,CRO,POR,0,2,0,2,0,1,,,Normal Time,A,2,-2,0,1452.86,1500.09,17.77,6,6,0-2 (0-1),2012-13/cl.txt,12,abfaeddc2ee3d14f99ecc163c9ddb46cb4d67cef
UCL-2012-13-M-0003,UEFA Champions League,2012-13,2012-09-18,20:45,2012-09-18T20:45:00,Group B,group_stage,3,,B,not_applicable,0,0,ucl-olympiacos,ucl-fc-schalke-04,Olympiacos,FC Schalke 04,Olympiakos Piraeus,FC Schalke 04,GRE,GER,1,2,1,2,0,1,,,Normal Time,A,3,-1,1,1501.88,1500.0,66.88,6,0,1-2 (0-1),2012-13/cl.txt,32,abfaeddc2ee3d14f99ecc163c9ddb46cb4d67cef
UCL-2012-13-M-0004,UEFA Champions League,2012-13,2012-09-18,20:45,2012-09-18T20:45:00,Group B,group_stage,3,,B,not_applicable,0,0,ucl-montpellier-hsc,ucl-arsenal-fc,Montpellier HSC,Arsenal FC,Montpellier HSC,Arsenal FC,FRA,ENG,1,2,1,2,1,2,,,Normal Time,A,3,-1,1,1500.0,1515.03,49.97,0,8,1-2 (1-2),2012-13/cl.txt,33,abfaeddc2ee3d14f99ecc163c9ddb46cb4d67cef
UCL-2012-13-M-0005,UEFA Champions League,2012-13,2012-09-18,20:45,2012-09-18T20:45:00,Group C,group_stage,3,,C,not_applicable,0,0,ucl-ac-milan,ucl-rsc-anderlecht,AC Milan,RSC Anderlecht,AC Milan,RSC Anderlecht,ITA,BEL,0,0,0,0,,,,,Normal Time,D,0,0,0,1500.98,1500.0,65.98,10,0,0-0,2012-13/cl.txt,53,abfaeddc2ee3d14f99ecc163c9ddb46cb4d67cef
UCL-2012-13-M-0006,UEFA Champions League,2012-13,2012-09-18,20:45,2012-09-18T20:45:00,Group C,group_stage,3,,C,not_applicable,0,0,ucl-malaga-cf,ucl-zenit-st-petersburg,Málaga CF,Zenit St. Petersburg,Málaga CF,Zenit St. Petersburg,ESP,RUS,3,0,3,0,2,0,,,Normal Time,H,3,3,0,1500.0,1508.82,56.18,0,8,3-0 (2-0),2012-13/cl.txt,54,abfaeddc2ee3d14f99ecc163c9ddb46cb4d67cef
UCL-2012-13-M-0007,UEFA Champions League,2012-13,2012-09-18,20:45,2012-09-18T20:45:00,Group D,group_stage,3,,D,not_applicable,0,0,ucl-real-madrid,ucl-manchester-city,Real Madrid,Manchester City,Real Madrid,Manchester City,ESP,ENG,3,2,3,2,0,0,,,Normal Time,H,5,1,1,1565.96,1508.58,122.39,12,6,3-2 (0-0),2012-13/cl.txt,74,abfaeddc2ee3d14f99ecc163c9ddb46cb4d67cef
UCL-2012-13-M-0008,UEFA Champions League,2012-13,2012-09-18,20:45,2012-09-18T20:45:00,Group D,group_stage,3,,D,not_applicable,0,0,ucl-borussia-dortmund,ucl-afc-ajax,Borussia Dortmund,AFC Ajax,Borussia Dortmund,AFC Ajax,GER,NED,1,0,1,0,0,0,,,Normal Time,H,1,1,0,1475.76,1499.69,41.07,6,6,1-0 (0-0),2012-13/cl.txt,75,abfaeddc2ee3d14f99ecc163c9ddb46cb4d67cef
UCL-2012-13-M-0009,UEFA Champions League,2012-13,2012-09-19,20:45,2012-09-19T20:45:00,Group E,group_stage,3,,E,not_applicable,0,0,ucl-chelsea-fc,ucl-juventus,Chelsea FC,Juventus,Chelsea FC,Juventus,ENG,ITA,2,2,2,2,2,1,,,Normal Time,D,4,0,1,1541.89,1500.0,106.89,13,0,2-2 (2-1),2012-13/cl.txt,95,abfaeddc2ee3d14f99ecc163c9ddb46cb4d67cef
UCL-2012-13-M-0010,UEFA Champions League,2012-13,2012-09-19,20:45,2012-09-19T20:45:00,Group E,group_stage,3,,E,not_applicable,0,0,ucl-shakhtar-donetsk,ucl-fc-nordsj-lland,Shakhtar Donetsk,FC Nordsjælland,Shakhtar Donetsk,FC Nordsjælland,UKR,DEN,2,0,2,0,1,0,,,Normal Time,H,2,2,0,1485.31,1500.0,50.31,6,0,2-0 (1-0),2012-13/cl.txt,96,abfaeddc2ee3d14f99ecc163c9ddb46cb4d67cef
UCL-2012-13-M-0011,UEFA Champions League,2012-13,2012-09-19,20:45,2012-09-19T20:45:00,Group F,group_stage,3,,F,not_applicable,0,0,ucl-bayern-munich,ucl-valencia-cf,Bayern Munich,Valencia CF,Bayern München,Valencia CF,GER,ESP,2,1,2,1,1,0,,,Normal Time,H,3,1,1,1539.27,1500.12,104.15,13,6,2-1 (1-0),2012-13/cl.txt,116,abfaeddc2ee3d14f99ecc163c9ddb46cb4d67cef
UCL-2012-13-M-0012,UEFA Champions League,2012-13,2012-09-19,20:45,2012-09-19T20:45:00,Group F,group_stage,3,,F,not_applicable,0,0,ucl-lille-osc,ucl-bate-borisov,Lille OSC,BATE Borisov,Lille OSC,BATE Borisov,FRA,BLR,1,3,1,3,0,3,,,Normal Time,A,4,-2,1,1492.92,1468.59,89.34,6,6,1-3 (0-3),2012-13/cl.txt,117,abfaeddc2ee3d14f99ecc163c9ddb46cb4d67cef
UCL-2012-13-M-0013,UEFA Champions League,2012-13,2012-09-19,20:45,2012-09-19T20:45:00,Group G,group_stage,3,,G,not_applicable,0,0,ucl-fc-barcelona,ucl-spartak-moskva,FC Barcelona,Spartak Moskva,FC Barcelona,Spartak Moskva,ESP,RUS,3,2,3,2,1,1,,,Normal Time,H,5,1,1,1550.47,1500.0,115.47,12,0,3-2 (1-1),2012-13/cl.txt,137,abfaeddc2ee3d14f99ecc163c9ddb46cb4d67cef
UCL-2012-13-M-0014,UEFA Champions League,2012-13,2012-09-19,20:45,2012-09-19T20:45:00,Group G,group_stage,3,,G,not_applicable,0,0,ucl-celtic-fc,ucl-benfica,Celtic FC,Benfica,Celtic FC,SL Benfica,SCO,POR,0,0,0,0,,,,,Normal Time,D,0,0,0,1500.0,1505.96,59.04,0,10,0-0,2012-13/cl.txt,138,abfaeddc2ee3d14f99ecc163c9ddb46cb4d67cef
UCL-2012-13-M-0015,UEFA Champions League,2012-13,2012-09-19,20:45,2012-09-19T20:45:00,Group H,group_stage,3,,H,not_applicable,0,0,ucl-manchester-united,ucl-galatasaray,Manchester United,Galatasaray,Manchester United,Galatasaray,ENG,TUR,1,0,1,0,1,0,,,Normal Time,H,1,1,0,1507.08,1500.0,72.08,6,0,1-0 (1-0),2012-13/cl.txt,158,abfaeddc2ee3d14f99ecc163c9ddb46cb4d67cef
UCL-2012-13-M-0016,UEFA Champions League,2012-13,2012-09-19,20:45,2012-09-19T20:45:00,Group H,group_stage,3,,H,not_applicable,0,0,ucl-braga,ucl-cfr-cluj,Braga,CFR Cluj,Sporting Braga,CFR Cluj,POR,ROU,0,2,0,2,0,2,,,Normal Time,A,2,-2,0,1500.0,1500.0,65.0,0,0,0-2 (0-2),2012-13/cl.txt,159,abfaeddc2ee3d14f99ecc163c9ddb46cb4d67cef
UCL-2012-13-M-0017,UEFA Champions League,2012-13,2012-10-02,18:00,2012-10-02T18:00:00,Group G,group_stage,3,,G,not_applicable,0,0,ucl-spartak-moskva,ucl-celtic-fc,Spartak Moskva,Celtic FC,Spartak Moskva,Celtic FC,RUS,SCO,2,3,2,3,1,1,,,Normal Time,A,5,-1,1,1493.21,1498.32,59.89,1,1,2-3 (1-1),2012-13/cl.txt,140,abfaeddc2ee3d14f99ecc163c9ddb46cb4d67cef
UCL-2012-13-M-0018,UEFA Champions League,2012-13,2012-10-02,20:45,2012-10-02T20:45:00,Group E,group_stage,3,,E,not_applicable,0,0,ucl-juventus,ucl-shakhtar-donetsk,Juventus,Shakhtar Donetsk,Juventus,Shakhtar Donetsk,ITA,UKR,1,1,1,1,1,1,,,Normal Time,D,2,0,1,1502.98,1493.88,74.11,1,7,1-1 (1-1),2012-13/cl.txt,98,abfaeddc2ee3d14f99ecc163c9ddb46cb4d67cef
UCL-2012-13-M-0019,UEFA Champions League,2012-13,2012-10-02,20:45,2012-10-02T20:45:00,Group E,group_stage,3,,E,not_applicable,0,0,ucl-fc-nordsj-lland,ucl-chelsea-fc,FC Nordsjælland,Chelsea FC,FC Nordsjælland,Chelsea FC,DEN,ENG,0,4,0,4,0,1,,,Normal Time,A,4,-4,0,1491.44,1538.91,17.53,1,14,0-4 (0-1),2012-13/cl.txt,99,abfaeddc2ee3d14f99ecc163c9ddb46cb4d67cef
UCL-2012-13-M-0020,UEFA Champions League,2012-13,2012-10-02,20:45,2012-10-02T20:45:00,Group F,group_stage,3,,F,not_applicable,0,0,ucl-valencia-cf,ucl-lille-osc,Valencia CF,Lille OSC,Valencia CF,Lille OSC,ESP,FRA,2,0,2,0,1,0,,,Normal Time,H,2,2,0,1493.03,1480.41,77.62,7,7,2-0 (1-0),2012-13/cl.txt,119,abfaeddc2ee3d14f99ecc163c9ddb46cb4d67cef
UCL-2012-13-M-0021,UEFA Champions League,2012-13,2012-10-02,20:45,2012-10-02T20:45:00,Group F,group_stage,3,,F,not_applicable,0,0,ucl-bate-borisov,ucl-bayern-munich,BATE Borisov,Bayern Munich,BATE Borisov,Bayern München,BLR,GER,3,1,3,1,1,0,,,Normal Time,H,4,2,1,1481.1,1546.36,-0.26,7,14,3-1 (1-0),2012-13/cl.txt,120,abfaeddc2ee3d14f99ecc163c9ddb46cb4d67cef
UCL-2012-13-M-0022,UEFA Champions League,2012-13,2012-10-02,20:45,2012-10-02T20:45:00,Group G,group_stage,3,,G,not_applicable,0,0,ucl-benfica,ucl-fc-barcelona,Benfica,FC Barcelona,SL Benfica,FC Barcelona,POR,ESP,0,2,0,2,0,1,,,Normal Time,A,2,-2,0,1507.64,1557.26,15.38,11,13,0-2 (0-1),2012-13/cl.txt,141,abfaeddc2ee3d14f99ecc163c9ddb46cb4d67cef
UCL-2012-13-M-0023,UEFA Champions League,2012-13,2012-10-02,20:45,2012-10-02T20:45:00,Group H,group_stage,3,,H,not_applicable,0,0,ucl-galatasaray,ucl-braga,Galatasaray,Braga,Galatasaray,Sporting Braga,TUR,POR,0,2,0,2,0,1,,,Normal Time,A,2,-2,0,1492.05,1488.15,68.89,1,1,0-2 (0-1),2012-13/cl.txt,161,abfaeddc2ee3d14f99ecc163c9ddb46cb4d67cef
UCL-2012-13-M-0024,UEFA Champions League,2012-13,2012-10-02,20:45,2012-10-02T20:45:00,Group H,group_stage,3,,H,not_applicable,0,0,ucl-cfr-cluj,ucl-manchester-united,CFR Cluj,Manchester United,CFR Cluj,Manchester United,ROU,ENG,1,2,1,2,1,1,,,Normal Time,A,3,-1,1,1511.85,1515.04,61.81,1,7,1-2 (1-1),2012-13/cl.txt,162,abfaeddc2ee3d14f99ecc163c9ddb46cb4d67cef
UCL-2012-13-M-0025,UEFA Champions League,2012-13,2012-10-03,18:00,2012-10-03T18:00:00,Group C,group_stage,3,,C,not_applicable,0,0,ucl-zenit-st-petersburg,ucl-ac-milan,Zenit St. Petersburg,AC Milan,Zenit St. Petersburg,AC Milan,RUS,ITA,2,3,2,3,1,2,,,Normal Time,A,5,-1,1,1500.43,1499.11,66.32,9,11,2-3 (1-2),2012-13/cl.txt,56,abfaeddc2ee3d14f99ecc163c9ddb46cb4d67cef
UCL-2012-13-M-0026,UEFA Champions League,2012-13,2012-10-03,20:45,2012-10-03T20:45:00,Group A,group_stage,3,,A,not_applicable,0,0,ucl-fc-porto,ucl-paris-saint-germain,FC Porto,Paris Saint-Germain,FC Porto,Paris Saint-Germain,POR,FRA,1,0,1,0,0,0,,,Normal Time,H,1,1,0,1510.61,1508.15,67.45,7,1,1-0 (0-0),2012-13/cl.txt,14,abfaeddc2ee3d14f99ecc163c9ddb46cb4d67cef
UCL-2012-13-M-0027,UEFA Champions League,2012-13,2012-10-03,20:45,2012-10-03T20:45:00,Group A,group_stage,3,,A,not_applicable,0,0,ucl-dinamo-kiev,ucl-dinamo-zagreb,Dinamo Kiev,Dinamo Zagreb,Dinamo Kiev,Dinamo Zagreb,UKR,CRO,2,0,2,0,2,0,,,Normal Time,H,2,2,0,1491.85,1442.35,114.5,1,7,2-0 (2-0),2012-13/cl.txt,15,abfaeddc2ee3d14f99ecc163c9ddb46cb4d67cef
UCL-2012-13-M-0028,UEFA Champions League,2012-13,2012-10-03,20:45,2012-10-03T20:45:00,Group B,group_stage,3,,B,not_applicable,0,0,ucl-arsenal-fc,ucl-olympiacos,Arsenal FC,Olympiacos,Arsenal FC,Olympiakos Piraeus,ENG,GRE,3,1,3,1,1,1,,,Normal Time,H,4,2,1,1526.46,1489.98,101.47,9,7,3-1 (1-1),2012-13/cl.txt,35,abfaeddc2ee3d14f99ecc163c9ddb46cb4d67cef
UCL-2012-13-M-0029,UEFA Champions League,2012-13,2012-10-03,20:45,2012-10-03T20:45:00,Group B,group_stage,3,,B,not_applicable,0,0,ucl-fc-schalke-04,ucl-montpellier-hsc,FC Schalke 04,Montpellier HSC,FC Schalke 04,Montpellier HSC,GER,FRA,2,2,2,2,1,1,,,Normal Time,D,4,0,1,1511.9,1488.57,88.33,1,1,2-2 (1-1),2012-13/cl.txt,36,abfaeddc2ee3d14f99ecc163c9ddb46cb4d67cef
UCL-2012-13-M-0030,UEFA Champions League,2012-13,2012-10-03,20:45,2012-10-03T20:45:00,Group C,group_stage,3,,C,not_applicable,0,0,ucl-rsc-anderlecht,ucl-malaga-cf,RSC Anderlecht,Málaga CF,RSC Anderlecht,Málaga CF,BEL,ESP,0,3,0,3,0,1,,,Normal Time,A,3,-3,0,1501.88,1508.4,58.48,1,1,0-3 (0-1),2012-13/cl.txt,57,abfaeddc2ee3d14f99ecc163c9ddb46cb4d67cef
UCL-2012-13-M-0031,UEFA Champions League,2012-13,2012-10-03,20:45,2012-10-03T20:45:00,Group D,group_stage,3,,D,not_applicable,0,0,ucl-afc-ajax,ucl-real-madrid,AFC Ajax,Real Madrid,AFC Ajax,Real Madrid,NED,ESP,1,4,1,4,0,1,,,Normal Time,A,5,-3,1,1490.87,1572.58,-16.71,7,13,1-4 (0-1),2012-13/cl.txt,77,abfaeddc2ee3d14f99ecc163c9ddb46cb4d67cef
UCL-2012-13-M-0032,UEFA Champions League,2012-13,2012-10-03,20:45,2012-10-03T20:45:00,Group D,group_stage,3,,D,not_applicable,0,0,ucl-manchester-city,ucl-borussia-dortmund,Manchester City,Borussia Dortmund,Manchester City,Borussia Dortmund,ENG,GER,1,1,1,1,0,0,,,Normal Time,D,2,0,1,1501.96,1484.58,82.38,7,7,1-1 (0-0),2012-13/cl.txt,78,abfaeddc2ee3d14f99ecc163c9ddb46cb4d67cef
UCL-2012-13-M-0033,UEFA Champions League,2012-13,2012-10-23,18:00,2012-10-23T18:00:00,Group G,group_stage,3,,G,not_applicable,0,0,ucl-spartak-moskva,ucl-benfica,Spartak Moskva,Benfica,Spartak Moskva,SL Benfica,RUS,POR,2,1,2,1,2,1,,,Normal Time,H,3,1,1,1481.5,1497.2,49.3,2,12,2-1 (2-1),2012-13/cl.txt,143,abfaeddc2ee3d14f99ecc163c9ddb46cb4d67cef
UCL-2012-13-M-0034,UEFA Champions League,2012-13,2012-10-23,20:45,2012-10-23T20:45:00,Group E,group_stage,3,,E,not_applicable,0,0,ucl-shakhtar-donetsk,ucl-chelsea-fc,Shakhtar Donetsk,Chelsea FC,Shakhtar Donetsk,Chelsea FC,UKR,ENG,2,1,2,1,1,0,,,Normal Time,H,3,1,1,1495.98,1549.41,11.57,8,15,2-1 (1-0),2012-13/cl.txt,101,abfaeddc2ee3d14f99ecc163c9ddb46cb4d67cef
UCL-2012-13-M-0035,UEFA Champions League,2012-13,2012-10-23,20:45,2012-10-23T20:45:00,Group E,group_stage,3,,E,not_applicable,0,0,ucl-fc-nordsj-lland,ucl-juventus,FC Nordsjælland,Juventus,FC Nordsjælland,Juventus,DEN,ITA,1,1,1,1,0,0,,,Normal Time,D,2,0,1,1480.93,1500.88,45.05,2,2,1-1 (0-0),2012-13/cl.txt,102,abfaeddc2ee3d14f99ecc163c9ddb46cb4d67cef
UCL-2012-13-M-0036,UEFA Champions League,2012-13,2012-10-23,20:45,2012-10-23T20:45:00,Group F,group_stage,3,,F,not_applicable,0,0,ucl-lille-osc,ucl-bayern-munich,Lille OSC,Bayern Munich,Lille OSC,Bayern München,FRA,GER,0,1,0,1,0,1,,,Normal Time,A,1,-1,0,1472.61,1536.35,1.26,8,15,0-1 (0-1),2012-13/cl.txt,122,abfaeddc2ee3d14f99ecc163c9ddb46cb4d67cef
UCL-2012-13-M-0037,UEFA Champions League,2012-13,2012-10-23,20:45,2012-10-23T20:45:00,Group F,group_stage,3,,F,not_applicable,0,0,ucl-bate-borisov,ucl-valencia-cf,BATE Borisov,Valencia CF,BATE Borisov,Valencia CF,BLR,ESP,0,3,0,3,0,1,,,Normal Time,A,3,-3,0,1491.11,1500.83,55.28,8,8,0-3 (0-1),2012-13/cl.txt,123,abfaeddc2ee3d14f99ecc163c9ddb46cb4d67cef
UCL-2012-13-M-0038,UEFA Champions League,2012-13,2012-10-23,20:45,2012-10-23T20:45:00,Group G,group_stage,3,,G,not_applicable,0,0,ucl-fc-barcelona,ucl-celtic-fc,FC Barcelona,Celtic FC,FC Barcelona,Celtic FC,ESP,SCO,2,1,2,1,1,1,,,Normal Time,H,3,1,1,1567.71,1510.02,122.68,14,2,2-1 (1-1),2012-13/cl.txt,144,abfaeddc2ee3d14f99ecc163c9ddb46cb4d67cef
UCL-2012-13-M-0039,UEFA Champions League,2012-13,2012-10-23,20:45,2012-10-23T20:45:00,Group H,group_stage,3,,H,not_applicable,0,0,ucl-manchester-united,ucl-braga,Manchester United,Braga,Manchester United,Sporting Braga,ENG,POR,3,2,3,2,1,2,,,Normal Time,H,5,1,1,1526.8,1500.11,91.69,8,2,3-2 (1-2),2012-13/cl.txt,164,abfaeddc2ee3d14f99ecc163c9ddb46cb4d67cef
UCL-2012-13-M-0040,UEFA Champions League,2012-13,2012-10-23,20:45,2012-10-23T20:45:00,Group H,group_stage,3,,H,not_applicable,0,0,ucl-galatasaray,ucl-cfr-cluj,Galatasaray,CFR Cluj,Galatasaray,CFR Cluj,TUR,ROU,1,1,1,1,0,1,,,Normal Time,D,2,0,1,1480.09,1500.09,45.0,2,2,1-1 (0-1),2012-13/cl.txt,165,abfaeddc2ee3d14f99ecc163c9ddb46cb4d67cef
UCL-2012-13-M-0041,UEFA Champions League,2012-13,2012-10-24,18:00,2012-10-24T18:00:00,Group C,group_stage,3,,C,not_applicable,0,0,ucl-zenit-st-petersburg,ucl-rsc-anderlecht,Zenit St. Petersburg,RSC Anderlecht,Zenit St. Petersburg,RSC Anderlecht,RUS,BEL,1,0,1,0,0,0,,,Normal Time,H,1,1,0,1488.54,1490.21,63.33,10,2,1-0 (0-0),2012-13/cl.txt,59,abfaeddc2ee3d14f99ecc163c9ddb46cb4d67cef
UCL-2012-13-M-0042,UEFA Champions League,2012-13,2012-10-24,20:45,2012-10-24T20:45:00,Group A,group_stage,3,,A,not_applicable,0,0,ucl-fc-porto,ucl-dinamo-kiev,FC Porto,Dinamo Kiev,FC Porto,Dinamo Kiev,POR,UKR,3,2,3,2,2,1,,,Normal Time,H,5,1,1,1518.69,1498.67,85.02,8,2,3-2 (2-1),2012-13/cl.txt,17,abfaeddc2ee3d14f99ecc163c9ddb46cb4d67cef
UCL-2012-13-M-0043,UEFA Champions League,2012-13,2012-10-24,20:45,2012-10-24T20:45:00,Group A,group_stage,3,,A,not_applicable,0,0,ucl-dinamo-zagreb,ucl-paris-saint-germain,Dinamo Zagreb,Paris Saint-Germain,Dinamo Zagreb,Paris Saint-Germain,CRO,FRA,0,2,0,2,0,2,,,Normal Time,A,2,-2,0,1435.53,1500.07,0.46,8,2,0-2 (0-2),2012-13/cl.txt,18,abfaeddc2ee3d14f99ecc163c9ddb46cb4d67cef
UCL-2012-13-M-0044,UEFA Champions League,2012-13,2012-10-24,20:45,2012-10-24T20:45:00,Group B,group_stage,3,,B,not_applicable,0,0,ucl-arsenal-fc,ucl-fc-schalke-04,Arsenal FC,FC Schalke 04,Arsenal FC,FC Schalke 04,ENG,GER,0,2,0,2,0,0,,,Normal Time,A,2,-2,0,1533.62,1509.41,89.2,10,2,0-2 (0-0),2012-13/cl.txt,38,abfaeddc2ee3d14f99ecc163c9ddb46cb4d67cef
UCL-2012-13-M-0045,UEFA Champions League,2012-13,2012-10-24,20:45,2012-10-24T20:45:00,Group B,group_stage,3,,B,not_applicable,0,0,ucl-montpellier-hsc,ucl-olympiacos,Montpellier HSC,Olympiacos,Montpellier HSC,Olympiakos Piraeus,FRA,GRE,1,2,1,2,0,0,,,Normal Time,A,3,-1,1,1491.06,1482.82,73.24,2,8,1-2 (0-0),2012-13/cl.txt,39,abfaeddc2ee3d14f99ecc163c9ddb46cb4d67cef
UCL-2012-13-M-0046,UEFA Champions League,2012-13,2012-10-24,20:45,2012-10-24T20:45:00,Group C,group_stage,3,,C,not_applicable,0,0,ucl-malaga-cf,ucl-ac-milan,Málaga CF,AC Milan,Málaga CF,AC Milan,ESP,ITA,1,0,1,0,0,0,,,Normal Time,H,1,1,0,1520.06,1510.99,74.07,2,12,1-0 (0-0),2012-13/cl.txt,60,abfaeddc2ee3d14f99ecc163c9ddb46cb4d67cef
UCL-2012-13-M-0047,UEFA Champions League,2012-13,2012-10-24,20:45,2012-10-24T20:45:00,Group D,group_stage,3,,D,not_applicable,0,0,ucl-afc-ajax,ucl-manchester-city,AFC Ajax,Manchester City,AFC Ajax,Manchester City,NED,ENG,3,1,3,1,1,1,,,Normal Time,H,4,2,1,1481.35,1499.63,46.72,8,8,3-1 (1-1),2012-13/cl.txt,80,abfaeddc2ee3d14f99ecc163c9ddb46cb4d67cef
UCL-2012-13-M-0048,UEFA Champions League,2012-13,2012-10-24,20:45,2012-10-24T20:45:00,Group D,group_stage,3,,D,not_applicable,0,0,ucl-borussia-dortmund,ucl-real-madrid,Borussia Dortmund,Real Madrid,Borussia Dortmund,Real Madrid,GER,ESP,2,1,2,1,1,1,,,Normal Time,H,3,1,1,1486.91,1582.1,-30.19,8,14,2-1 (1-1),2012-13/cl.txt,81,abfaeddc2ee3d14f99ecc163c9ddb46cb4d67cef
UCL-2012-13-M-0049,UEFA Champions League,2012-13,2012-11-06,20:45,2012-11-06T20:45:00,Group A,group_stage,3,,A,not_applicable,0,0,ucl-dinamo-kiev,ucl-fc-porto,Dinamo Kiev,FC Porto,Dinamo Kiev,FC Porto,UKR,POR,0,0,0,0,,,,,Normal Time,D,0,0,0,1491.07,1526.29,29.78,3,9,0-0,2012-13/cl.txt,20,abfaeddc2ee3d14f99ecc163c9ddb46cb4d67cef
UCL-2012-13-M-0050,UEFA Champions League,2012-13,2012-11-06,20:45,2012-11-06T20:45:00,Group A,group_stage,3,,A,not_applicable,0,0,ucl-paris-saint-germain,ucl-dinamo-zagreb,Paris Saint-Germain,Dinamo Zagreb,Paris Saint-Germain,Dinamo Zagreb,FRA,CRO,4,0,4,0,1,0,,,Normal Time,H,4,4,0,1510.08,1425.52,149.56,3,9,4-0 (1-0),2012-13/cl.txt,21,abfaeddc2ee3d14f99ecc163c9ddb46cb4d67cef
UCL-2012-13-M-0051,UEFA Champions League,2012-13,2012-11-06,20:45,2012-11-06T20:45:00,Group B,group_stage,3,,B,not_applicable,0,0,ucl-fc-schalke-04,ucl-arsenal-fc,FC Schalke 04,Arsenal FC,FC Schalke 04,Arsenal FC,GER,ENG,2,2,2,2,1,2,,,Normal Time,D,4,0,1,1521.93,1521.1,65.82,3,11,2-2 (1-2),2012-13/cl.txt,41,abfaeddc2ee3d14f99ecc163c9ddb46cb4d67cef
UCL-2012-13-M-0052,UEFA Champions League,2012-13,2012-11-06,20:45,2012-11-06T20:45:00,Group B,group_stage,3,,B,not_applicable,0,0,ucl-olympiacos,ucl-montpellier-hsc,Olympiacos,Montpellier HSC,Olympiakos Piraeus,Montpellier HSC,GRE,FRA,3,1,3,1,1,0,,,Normal Time,H,4,2,1,1494.9,1478.98,80.92,9,3,3-1 (1-0),2012-13/cl.txt,42,abfaeddc2ee3d14f99ecc163c9ddb46cb4d67cef
UCL-2012-13-M-0053,UEFA Champions League,2012-13,2012-11-06,20:45,2012-11-06T20:45:00,Group C,group_stage,3,,C,not_applicable,0,0,ucl-rsc-anderlecht,ucl-zenit-st-petersburg,RSC Anderlecht,Zenit St. Petersburg,RSC Anderlecht,Zenit St. Petersburg,BEL,RUS,1,0,1,0,1,0,,,Normal Time,H,1,1,0,1482.01,1496.74,50.27,3,11,1-0 (1-0),2012-13/cl.txt,62,abfaeddc2ee3d14f99ecc163c9ddb46cb4d67cef
UCL-2012-13-M-0054,UEFA Champions League,2012-13,2012-11-06,20:45,2012-11-06T20:45:00,Group C,group_stage,3,,C,not_applicable,0,0,ucl-ac-milan,ucl-malaga-cf,AC Milan,Málaga CF,AC Milan,Málaga CF,ITA,ESP,1,1,1,1,0,1,,,Normal Time,D,2,0,1,1503.09,1527.96,40.13,13,3,1-1 (0-1),2012-13/cl.txt,63,abfaeddc2ee3d14f99ecc163c9ddb46cb4d67cef
UCL-2012-13-M-0055,UEFA Champions League,2012-13,2012-11-06,20:45,2012-11-06T20:45:00,Group D,group_stage,3,,D,not_applicable,0,0,ucl-manchester-city,ucl-afc-ajax,Manchester City,AFC Ajax,Manchester City,AFC Ajax,ENG,NED,2,2,2,2,1,2,,,Normal Time,D,4,0,1,1490.97,1490.02,65.96,9,9,2-2 (1-2),2012-13/cl.txt,83,abfaeddc2ee3d14f99ecc163c9ddb46cb4d67cef
UCL-2012-13-M-0056,UEFA Champions League,2012-13,2012-11-06,20:45,2012-11-06T20:45:00,Group D,group_stage,3,,D,not_applicable,0,0,ucl-real-madrid,ucl-borussia-dortmund,Real Madrid,Borussia Dortmund,Real Madrid,Borussia Dortmund,ESP,GER,2,2,2,2,1,2,,,Normal Time,D,4,0,1,1571.23,1497.78,138.45,15,9,2-2 (1-2),2012-13/cl.txt,84,abfaeddc2ee3d14f99ecc163c9ddb46cb4d67cef
UCL-2012-13-M-0057,UEFA Champions League,2012-13,2012-11-07,20:45,2012-11-07T20:45:00,Group E,group_stage,3,,E,not_applicable,0,0,ucl-chelsea-fc,ucl-shakhtar-donetsk,Chelsea FC,Shakhtar Donetsk,Chelsea FC,Shakhtar Donetsk,ENG,UKR,3,2,3,2,2,1,,,Normal Time,H,5,1,1,1539.74,1505.64,99.1,16,9,3-2 (2-1),2012-13/cl.txt,104,abfaeddc2ee3d14f99ecc163c9ddb46cb4d67cef
UCL-2012-13-M-0058,UEFA Champions League,2012-13,2012-11-07,20:45,2012-11-07T20:45:00,Group E,group_stage,3,,E,not_applicable,0,0,ucl-juventus,ucl-fc-nordsj-lland,Juventus,FC Nordsjælland,Juventus,FC Nordsjælland,ITA,DEN,4,0,4,0,3,0,,,Normal Time,H,4,4,0,1502.17,1479.64,87.53,3,3,4-0 (3-0),2012-13/cl.txt,105,abfaeddc2ee3d14f99ecc163c9ddb46cb4d67cef
UCL-2012-13-M-0059,UEFA Champions League,2012-13,2012-11-07,20:45,2012-11-07T20:45:00,Group F,group_stage,3,,F,not_applicable,0,0,ucl-bayern-munich,ucl-lille-osc,Bayern Munich,Lille OSC,Bayern München,Lille OSC,GER,FRA,6,1,6,1,5,0,,,Normal Time,H,7,5,1,1546.39,1462.57,148.82,16,9,6-1 (5-0),2012-13/cl.txt,125,abfaeddc2ee3d14f99ecc163c9ddb46cb4d67cef
UCL-2012-13-M-0060,UEFA Champions League,2012-13,2012-11-07,20:45,2012-11-07T20:45:00,Group F,group_stage,3,,F,not_applicable,0,0,ucl-valencia-cf,ucl-bate-borisov,Valencia CF,BATE Borisov,Valencia CF,BATE Borisov,ESP,BLR,4,2,4,2,2,0,,,Normal Time,H,6,2,1,1512.41,1479.53,97.88,9,9,4-2 (2-0),2012-13/cl.txt,126,abfaeddc2ee3d14f99ecc163c9ddb46cb4d67cef
UCL-2012-13-M-0061,UEFA Champions League,2012-13,2012-11-07,20:45,2012-11-07T20:45:00,Group G,group_stage,3,,G,not_applicable,0,0,ucl-benfica,ucl-spartak-moskva,Benfica,Spartak Moskva,SL Benfica,Spartak Moskva,POR,RUS,2,0,2,0,0,0,,,Normal Time,H,2,2,0,1488.61,1490.09,63.52,13,3,2-0 (0-0),2012-13/cl.txt,146,abfaeddc2ee3d14f99ecc163c9ddb46cb4d67cef
UCL-2012-13-M-0062,UEFA Champions League,2012-13,2012-11-07,20:45,2012-11-07T20:45:00,Group G,group_stage,3,,G,not_applicable,0,0,ucl-celtic-fc,ucl-fc-barcelona,Celtic FC,FC Barcelona,Celtic FC,FC Barcelona,SCO,ESP,2,1,2,1,1,0,,,Normal Time,H,3,1,1,1503.41,1574.31,-5.9,3,15,2-1 (1-0),2012-13/cl.txt,147,abfaeddc2ee3d14f99ecc163c9ddb46cb4d67cef
UCL-2012-13-M-0063,UEFA Champions League,2012-13,2012-11-07,20:45,2012-11-07T20:45:00,Group H,group_stage,3,,H,not_applicable,0,0,ucl-braga,ucl-manchester-united,Braga,Manchester United,Sporting Braga,Manchester United,POR,ENG,1,3,1,3,0,0,,,Normal Time,A,4,-2,1,1492.69,1534.22,23.47,3,9,1-3 (0-0),2012-13/cl.txt,167,abfaeddc2ee3d14f99ecc163c9ddb46cb4d67cef
UCL-2012-13-M-0064,UEFA Champions League,2012-13,2012-11-07,20:45,2012-11-07T20:45:00,Group H,group_stage,3,,H,not_applicable,0,0,ucl-cfr-cluj,ucl-galatasaray,CFR Cluj,Galatasaray,CFR Cluj,Galatasaray,ROU,TUR,1,3,1,3,0,1,,,Normal Time,A,4,-2,1,1501.38,1478.8,87.58,3,3,1-3 (0-1),2012-13/cl.txt,168,abfaeddc2ee3d14f99ecc163c9ddb46cb4d67cef
UCL-2012-13-M-0065,UEFA Champions League,2012-13,2012-11-20,18:00,2012-11-20T18:00:00,Group F,group_stage,3,,F,not_applicable,0,0,ucl-bate-borisov,ucl-lille-osc,BATE Borisov,Lille OSC,BATE Borisov,Lille OSC,BLR,FRA,0,2,0,2,0,2,,,Normal Time,A,2,-2,0,1472.28,1456.61,80.67,10,10,0-2 (0-2),2012-13/cl.txt,128,abfaeddc2ee3d14f99ecc163c9ddb46cb4d67cef
UCL-2012-13-M-0066,UEFA Champions League,2012-13,2012-11-20,18:00,2012-11-20T18:00:00,Group G,group_stage,3,,G,not_applicable,0,0,ucl-spartak-moskva,ucl-fc-barcelona,Spartak Moskva,FC Barcelona,Spartak Moskva,FC Barcelona,RUS,ESP,0,3,0,3,0,3,,,Normal Time,A,3,-3,0,1481.9,1564.14,-17.25,4,16,0-3 (0-3),2012-13/cl.txt,149,abfaeddc2ee3d14f99ecc163c9ddb46cb4d67cef
UCL-2012-13-M-0067,UEFA Champions League,2012-13,2012-11-20,20:45,2012-11-20T20:45:00,Group E,group_stage,3,,E,not_applicable,0,0,ucl-juventus,ucl-chelsea-fc,Juventus,Chelsea FC,Juventus,Chelsea FC,ITA,ENG,3,0,3,0,1,0,,,Normal Time,H,3,3,0,1509.7,1546.97,27.74,4,17,3-0 (1-0),2012-13/cl.txt,107,abfaeddc2ee3d14f99ecc163c9ddb46cb4d67cef
UCL-2012-13-M-0068,UEFA Champions League,2012-13,2012-11-20,20:45,2012-11-20T20:45:00,Group E,group_stage,3,,E,not_applicable,0,0,ucl-fc-nordsj-lland,ucl-shakhtar-donetsk,FC Nordsjælland,Shakhtar Donetsk,FC Nordsjælland,Shakhtar Donetsk,DEN,UKR,2,5,2,5,2,2,,,Normal Time,A,7,-3,1,1472.11,1498.42,38.69,4,10,2-5 (2-2),2012-13/cl.txt,108,abfaeddc2ee3d14f99ecc163c9ddb46cb4d67cef
UCL-2012-13-M-0069,UEFA Champions League,2012-13,2012-11-20,20:45,2012-11-20T20:45:00,Group F,group_stage,3,,F,not_applicable,0,0,ucl-valencia-cf,ucl-bayern-munich,Valencia CF,Bayern Munich,Valencia CF,Bayern München,ESP,GER,1,1,1,1,0,0,,,Normal Time,D,2,0,1,1519.67,1552.35,32.32,10,17,1-1 (0-0),2012-13/cl.txt,129,abfaeddc2ee3d14f99ecc163c9ddb46cb4d67cef
UCL-2012-13-M-0070,UEFA Champions League,2012-13,2012-11-20,20:45,2012-11-20T20:45:00,Group G,group_stage,3,,G,not_applicable,0,0,ucl-benfica,ucl-celtic-fc,Benfica,Celtic FC,SL Benfica,Celtic FC,POR,SCO,2,1,2,1,1,1,,,Normal Time,H,3,1,1,1496.8,1513.58,48.21,14,4,2-1 (1-1),2012-13/cl.txt,150,abfaeddc2ee3d14f99ecc163c9ddb46cb4d67cef
UCL-2012-13-M-0071,UEFA Champions League,2012-13,2012-11-20,20:45,2012-11-20T20:45:00,Group H,group_stage,3,,H,not_applicable,0,0,ucl-galatasaray,ucl-manchester-united,Galatasaray,Manchester United,Galatasaray,Manchester United,TUR,ENG,1,0,1,0,0,0,,,Normal Time,H,1,1,0,1491.27,1544.89,11.38,4,10,1-0 (0-0),2012-13/cl.txt,170,abfaeddc2ee3d14f99ecc163c9ddb46cb4d67cef
UCL-2012-13-M-0072,UEFA Champions League,2012-13,2012-11-20,20:45,2012-11-20T20:45:00,Group H,group_stage,3,,H,not_applicable,0,0,ucl-cfr-cluj,ucl-braga,CFR Cluj,Braga,CFR Cluj,Sporting Braga,ROU,POR,3,1,3,1,3,1,,,Normal Time,H,4,2,1,1488.91,1482.01,71.9,4,4,3-1 (3-1),2012-13/cl.txt,171,abfaeddc2ee3d14f99ecc163c9ddb46cb4d67cef
UCL-2012-13-M-0073,UEFA Champions League,2012-13,2012-11-21,18:00,2012-11-21T18:00:00,Group C,group_stage,3,,C,not_applicable,0,0,ucl-zenit-st-petersburg,ucl-malaga-cf,Zenit St. Petersburg,Málaga CF,Zenit St. Petersburg,Málaga CF,RUS,ESP,2,2,2,2,0,2,,,Normal Time,D,4,0,1,1488.17,1529.11,24.06,12,4,2-2 (0-2),2012-13/cl.txt,65,abfaeddc2ee3d14f99ecc163c9ddb46cb4d67cef
UCL-2012-13-M-0074,UEFA Champions League,2012-13,2012-11-21,20:45,2012-11-21T20:45:00,Group A,group_stage,3,,A,not_applicable,0,0,ucl-dinamo-kiev,ucl-paris-saint-germain,Dinamo Kiev,Paris Saint-Germain,Dinamo Kiev,Paris Saint-Germain,UKR,FRA,0,2,0,2,0,1,,,Normal Time,A,2,-2,0,1490.21,1516.02,39.19,4,4,0-2 (0-1),2012-13/cl.txt,23,abfaeddc2ee3d14f99ecc163c9ddb46cb4d67cef
UCL-2012-13-M-0075,UEFA Champions League,2012-13,2012-11-21,20:45,2012-11-21T20:45:00,Group A,group_stage,3,,A,not_applicable,0,0,ucl-fc-porto,ucl-dinamo-zagreb,FC Porto,Dinamo Zagreb,FC Porto,Dinamo Zagreb,POR,CRO,3,0,3,0,1,0,,,Normal Time,H,3,3,0,1527.14,1419.57,172.57,10,10,3-0 (1-0),2012-13/cl.txt,24,abfaeddc2ee3d14f99ecc163c9ddb46cb4d67cef
UCL-2012-13-M-0076,UEFA Champions League,2012-13,2012-11-21,20:45,2012-11-21T20:45:00,Group B,group_stage,3,,B,not_applicable,0,0,ucl-fc-schalke-04,ucl-olympiacos,FC Schalke 04,Olympiacos,FC Schalke 04,Olympiakos Piraeus,GER,GRE,1,0,1,0,0,0,,,Normal Time,H,1,1,0,1520.05,1502.61,82.44,4,10,1-0 (0-0),2012-13/cl.txt,44,abfaeddc2ee3d14f99ecc163c9ddb46cb4d67cef
UCL-2012-13-M-0077,UEFA Champions League,2012-13,2012-11-21,20:45,2012-11-21T20:45:00,Group B,group_stage,3,,B,not_applicable,0,0,ucl-arsenal-fc,ucl-montpellier-hsc,Arsenal FC,Montpellier HSC,Arsenal FC,Montpellier HSC,ENG,FRA,2,0,2,0,0,0,,,Normal Time,H,2,2,0,1522.98,1471.27,116.71,12,4,2-0 (0-0),2012-13/cl.txt,45,abfaeddc2ee3d14f99ecc163c9ddb46cb4d67cef
UCL-2012-13-M-0078,UEFA Champions League,2012-13,2012-11-21,20:45,2012-11-21T20:45:00,Group C,group_stage,3,,C,not_applicable,0,0,ucl-rsc-anderlecht,ucl-ac-milan,RSC Anderlecht,AC Milan,RSC Anderlecht,AC Milan,BEL,ITA,1,3,1,3,0,0,,,Normal Time,A,4,-2,1,1490.58,1501.94,53.63,4,14,1-3 (0-0),2012-13/cl.txt,66,abfaeddc2ee3d14f99ecc163c9ddb46cb4d67cef
UCL-2012-13-M-0079,UEFA Champions League,2012-13,2012-11-21,20:45,2012-11-21T20:45:00,Group D,group_stage,3,,D,not_applicable,0,0,ucl-manchester-city,ucl-real-madrid,Manchester City,Real Madrid,Manchester City,Real Madrid,ENG,ESP,1,1,1,1,0,1,,,Normal Time,D,2,0,1,1489.1,1567.45,-13.35,10,16,1-1 (0-1),2012-13/cl.txt,86,abfaeddc2ee3d14f99ecc163c9ddb46cb4d67cef
UCL-2012-13-M-0080,UEFA Champions League,2012-13,2012-11-21,20:45,2012-11-21T20:45:00,Group D,group_stage,3,,D,not_applicable,0,0,ucl-afc-ajax,ucl-borussia-dortmund,AFC Ajax,Borussia Dortmund,AFC Ajax,Borussia Dortmund,NED,GER,1,4,1,4,0,3,,,Normal Time,A,5,-3,1,1491.89,1501.57,55.33,10,10,1-4 (0-3),2012-13/cl.txt,87,abfaeddc2ee3d14f99ecc163c9ddb46cb4d67cef
UCL-2012-13-M-0081,UEFA Champions League,2012-13,2012-12-04,20:45,2012-12-04T20:45:00,Group A,group_stage,3,,A,not_applicable,0,0,ucl-paris-saint-germain,ucl-fc-porto,Paris Saint-Germain,FC Porto,Paris Saint-Germain,FC Porto,FRA,POR,2,1,2,1,1,1,,,Normal Time,H,3,1,1,1527.15,1532.55,59.6,5,11,2-1 (1-1),2012-13/cl.txt,26,abfaeddc2ee3d14f99ecc163c9ddb46cb4d67cef
UCL-2012-13-M-0082,UEFA Champions League,2012-13,2012-12-04,20:45,2012-12-04T20:45:00,Group A,group_stage,3,,A,not_applicable,0,0,ucl-dinamo-zagreb,ucl-dinamo-kiev,Dinamo Zagreb,Dinamo Kiev,Dinamo Zagreb,Dinamo Kiev,CRO,UKR,1,1,1,1,0,1,,,Normal Time,D,2,0,1,1414.17,1479.09,0.08,11,5,1-1 (0-1),2012-13/cl.txt,27,abfaeddc2ee3d14f99ecc163c9ddb46cb4d67cef
UCL-2012-13-M-0083,UEFA Champions League,2012-13,2012-12-04,20:45,2012-12-04T20:45:00,Group B,group_stage,3,,B,not_applicable,0,0,ucl-olympiacos,ucl-arsenal-fc,Olympiacos,Arsenal FC,Olympiakos Piraeus,Arsenal FC,GRE,ENG,2,1,2,1,0,1,,,Normal Time,H,3,1,1,1494.94,1529.74,30.2,11,13,2-1 (0-1),2012-13/cl.txt,47,abfaeddc2ee3d14f99ecc163c9ddb46cb4d67cef
UCL-2012-13-M-0084,UEFA Champions League,2012-13,2012-12-04,20:45,2012-12-04T20:45:00,Group B,group_stage,3,,B,not_applicable,0,0,ucl-montpellier-hsc,ucl-fc-schalke-04,Montpellier HSC,FC Schalke 04,Montpellier HSC,FC Schalke 04,FRA,GER,1,1,1,1,0,0,,,Normal Time,D,2,0,1,1464.51,1527.72,1.79,5,5,1-1 (0-0),2012-13/cl.txt,48,abfaeddc2ee3d14f99ecc163c9ddb46cb4d67cef
UCL-2012-13-M-0085,UEFA Champions League,2012-13,2012-12-04,20:45,2012-12-04T20:45:00,Group C,group_stage,3,,C,not_applicable,0,0,ucl-ac-milan,ucl-zenit-st-petersburg,AC Milan,Zenit St. Petersburg,AC Milan,Zenit St. Petersburg,ITA,RUS,0,1,0,1,0,1,,,Normal Time,A,1,-1,0,1513.47,1487.48,90.99,15,13,0-1 (0-1),2012-13/cl.txt,68,abfaeddc2ee3d14f99ecc163c9ddb46cb4d67cef
UCL-2012-13-M-0086,UEFA Champions League,2012-13,2012-12-04,20:45,2012-12-04T20:45:00,Group C,group_stage,3,,C,not_applicable,0,0,ucl-malaga-cf,ucl-rsc-anderlecht,Málaga CF,RSC Anderlecht,Málaga CF,RSC Anderlecht,ESP,BEL,2,2,2,2,1,0,,,Normal Time,D,4,0,1,1529.81,1479.04,115.76,5,5,2-2 (1-0),2012-13/cl.txt,69,abfaeddc2ee3d14f99ecc163c9ddb46cb4d67cef
UCL-2012-13-M-0087,UEFA Champions League,2012-13,2012-12-04,20:45,2012-12-04T20:45:00,Group D,group_stage,3,,D,not_applicable,0,0,ucl-real-madrid,ucl-afc-ajax,Real Madrid,AFC Ajax,Real Madrid,AFC Ajax,ESP,NED,4,1,4,1,2,0,,,Normal Time,H,5,3,1,1567.06,1480.31,151.75,17,11,4-1 (2-0),2012-13/cl.txt,89,abfaeddc2ee3d14f99ecc163c9ddb46cb4d67cef
UCL-2012-13-M-0088,UEFA Champions League,2012-13,2012-12-04,20:45,2012-12-04T20:45:00,Group D,group_stage,3,,D,not_applicable,0,0,ucl-borussia-dortmund,ucl-manchester-city,Borussia Dortmund,Manchester City,Borussia Dortmund,Manchester City,GER,ENG,1,0,1,0,0,0,,,Normal Time,H,1,1,0,1513.14,1489.48,88.67,11,11,1-0 (0-0),2012-13/cl.txt,90,abfaeddc2ee3d14f99ecc163c9ddb46cb4d67cef
UCL-2012-13-M-0089,UEFA Champions League,2012-13,2012-12-05,20:45,2012-12-05T20:45:00,Group E,group_stage,3,,E,not_applicable,0,0,ucl-shakhtar-donetsk,ucl-juventus,Shakhtar Donetsk,Juventus,Shakhtar Donetsk,Juventus,UKR,ITA,0,1,0,1,0,0,,,Normal Time,A,1,-1,0,1509.53,1518.91,55.62,11,5,0-1 (0-0),2012-13/cl.txt,110,abfaeddc2ee3d14f99ecc163c9ddb46cb4d67cef
UCL-2012-13-M-0090,UEFA Champions League,2012-13,2012-12-05,20:45,2012-12-05T20:45:00,Group E,group_stage,3,,E,not_applicable,0,0,ucl-chelsea-fc,ucl-fc-nordsj-lland,Chelsea FC,FC Nordsjælland,Chelsea FC,FC Nordsjælland,ENG,DEN,6,1,6,1,2,0,,,Normal Time,H,7,5,1,1537.76,1461.0,141.76,18,5,6-1 (2-0),2012-13/cl.txt,111,abfaeddc2ee3d14f99ecc163c9ddb46cb4d67cef
UCL-2012-13-M-0091,UEFA Champions League,2012-13,2012-12-05,20:45,2012-12-05T20:45:00,Group F,group_stage,3,,F,not_applicable,0,0,ucl-lille-osc,ucl-valencia-cf,Lille OSC,Valencia CF,Lille OSC,Valencia CF,FRA,ESP,0,1,0,1,0,1,,,Normal Time,A,1,-1,0,1468.89,1518.74,15.15,11,11,0-1 (0-1),2012-13/cl.txt,131,abfaeddc2ee3d14f99ecc163c9ddb46cb4d67cef
UCL-2012-13-M-0092,UEFA Champions League,2012-13,2012-12-05,20:45,2012-12-05T20:45:00,Group F,group_stage,3,,F,not_applicable,0,0,ucl-bayern-munich,ucl-bate-borisov,Bayern Munich,BATE Borisov,Bayern München,BATE Borisov,GER,BLR,4,1,4,1,1,0,,,Normal Time,H,5,3,1,1553.27,1460.0,158.28,18,11,4-1 (1-0),2012-13/cl.txt,132,abfaeddc2ee3d14f99ecc163c9ddb46cb4d67cef
UCL-2012-13-M-0093,UEFA Champions League,2012-13,2012-12-05,20:45,2012-12-05T20:45:00,Group G,group_stage,3,,G,not_applicable,0,0,ucl-fc-barcelona,ucl-benfica,FC Barcelona,Benfica,FC Barcelona,SL Benfica,ESP,POR,0,0,0,0,,,,,Normal Time,D,0,0,0,1573.65,1505.42,133.23,17,15,0-0,2012-13/cl.txt,152,abfaeddc2ee3d14f99ecc163c9ddb46cb4d67cef
UCL-2012-13-M-0094,UEFA Champions League,2012-13,2012-12-05,20:45,2012-12-05T20:45:00,Group G,group_stage,3,,G,not_applicable,0,0,ucl-celtic-fc,ucl-spartak-moskva,Celtic FC,Spartak Moskva,Celtic FC,Spartak Moskva,SCO,RUS,2,1,2,1,1,1,,,Normal Time,H,3,1,1,1504.96,1472.39,97.57,5,5,2-1 (1-1),2012-13/cl.txt,153,abfaeddc2ee3d14f99ecc163c9ddb46cb4d67cef
UCL-2012-13-M-0095,UEFA Champions League,2012-13,2012-12-05,20:45,2012-12-05T20:45:00,Group H,group_stage,3,,H,not_applicable,0,0,ucl-braga,ucl-galatasaray,Braga,Galatasaray,Sporting Braga,Galatasaray,POR,TUR,1,2,1,2,1,0,,,Normal Time,A,3,-1,1,1474.05,1500.94,38.11,5,5,1-2 (1-0),2012-13/cl.txt,173,abfaeddc2ee3d14f99ecc163c9ddb46cb4d67cef
UCL-2012-13-M-0096,UEFA Champions League,2012-13,2012-12-05,20:45,2012-12-05T20:45:00,Group H,group_stage,3,,H,not_applicable,0,0,ucl-manchester-united,ucl-cfr-cluj,Manchester United,CFR Cluj,Manchester United,CFR Cluj,ENG,ROU,0,1,0,1,0,0,,,Normal Time,A,1,-1,0,1535.22,1496.87,103.35,11,5,0-1 (0-0),2012-13/cl.txt,174,abfaeddc2ee3d14f99ecc163c9ddb46cb4d67cef
UCL-2012-13-M-0097,UEFA Champions League,2012-13,2013-02-12,20:45,2013-02-12T20:45:00,Round of 16,round_of_16,5,,,1,0,0,ucl-celtic-fc,ucl-juventus,Celtic FC,Juventus,Celtic FC,Juventus,SCO,ITA,0,3,0,3,0,1,,,Normal Time,A,3,-3,0,1512.23,1530.49,46.73,6,6,0-3 (0-1),2012-13/cl.txt,179,abfaeddc2ee3d14f99ecc163c9ddb46cb4d67cef
UCL-2012-13-M-0098,UEFA Champions League,2012-13,2013-02-12,20:45,2013-02-12T20:45:00,Round of 16,round_of_16,5,,,1,0,0,ucl-valencia-cf,ucl-paris-saint-germain,Valencia CF,Paris Saint-Germain,Valencia CF,Paris Saint-Germain,ESP,FRA,1,2,1,2,0,2,,,Normal Time,A,3,-1,1,1529.17,1535.45,58.73,12,6,1-2 (0-2),2012-13/cl.txt,180,abfaeddc2ee3d14f99ecc163c9ddb46cb4d67cef
UCL-2012-13-M-0099,UEFA Champions League,2012-13,2013-02-13,20:45,2013-02-13T20:45:00,Round of 16,round_of_16,5,,,1,0,0,ucl-shakhtar-donetsk,ucl-borussia-dortmund,Shakhtar Donetsk,Borussia Dortmund,Shakhtar Donetsk,Borussia Dortmund,UKR,GER,2,2,2,2,1,1,,,Normal Time,D,4,0,1,1497.94,1520.65,42.3,12,12,2-2 (1-1),2012-13/cl.txt,182,abfaeddc2ee3d14f99ecc163c9ddb46cb4d67cef
UCL-2012-13-M-0100,UEFA Champions League,2012-13,2013-02-13,20:45,2013-02-13T20:45:00,Round of 16,round_of_16,5,,,1,0,0,ucl-real-madrid,ucl-manchester-united,Real Madrid,Manchester United,Real Madrid,Manchester United,ESP,ENG,1,1,1,1,1,1,,,Normal Time,D,2,0,1,1572.95,1522.33,115.62,18,12,1-1 (1-1),2012-13/cl.txt,183,abfaeddc2ee3d14f99ecc163c9ddb46cb4d67cef
UCL-2012-13-M-0101,UEFA Champions League,2012-13,2013-02-19,20:45,2013-02-19T20:45:00,Round of 16,round_of_16,5,,,1,0,0,ucl-arsenal-fc,ucl-bayern-munich,Arsenal FC,Bayern Munich,Arsenal FC,Bayern München,ENG,GER,1,3,1,3,0,2,,,Normal Time,A,4,-2,1,1520.61,1559.01,26.6,14,19,1-3 (0-2),2012-13/cl.txt,185,abfaeddc2ee3d14f99ecc163c9ddb46cb4d67cef
UCL-2012-13-M-0102,UEFA Champions League,2012-13,2013-02-19,20:45,2013-02-19T20:45:00,Round of 16,round_of_16,5,,,1,0,0,ucl-fc-porto,ucl-malaga-cf,FC Porto,Málaga CF,FC Porto,Málaga CF,POR,ESP,1,0,1,0,0,0,,,Normal Time,H,1,1,0,1524.25,1526.59,62.66,12,6,1-0 (0-0),2012-13/cl.txt,186,abfaeddc2ee3d14f99ecc163c9ddb46cb4d67cef
UCL-2012-13-M-0103,UEFA Champions League,2012-13,2013-02-20,20:45,2013-02-20T20:45:00,Round of 16,round_of_16,5,,,1,0,0,ucl-galatasaray,ucl-fc-schalke-04,Galatasaray,FC Schalke 04,Galatasaray,FC Schalke 04,TUR,GER,1,1,1,1,1,1,,,Normal Time,D,2,0,1,1512.03,1527.78,49.26,6,6,1-1 (1-1),2012-13/cl.txt,188,abfaeddc2ee3d14f99ecc163c9ddb46cb4d67cef
UCL-2012-13-M-0104,UEFA Champions League,2012-13,2013-02-20,20:45,2013-02-20T20:45:00,Round of 16,round_of_16,5,,,1,0,0,ucl-ac-milan,ucl-fc-barcelona,AC Milan,FC Barcelona,AC Milan,FC Barcelona,ITA,ESP,2,0,2,0,0,0,,,Normal Time,H,2,2,0,1500.91,1569.99,-4.08,16,18,2-0 (0-0),2012-13/cl.txt,189,abfaeddc2ee3d14f99ecc163c9ddb46cb4d67cef
UCL-2012-13-M-0105,UEFA Champions League,2012-13,2013-03-05,20:45,2013-03-05T20:45:00,Round of 16,round_of_16,5,,,2,0,0,ucl-borussia-dortmund,ucl-shakhtar-donetsk,Borussia Dortmund,Shakhtar Donetsk,Borussia Dortmund,Shakhtar Donetsk,GER,UKR,3,0,3,0,2,0,,,Normal Time,H,3,3,0,1521.86,1496.73,90.13,13,13,3-0 (2-0),2012-13/cl.txt,191,abfaeddc2ee3d14f99ecc163c9ddb46cb4d67cef
UCL-2012-13-M-0106,UEFA Champions League,2012-13,2013-03-05,20:45,2013-03-05T20:45:00,Round of 16,round_of_16,5,,,2,0,0,ucl-manchester-united,ucl-real-madrid,Manchester United,Real Madrid,Manchester United,Real Madrid,ENG,ESP,1,2,1,2,0,0,,,Normal Time,A,3,-1,1,1525.54,1569.74,20.8,13,19,1-2 (0-0),2012-13/cl.txt,192,abfaeddc2ee3d14f99ecc163c9ddb46cb4d67cef
UCL-2012-13-M-0107,UEFA Champions League,2012-13,2013-03-06,20:45,2013-03-06T20:45:00,Round of 16,round_of_16,5,,,2,0,0,ucl-juventus,ucl-celtic-fc,Juventus,Celtic FC,Juventus,Celtic FC,ITA,SCO,2,0,2,0,1,0,,,Normal Time,H,2,2,0,1541.83,1500.89,105.94,7,7,2-0 (1-0),2012-13/cl.txt,194,abfaeddc2ee3d14f99ecc163c9ddb46cb4d67cef
UCL-2012-13-M-0108,UEFA Champions League,2012-13,2013-03-06,20:45,2013-03-06T20:45:00,Round of 16,round_of_16,5,,,2,0,0,ucl-paris-saint-germain,ucl-valencia-cf,Paris Saint-Germain,Valencia CF,Paris Saint-Germain,Valencia CF,FRA,ESP,1,1,1,1,0,0,,,Normal Time,D,2,0,1,1547.12,1517.5,94.62,7,13,1-1 (0-0),2012-13/cl.txt,195,abfaeddc2ee3d14f99ecc163c9ddb46cb4d67cef
UCL-2012-13-M-0109,UEFA Champions League,2012-13,2013-03-12,20:45,2013-03-12T20:45:00,Round of 16,round_of_16,5,,,2,0,0,ucl-fc-schalke-04,ucl-galatasaray,FC Schalke 04,Galatasaray,FC Schalke 04,Galatasaray,GER,TUR,2,3,2,3,1,2,,,Normal Time,A,5,-1,1,1529.18,1510.63,83.56,7,7,2-3 (1-2),2012-13/cl.txt,197,abfaeddc2ee3d14f99ecc163c9ddb46cb4d67cef
UCL-2012-13-M-0110,UEFA Champions League,2012-13,2013-03-12,20:45,2013-03-12T20:45:00,Round of 16,round_of_16,5,,,2,0,0,ucl-fc-barcelona,ucl-ac-milan,FC Barcelona,AC Milan,FC Barcelona,AC Milan,ESP,ITA,4,0,4,0,2,0,,,Normal Time,H,4,4,0,1559.87,1511.03,113.84,19,17,4-0 (2-0),2012-13/cl.txt,198,abfaeddc2ee3d14f99ecc163c9ddb46cb4d67cef
UCL-2012-13-M-0111,UEFA Champions League,2012-13,2013-03-13,20:45,2013-03-13T20:45:00,Round of 16,round_of_16,5,,,2,0,0,ucl-bayern-munich,ucl-arsenal-fc,Bayern Munich,Arsenal FC,Bayern München,Arsenal FC,GER,ENG,0,2,0,2,0,1,,,Normal Time,A,2,-2,0,1569.77,1509.84,124.93,20,15,0-2 (0-1),2012-13/cl.txt,200,abfaeddc2ee3d14f99ecc163c9ddb46cb4d67cef
UCL-2012-13-M-0112,UEFA Champions League,2012-13,2013-03-13,20:45,2013-03-13T20:45:00,Round of 16,round_of_16,5,,,2,0,0,ucl-malaga-cf,ucl-fc-porto,Málaga CF,FC Porto,Málaga CF,FC Porto,ESP,POR,2,0,2,0,1,0,,,Normal Time,H,2,2,0,1518.38,1532.46,50.91,7,13,2-0 (1-0),2012-13/cl.txt,201,abfaeddc2ee3d14f99ecc163c9ddb46cb4d67cef
UCL-2012-13-M-0113,UEFA Champions League,2012-13,2013-04-02,20:45,2013-04-02T20:45:00,Quarterfinals,quarterfinal,6,,,1,0,0,ucl-paris-saint-germain,ucl-fc-barcelona,Paris Saint-Germain,FC Barcelona,Paris Saint-Germain,FC Barcelona,FRA,ESP,2,2,2,2,0,1,,,Normal Time,D,4,0,1,1544.46,1566.71,42.75,8,20,2-2 (0-1),2012-13/cl.txt,206,abfaeddc2ee3d14f99ecc163c9ddb46cb4d67cef
UCL-2012-13-M-0114,UEFA Champions League,2012-13,2013-04-02,20:45,2013-04-02T20:45:00,Quarterfinals,quarterfinal,6,,,1,0,0,ucl-bayern-munich,ucl-juventus,Bayern Munich,Juventus,Bayern München,Juventus,GER,ITA,2,0,2,0,1,0,,,Normal Time,H,2,2,0,1556.32,1548.87,72.45,21,8,2-0 (1-0),2012-13/cl.txt,207,abfaeddc2ee3d14f99ecc163c9ddb46cb4d67cef
UCL-2012-13-M-0115,UEFA Champions League,2012-13,2013-04-03,20:45,2013-04-03T20:45:00,Quarterfinals,quarterfinal,6,,,1,0,0,ucl-malaga-cf,ucl-borussia-dortmund,Málaga CF,Borussia Dortmund,Málaga CF,Borussia Dortmund,ESP,GER,0,0,0,0,,,,,Normal Time,D,0,0,0,1526.92,1529.32,62.6,8,14,0-0,2012-13/cl.txt,209,abfaeddc2ee3d14f99ecc163c9ddb46cb4d67cef
UCL-2012-13-M-0116,UEFA Champions League,2012-13,2013-04-03,20:45,2013-04-03T20:45:00,Quarterfinals,quarterfinal,6,,,1,0,0,ucl-real-madrid,ucl-galatasaray,Real Madrid,Galatasaray,Real Madrid,Galatasaray,ESP,TUR,3,0,3,0,2,0,,,Normal Time,H,3,3,0,1580.34,1522.99,122.36,20,8,3-0 (2-0),2012-13/cl.txt,210,abfaeddc2ee3d14f99ecc163c9ddb46cb4d67cef
UCL-2012-13-M-0117,UEFA Champions League,2012-13,2013-04-09,20:45,2013-04-09T20:45:00,Quarterfinals,quarterfinal,6,,,2,0,0,ucl-borussia-dortmund,ucl-malaga-cf,Borussia Dortmund,Málaga CF,Borussia Dortmund,Málaga CF,GER,ESP,3,2,3,2,1,1,,,Normal Time,H,5,1,1,1531.1,1525.14,70.97,15,9,3-2 (1-1),2012-13/cl.txt,212,abfaeddc2ee3d14f99ecc163c9ddb46cb4d67cef
UCL-2012-13-M-0118,UEFA Champions League,2012-13,2013-04-09,20:45,2013-04-09T20:45:00,Quarterfinals,quarterfinal,6,,,2,0,0,ucl-galatasaray,ucl-real-madrid,Galatasaray,Real Madrid,Galatasaray,Real Madrid,TUR,ESP,3,2,3,2,0,1,,,Normal Time,H,5,1,1,1516.37,1586.96,-5.59,9,21,3-2 (0-1),2012-13/cl.txt,213,abfaeddc2ee3d14f99ecc163c9ddb46cb4d67cef
UCL-2012-13-M-0119,UEFA Champions League,2012-13,2013-04-10,20:45,2013-04-10T20:45:00,Quarterfinals,quarterfinal,6,,,2,0,0,ucl-fc-barcelona,ucl-paris-saint-germain,FC Barcelona,Paris Saint-Germain,FC Barcelona,Paris Saint-Germain,ESP,FRA,1,1,1,1,0,0,,,Normal Time,D,2,0,1,1567.93,1543.24,89.69,21,9,1-1 (0-0),2012-13/cl.txt,215,abfaeddc2ee3d14f99ecc163c9ddb46cb4d67cef
UCL-2012-13-M-0120,UEFA Champions League,2012-13,2013-04-10,20:45,2013-04-10T20:45:00,Quarterfinals,quarterfinal,6,,,2,0,0,ucl-juventus,ucl-bayern-munich,Juventus,Bayern Munich,Juventus,Bayern München,ITA,GER,0,2,0,2,0,0,,,Normal Time,A,2,-2,0,1540.93,1564.27,41.66,9,22,0-2 (0-0),2012-13/cl.txt,216,abfaeddc2ee3d14f99ecc163c9ddb46cb4d67cef
UCL-2012-13-M-0121,UEFA Champions League,2012-13,2013-04-23,20:45,2013-04-23T20:45:00,Semifinals,semifinal,7,,,1,0,0,ucl-bayern-munich,ucl-fc-barcelona,Bayern Munich,FC Barcelona,Bayern München,FC Barcelona,GER,ESP,4,0,4,0,1,0,,,Normal Time,H,4,4,0,1575.46,1565.41,75.05,23,22,4-0 (1-0),2012-13/cl.txt,221,abfaeddc2ee3d14f99ecc163c9ddb46cb4d67cef
UCL-2012-13-M-0122,UEFA Champions League,2012-13,2013-04-24,20:45,2013-04-24T20:45:00,Semifinals,semifinal,7,,,1,0,0,ucl-borussia-dortmund,ucl-real-madrid,Borussia Dortmund,Real Madrid,Borussia Dortmund,Real Madrid,GER,ESP,4,1,4,1,1,1,,,Normal Time,H,5,3,1,1539.09,1576.8,27.29,16,22,4-1 (1-1),2012-13/cl.txt,223,abfaeddc2ee3d14f99ecc163c9ddb46cb4d67cef
UCL-2012-13-M-0123,UEFA Champions League,2012-13,2013-04-30,20:45,2013-04-30T20:45:00,Semifinals,semifinal,7,,,2,0,0,ucl-real-madrid,ucl-borussia-dortmund,Real Madrid,Borussia Dortmund,Real Madrid,Borussia Dortmund,ESP,GER,2,0,2,0,0,0,,,Normal Time,H,2,2,0,1567.58,1548.3,84.28,23,17,2-0 (0-0),2012-13/cl.txt,225,abfaeddc2ee3d14f99ecc163c9ddb46cb4d67cef
UCL-2012-13-M-0124,UEFA Champions League,2012-13,2013-05-01,20:45,2013-05-01T20:45:00,Semifinals,semifinal,7,,,2,0,0,ucl-fc-barcelona,ucl-bayern-munich,FC Barcelona,Bayern Munich,FC Barcelona,Bayern München,ESP,GER,0,3,0,3,0,0,,,Normal Time,A,3,-3,0,1557.54,1583.34,39.2,23,24,0-3 (0-0),2012-13/cl.txt,227,abfaeddc2ee3d14f99ecc163c9ddb46cb4d67cef
UCL-2012-13-M-0125,UEFA Champions League,2012-13,2013-05-25,20:45,2013-05-25T20:45:00,Final,final,8,,,single,0,1,ucl-borussia-dortmund,ucl-bayern-munich,Borussia Dortmund,Bayern Munich,Borussia Dortmund,Bayern München,GER,GER,1,2,1,2,0,0,,,Normal Time,A,3,-1,1,1540.68,1594.46,-53.77,18,25,1-2 (0-0),2012-13/cl.txt,232,abfaeddc2ee3d14f99ecc163c9ddb46cb4d67cef
UCL-2013-14-M-0001,UEFA Champions League,2013-14,2013-09-17,20:45,2013-09-17T20:45:00,Group A,group_stage,3,,A,not_applicable,0,0,ucl-manchester-united,ucl-bayer-leverkusen,Manchester United,Bayer Leverkusen,Manchester United,Bayer Leverkusen,ENG,GER,4,2,4,2,1,0,,,Normal Time,H,6,2,1,1512.7,1494.13,83.57,14,8,4-2 (1-0),2013-14/cl.txt,11,abfaeddc2ee3d14f99ecc163c9ddb46cb4d67cef
UCL-2013-14-M-0002,UEFA Champions League,2013-14,2013-09-17,20:45,2013-09-17T20:45:00,Group A,group_stage,3,,A,not_applicable,0,0,ucl-real-sociedad,ucl-shakhtar-donetsk,Real Sociedad,Shakhtar Donetsk,Real Sociedad,Shakhtar Donetsk,ESP,UKR,0,2,0,2,0,0,,,Normal Time,A,2,-2,0,1500.0,1490.88,74.12,0,14,0-2 (0-0),2013-14/cl.txt,12,abfaeddc2ee3d14f99ecc163c9ddb46cb4d67cef
UCL-2013-14-M-0003,UEFA Champions League,2013-14,2013-09-17,20:45,2013-09-17T20:45:00,Group B,group_stage,3,,B,not_applicable,0,0,ucl-galatasaray,ucl-real-madrid,Galatasaray,Real Madrid,Galatasaray,Real Madrid,TUR,ESP,1,6,1,6,0,1,,,Normal Time,A,7,-5,1,1522.55,1563.92,23.63,10,24,1-6 (0-1),2013-14/cl.txt,32,abfaeddc2ee3d14f99ecc163c9ddb46cb4d67cef
UCL-2013-14-M-0004,UEFA Champions League,2013-14,2013-09-17,20:45,2013-09-17T20:45:00,Group B,group_stage,3,,B,not_applicable,0,0,ucl-fc-k-benhavn,ucl-juventus,FC København,Juventus,FC København,Juventus,DEN,ITA,1,1,1,1,1,0,,,Normal Time,D,2,0,1,1500.0,1525.28,39.72,0,10,1-1 (1-0),2013-14/cl.txt,33,abfaeddc2ee3d14f99ecc163c9ddb46cb4d67cef
UCL-2013-14-M-0005,UEFA Champions League,2013-14,2013-09-17,20:45,2013-09-17T20:45:00,Group C,group_stage,3,,C,not_applicable,0,0,ucl-olympiacos,ucl-paris-saint-germain,Olympiacos,Paris Saint-Germain,Olympiakos Piraeus,Paris Saint-Germain,GRE,FRA,1,4,1,4,1,1,,,Normal Time,A,5,-3,1,1503.46,1538.9,29.56,12,10,1-4 (1-1),2013-14/cl.txt,54,abfaeddc2ee3d14f99ecc163c9ddb46cb4d67cef
UCL-2013-14-M-0006,UEFA Champions League,2013-14,2013-09-17,20:45,2013-09-17T20:45:00,Group C,group_stage,3,,C,not_applicable,0,0,ucl-benfica,ucl-rsc-anderlecht,Benfica,RSC Anderlecht,SL Benfica,RSC Anderlecht,POR,BEL,2,0,2,0,2,0,,,Normal Time,H,2,2,0,1507.72,1484.92,87.8,16,6,2-0 (2-0),2013-14/cl.txt,55,abfaeddc2ee3d14f99ecc163c9ddb46cb4d67cef
UCL-2013-14-M-0007,UEFA Champions League,2013-14,2013-09-17,20:45,2013-09-17T20:45:00,Group D,group_stage,3,,D,not_applicable,0,0,ucl-bayern-munich,ucl-cska-moskva,Bayern Munich,CSKA Moskva,Bayern München,CSKA Moskva,GER,RUS,3,0,3,0,2,0,,,Normal Time,H,3,3,0,1587.48,1495.43,157.05,26,8,3-0 (2-0),2013-14/cl.txt,75,abfaeddc2ee3d14f99ecc163c9ddb46cb4d67cef
UCL-2013-14-M-0008,UEFA Champions League,2013-14,2013-09-17,20:45,2013-09-17T20:45:00,Group D,group_stage,3,,D,not_applicable,0,0,ucl-viktoria-plzen,ucl-manchester-city,Viktoria Plzeň,Manchester City,Viktoria Plzeň,Manchester City,CZE,ENG,0,3,0,3,0,0,,,Normal Time,A,3,-3,0,1487.4,1484.68,67.72,6,12,0-3 (0-0),2013-14/cl.txt,76,abfaeddc2ee3d14f99ecc163c9ddb46cb4d67cef
UCL-2013-14-M-0009,UEFA Champions League,2013-14,2013-09-18,20:45,2013-09-18T20:45:00,Group E,group_stage,3,,E,not_applicable,0,0,ucl-chelsea-fc,ucl-fc-basel-1893,Chelsea FC,FC Basel 1893,Chelsea FC,FC Basel 1893,ENG,SUI,1,2,1,2,1,0,,,Normal Time,A,3,-1,1,1537.31,1514.05,88.26,19,8,1-2 (1-0),2013-14/cl.txt,96,abfaeddc2ee3d14f99ecc163c9ddb46cb4d67cef
UCL-2013-14-M-0010,UEFA Champions League,2013-14,2013-09-18,20:45,2013-09-18T20:45:00,Group E,group_stage,3,,E,not_applicable,0,0,ucl-fc-schalke-04,ucl-fcsb,FC Schalke 04,FCSB,FC Schalke 04,FC Steaua Bucureşti,GER,ROU,3,0,3,0,0,0,,,Normal Time,H,3,3,0,1514.3,1500.0,79.3,8,0,3-0 (0-0),2013-14/cl.txt,97,abfaeddc2ee3d14f99ecc163c9ddb46cb4d67cef
UCL-2013-14-M-0011,UEFA Champions League,2013-14,2013-09-18,20:45,2013-09-18T20:45:00,Group F,group_stage,3,,F,not_applicable,0,0,ucl-olympique-marseille,ucl-arsenal-fc,Olympique Marseille,Arsenal FC,Olympique Marseille,Arsenal FC,FRA,ENG,1,2,1,2,0,0,,,Normal Time,A,3,-1,1,1492.55,1519.8,37.75,10,16,1-2 (0-0),2013-14/cl.txt,117,abfaeddc2ee3d14f99ecc163c9ddb46cb4d67cef
UCL-2013-14-M-0012,UEFA Champions League,2013-14,2013-09-18,20:45,2013-09-18T20:45:00,Group F,group_stage,3,,F,not_applicable,0,0,ucl-ssc-napoli,ucl-borussia-dortmund,SSC Napoli,Borussia Dortmund,SSC Napoli,Borussia Dortmund,ITA,GER,2,1,2,1,1,0,,,Normal Time,H,3,1,1,1513.34,1527.39,50.96,8,19,2-1 (1-0),2013-14/cl.txt,118,abfaeddc2ee3d14f99ecc163c9ddb46cb4d67cef
UCL-2013-14-M-0013,UEFA Champions League,2013-14,2013-09-18,20:45,2013-09-18T20:45:00,Group G,group_stage,3,,G,not_applicable,0,0,ucl-atletico-madrid,ucl-zenit-st-petersburg,Atlético Madrid,Zenit St. Petersburg,Atlético Madrid,Zenit St. Petersburg,ESP,RUS,3,1,3,1,1,0,,,Normal Time,H,4,2,1,1500.0,1500.04,64.96,0,14,3-1 (1-0),2013-14/cl.txt,138,abfaeddc2ee3d14f99ecc163c9ddb46cb4d67cef
UCL-2013-14-M-0014,UEFA Champions League,2013-14,2013-09-18,20:45,2013-09-18T20:45:00,Group G,group_stage,3,,G,not_applicable,0,0,ucl-austria-wien,ucl-fc-porto,Austria Wien,FC Porto,Austria Wien,FC Porto,AUT,POR,0,1,0,1,0,0,,,Normal Time,A,1,-1,0,1500.0,1520.33,44.67,0,14,0-1 (0-0),2013-14/cl.txt,139,abfaeddc2ee3d14f99ecc163c9ddb46cb4d67cef
UCL-2013-14-M-0015,UEFA Champions League,2013-14,2013-09-18,20:45,2013-09-18T20:45:00,Group H,group_stage,3,,H,not_applicable,0,0,ucl-fc-barcelona,ucl-afc-ajax,FC Barcelona,AFC Ajax,FC Barcelona,AFC Ajax,ESP,NED,4,0,4,0,1,0,,,Normal Time,H,4,4,0,1539.45,1478.26,126.19,24,12,4-0 (1-0),2013-14/cl.txt,159,abfaeddc2ee3d14f99ecc163c9ddb46cb4d67cef
UCL-2013-14-M-0016,UEFA Champions League,2013-14,2013-09-18,20:45,2013-09-18T20:45:00,Group H,group_stage,3,,H,not_applicable,0,0,ucl-ac-milan,ucl-celtic-fc,AC Milan,Celtic FC,AC Milan,Celtic FC,ITA,SCO,2,0,2,0,0,0,,,Normal Time,H,2,2,0,1503.57,1494.77,73.79,18,8,2-0 (0-0),2013-14/cl.txt,160,abfaeddc2ee3d14f99ecc163c9ddb46cb4d67cef
UCL-2013-14-M-0017,UEFA Champions League,2013-14,2013-10-01,18:00,2013-10-01T18:00:00,Group G,group_stage,3,,G,not_applicable,0,0,ucl-zenit-st-petersburg,ucl-austria-wien,Zenit St. Petersburg,Austria Wien,Zenit St. Petersburg,Austria Wien,RUS,AUT,0,0,0,0,,,,,Normal Time,D,0,0,0,1491.89,1488.72,68.16,15,1,0-0,2013-14/cl.txt,141,abfaeddc2ee3d14f99ecc163c9ddb46cb4d67cef
UCL-2013-14-M-0018,UEFA Champions League,2013-14,2013-10-01,20:45,2013-10-01T20:45:00,Group E,group_stage,3,,E,not_applicable,0,0,ucl-fc-basel-1893,ucl-fc-schalke-04,FC Basel 1893,FC Schalke 04,FC Basel 1893,FC Schalke 04,SUI,GER,0,1,0,1,0,0,,,Normal Time,A,1,-1,0,1526.53,1522.06,69.48,9,9,0-1 (0-0),2013-14/cl.txt,99,abfaeddc2ee3d14f99ecc163c9ddb46cb4d67cef
UCL-2013-14-M-0019,UEFA Champions League,2013-14,2013-10-01,20:45,2013-10-01T20:45:00,Group E,group_stage,3,,E,not_applicable,0,0,ucl-fcsb,ucl-chelsea-fc,FCSB,Chelsea FC,FC Steaua Bucureşti,Chelsea FC,ROU,ENG,0,4,0,4,0,2,,,Normal Time,A,4,-4,0,1492.24,1524.82,32.42,1,20,0-4 (0-2),2013-14/cl.txt,100,abfaeddc2ee3d14f99ecc163c9ddb46cb4d67cef
UCL-2013-14-M-0020,UEFA Champions League,2013-14,2013-10-01,20:45,2013-10-01T20:45:00,Group F,group_stage,3,,F,not_applicable,0,0,ucl-borussia-dortmund,ucl-olympique-marseille,Borussia Dortmund,Olympique Marseille,Borussia Dortmund,Olympique Marseille,GER,FRA,3,0,3,0,1,0,,,Normal Time,H,3,3,0,1518.84,1481.47,102.37,20,11,3-0 (1-0),2013-14/cl.txt,120,abfaeddc2ee3d14f99ecc163c9ddb46cb4d67cef
UCL-2013-14-M-0021,UEFA Champions League,2013-14,2013-10-01,20:45,2013-10-01T20:45:00,Group F,group_stage,3,,F,not_applicable,0,0,ucl-arsenal-fc,ucl-ssc-napoli,Arsenal FC,SSC Napoli,Arsenal FC,SSC Napoli,ENG,ITA,2,0,2,0,2,0,,,Normal Time,H,2,2,0,1530.88,1521.89,73.99,17,9,2-0 (2-0),2013-14/cl.txt,121,abfaeddc2ee3d14f99ecc163c9ddb46cb4d67cef
UCL-2013-14-M-0022,UEFA Champions League,2013-14,2013-10-01,20:45,2013-10-01T20:45:00,Group G,group_stage,3,,G,not_applicable,0,0,ucl-fc-porto,ucl-atletico-madrid,FC Porto,Atlético Madrid,FC Porto,Atlético Madrid,POR,ESP,1,2,1,2,1,0,,,Normal Time,A,3,-1,1,1531.61,1508.15,88.46,15,1,1-2 (1-0),2013-14/cl.txt,142,abfaeddc2ee3d14f99ecc163c9ddb46cb4d67cef
UCL-2013-14-M-0023,UEFA Champions League,2013-14,2013-10-01,20:45,2013-10-01T20:45:00,Group H,group_stage,3,,H,not_applicable,0,0,ucl-afc-ajax,ucl-ac-milan,AFC Ajax,AC Milan,AFC Ajax,AC Milan,NED,ITA,1,1,1,1,0,0,,,Normal Time,D,2,0,1,1471.74,1511.47,25.27,13,19,1-1 (0-0),2013-14/cl.txt,162,abfaeddc2ee3d14f99ecc163c9ddb46cb4d67cef
UCL-2013-14-M-0024,UEFA Champions League,2013-14,2013-10-01,20:45,2013-10-01T20:45:00,Group H,group_stage,3,,H,not_applicable,0,0,ucl-celtic-fc,ucl-fc-barcelona,Celtic FC,FC Barcelona,Celtic FC,FC Barcelona,SCO,ESP,0,1,0,1,0,0,,,Normal Time,A,1,-1,0,1486.86,1545.97,5.89,9,25,0-1 (0-0),2013-14/cl.txt,163,abfaeddc2ee3d14f99ecc163c9ddb46cb4d67cef
UCL-2013-14-M-0025,UEFA Champions League,2013-14,2013-10-02,18:00,2013-10-02T18:00:00,Group D,group_stage,3,,D,not_applicable,0,0,ucl-cska-moskva,ucl-viktoria-plzen,CSKA Moskva,Viktoria Plzeň,CSKA Moskva,Viktoria Plzeň,RUS,CZE,3,2,3,2,2,1,,,Normal Time,H,5,1,1,1489.67,1475.48,79.19,9,7,3-2 (2-1),2013-14/cl.txt,78,abfaeddc2ee3d14f99ecc163c9ddb46cb4d67cef
UCL-2013-14-M-0026,UEFA Champions League,2013-14,2013-10-02,20:45,2013-10-02T20:45:00,Group A,group_stage,3,,A,not_applicable,0,0,ucl-shakhtar-donetsk,ucl-manchester-united,Shakhtar Donetsk,Manchester United,Shakhtar Donetsk,Manchester United,UKR,ENG,1,1,1,1,0,1,,,Normal Time,D,2,0,1,1502.98,1520.34,47.64,15,15,1-1 (0-1),2013-14/cl.txt,14,abfaeddc2ee3d14f99ecc163c9ddb46cb4d67cef
UCL-2013-14-M-0027,UEFA Champions League,2013-14,2013-10-02,20:45,2013-10-02T20:45:00,Group A,group_stage,3,,A,not_applicable,0,0,ucl-bayer-leverkusen,ucl-real-sociedad,Bayer Leverkusen,Real Sociedad,Bayer Leverkusen,Real Sociedad,GER,ESP,2,1,2,1,1,0,,,Normal Time,H,3,1,1,1486.49,1487.9,63.59,9,1,2-1 (1-0),2013-14/cl.txt,15,abfaeddc2ee3d14f99ecc163c9ddb46cb4d67cef
UCL-2013-14-M-0028,UEFA Champions League,2013-14,2013-10-02,20:45,2013-10-02T20:45:00,Group B,group_stage,3,,B,not_applicable,0,0,ucl-juventus,ucl-galatasaray,Juventus,Galatasaray,Juventus,Galatasaray,ITA,TUR,2,2,2,2,0,1,,,Normal Time,D,4,0,1,1526.41,1511.87,79.54,11,11,2-2 (0-1),2013-14/cl.txt,35,abfaeddc2ee3d14f99ecc163c9ddb46cb4d67cef
UCL-2013-14-M-0029,UEFA Champions League,2013-14,2013-10-02,20:45,2013-10-02T20:45:00,Group B,group_stage,3,,B,not_applicable,0,0,ucl-real-madrid,ucl-fc-k-benhavn,Real Madrid,FC København,Real Madrid,FC København,ESP,DEN,4,0,4,0,1,0,,,Normal Time,H,4,4,0,1574.6,1498.86,140.74,25,1,4-0 (1-0),2013-14/cl.txt,36,abfaeddc2ee3d14f99ecc163c9ddb46cb4d67cef
UCL-2013-14-M-0030,UEFA Champions League,2013-14,2013-10-02,20:45,2013-10-02T20:45:00,Group C,group_stage,3,,C,not_applicable,0,0,ucl-paris-saint-germain,ucl-benfica,Paris Saint-Germain,Benfica,Paris Saint-Germain,SL Benfica,FRA,POR,3,0,3,0,3,0,,,Normal Time,H,3,3,0,1549.75,1515.24,99.51,11,17,3-0 (3-0),2013-14/cl.txt,57,abfaeddc2ee3d14f99ecc163c9ddb46cb4d67cef
UCL-2013-14-M-0031,UEFA Champions League,2013-14,2013-10-02,20:45,2013-10-02T20:45:00,Group C,group_stage,3,,C,not_applicable,0,0,ucl-rsc-anderlecht,ucl-olympiacos,RSC Anderlecht,Olympiacos,RSC Anderlecht,Olympiakos Piraeus,BEL,GRE,0,3,0,3,0,1,,,Normal Time,A,3,-3,0,1477.39,1492.61,49.78,7,13,0-3 (0-1),2013-14/cl.txt,58,abfaeddc2ee3d14f99ecc163c9ddb46cb4d67cef
UCL-2013-14-M-0032,UEFA Champions League,2013-14,2013-10-02,20:45,2013-10-02T20:45:00,Group D,group_stage,3,,D,not_applicable,0,0,ucl-manchester-city,ucl-bayern-munich,Manchester City,Bayern Munich,Manchester City,Bayern München,ENG,GER,1,3,1,3,0,1,,,Normal Time,A,4,-2,1,1496.61,1593.25,-31.64,13,27,1-3 (0-1),2013-14/cl.txt,79,abfaeddc2ee3d14f99ecc163c9ddb46cb4d67cef
UCL-2013-14-M-0033,UEFA Champions League,2013-14,2013-10-22,20:45,2013-10-22T20:45:00,Group E,group_stage,3,,E,not_applicable,0,0,ucl-fc-schalke-04,ucl-chelsea-fc,FC Schalke 04,Chelsea FC,FC Schalke 04,Chelsea FC,GER,ENG,0,3,0,3,0,1,,,Normal Time,A,3,-3,0,1534.03,1535.75,63.28,10,21,0-3 (0-1),2013-14/cl.txt,102,abfaeddc2ee3d14f99ecc163c9ddb46cb4d67cef
UCL-2013-14-M-0034,UEFA Champions League,2013-14,2013-10-22,20:45,2013-10-22T20:45:00,Group E,group_stage,3,,E,not_applicable,0,0,ucl-fcsb,ucl-fc-basel-1893,FCSB,FC Basel 1893,FC Steaua Bucureşti,FC Basel 1893,ROU,SUI,1,1,1,1,0,0,,,Normal Time,D,2,0,1,1481.31,1514.56,31.75,2,10,1-1 (0-0),2013-14/cl.txt,103,abfaeddc2ee3d14f99ecc163c9ddb46cb4d67cef
UCL-2013-14-M-0035,UEFA Champions League,2013-14,2013-10-22,20:45,2013-10-22T20:45:00,Group F,group_stage,3,,F,not_applicable,0,0,ucl-arsenal-fc,ucl-borussia-dortmund,Arsenal FC,Borussia Dortmund,Arsenal FC,Borussia Dortmund,ENG,GER,1,2,1,2,1,1,,,Normal Time,A,3,-1,1,1538.78,1525.98,77.8,18,21,1-2 (1-1),2013-14/cl.txt,123,abfaeddc2ee3d14f99ecc163c9ddb46cb4d67cef
UCL-2013-14-M-0036,UEFA Champions League,2013-14,2013-10-22,20:45,2013-10-22T20:45:00,Group F,group_stage,3,,F,not_applicable,0,0,ucl-olympique-marseille,ucl-ssc-napoli,Olympique Marseille,SSC Napoli,Olympique Marseille,SSC Napoli,FRA,ITA,1,2,1,2,0,1,,,Normal Time,A,3,-1,1,1474.33,1513.99,25.35,12,10,1-2 (0-1),2013-14/cl.txt,124,abfaeddc2ee3d14f99ecc163c9ddb46cb4d67cef
UCL-2013-14-M-0037,UEFA Champions League,2013-14,2013-10-22,20:45,2013-10-22T20:45:00,Group G,group_stage,3,,G,not_applicable,0,0,ucl-fc-porto,ucl-zenit-st-petersburg,FC Porto,Zenit St. Petersburg,FC Porto,Zenit St. Petersburg,POR,RUS,0,1,0,1,0,0,,,Normal Time,A,1,-1,0,1519.12,1489.95,94.17,16,16,0-1 (0-0),2013-14/cl.txt,144,abfaeddc2ee3d14f99ecc163c9ddb46cb4d67cef
UCL-2013-14-M-0038,UEFA Champions League,2013-14,2013-10-22,20:45,2013-10-22T20:45:00,Group G,group_stage,3,,G,not_applicable,0,0,ucl-austria-wien,ucl-atletico-madrid,Austria Wien,Atlético Madrid,Austria Wien,Atlético Madrid,AUT,ESP,0,3,0,3,0,2,,,Normal Time,A,3,-3,0,1490.66,1520.64,35.01,2,2,0-3 (0-2),2013-14/cl.txt,145,abfaeddc2ee3d14f99ecc163c9ddb46cb4d67cef
UCL-2013-14-M-0039,UEFA Champions League,2013-14,2013-10-22,20:45,2013-10-22T20:45:00,Group H,group_stage,3,,H,not_applicable,0,0,ucl-ac-milan,ucl-fc-barcelona,AC Milan,FC Barcelona,AC Milan,FC Barcelona,ITA,ESP,1,1,1,1,1,1,,,Normal Time,D,2,0,1,1512.2,1556.14,21.06,20,26,1-1 (1-1),2013-14/cl.txt,165,abfaeddc2ee3d14f99ecc163c9ddb46cb4d67cef
UCL-2013-14-M-0040,UEFA Champions League,2013-14,2013-10-22,20:45,2013-10-22T20:45:00,Group H,group_stage,3,,H,not_applicable,0,0,ucl-celtic-fc,ucl-afc-ajax,Celtic FC,AFC Ajax,Celtic FC,AFC Ajax,SCO,NED,2,1,2,1,1,0,,,Normal Time,H,3,1,1,1476.69,1471.01,70.68,10,14,2-1 (1-0),2013-14/cl.txt,166,abfaeddc2ee3d14f99ecc163c9ddb46cb4d67cef
UCL-2013-14-M-0041,UEFA Champions League,2013-14,2013-10-23,18:00,2013-10-23T18:00:00,Group D,group_stage,3,,D,not_applicable,0,0,ucl-cska-moskva,ucl-manchester-city,CSKA Moskva,Manchester City,CSKA Moskva,Manchester City,RUS,ENG,1,2,1,2,1,2,,,Normal Time,A,3,-1,1,1497.43,1487.51,74.91,10,14,1-2 (1-2),2013-14/cl.txt,81,abfaeddc2ee3d14f99ecc163c9ddb46cb4d67cef
UCL-2013-14-M-0042,UEFA Champions League,2013-14,2013-10-23,20:45,2013-10-23T20:45:00,Group A,group_stage,3,,A,not_applicable,0,0,ucl-bayer-leverkusen,ucl-shakhtar-donetsk,Bayer Leverkusen,Shakhtar Donetsk,Bayer Leverkusen,Shakhtar Donetsk,GER,UKR,4,0,4,0,1,0,,,Normal Time,H,4,4,0,1494.68,1501.62,58.06,10,16,4-0 (1-0),2013-14/cl.txt,17,abfaeddc2ee3d14f99ecc163c9ddb46cb4d67cef
UCL-2013-14-M-0043,UEFA Champions League,2013-14,2013-10-23,20:45,2013-10-23T20:45:00,Group A,group_stage,3,,A,not_applicable,0,0,ucl-manchester-united,ucl-real-sociedad,Manchester United,Real Sociedad,Manchester United,Real Sociedad,ENG,ESP,1,0,1,0,1,0,,,Normal Time,H,1,1,0,1521.7,1479.71,106.99,16,2,1-0 (1-0),2013-14/cl.txt,18,abfaeddc2ee3d14f99ecc163c9ddb46cb4d67cef
UCL-2013-14-M-0044,UEFA Champions League,2013-14,2013-10-23,20:45,2013-10-23T20:45:00,Group B,group_stage,3,,B,not_applicable,0,0,ucl-real-madrid,ucl-juventus,Real Madrid,Juventus,Real Madrid,Juventus,ESP,ITA,2,1,2,1,2,1,,,Normal Time,H,3,1,1,1580.76,1524.16,121.59,26,12,2-1 (2-1),2013-14/cl.txt,38,abfaeddc2ee3d14f99ecc163c9ddb46cb4d67cef
UCL-2013-14-M-0045,UEFA Champions League,2013-14,2013-10-23,20:45,2013-10-23T20:45:00,Group B,group_stage,3,,B,not_applicable,0,0,ucl-galatasaray,ucl-fc-k-benhavn,Galatasaray,FC København,Galatasaray,FC København,TUR,DEN,3,1,3,1,3,0,,,Normal Time,H,4,2,1,1514.12,1492.7,86.42,12,2,3-1 (3-0),2013-14/cl.txt,39,abfaeddc2ee3d14f99ecc163c9ddb46cb4d67cef
UCL-2013-14-M-0046,UEFA Champions League,2013-14,2013-10-23,20:45,2013-10-23T20:45:00,Group C,group_stage,3,,C,not_applicable,0,0,ucl-rsc-anderlecht,ucl-paris-saint-germain,RSC Anderlecht,Paris Saint-Germain,RSC Anderlecht,Paris Saint-Germain,BEL,FRA,0,5,0,5,0,3,,,Normal Time,A,5,-5,0,1465.97,1556.96,-25.99,8,12,0-5 (0-3),2013-14/cl.txt,60,abfaeddc2ee3d14f99ecc163c9ddb46cb4d67cef
UCL-2013-14-M-0047,UEFA Champions League,2013-14,2013-10-23,20:45,2013-10-23T20:45:00,Group C,group_stage,3,,C,not_applicable,0,0,ucl-benfica,ucl-olympiacos,Benfica,Olympiacos,SL Benfica,Olympiakos Piraeus,POR,GRE,1,1,1,1,0,1,,,Normal Time,D,2,0,1,1508.03,1504.04,68.99,18,14,1-1 (0-1),2013-14/cl.txt,61,abfaeddc2ee3d14f99ecc163c9ddb46cb4d67cef
UCL-2013-14-M-0048,UEFA Champions League,2013-14,2013-10-23,20:45,2013-10-23T20:45:00,Group D,group_stage,3,,D,not_applicable,0,0,ucl-bayern-munich,ucl-viktoria-plzen,Bayern Munich,Viktoria Plzeň,Bayern München,Viktoria Plzeň,GER,CZE,5,0,5,0,2,0,,,Normal Time,H,5,5,0,1602.34,1467.72,199.62,28,8,5-0 (2-0),2013-14/cl.txt,82,abfaeddc2ee3d14f99ecc163c9ddb46cb4d67cef
UCL-2013-14-M-0049,UEFA Champions League,2013-14,2013-11-05,20:45,2013-11-05T20:45:00,Group A,group_stage,3,,A,not_applicable,0,0,ucl-shakhtar-donetsk,ucl-bayer-leverkusen,Shakhtar Donetsk,Bayer Leverkusen,Shakhtar Donetsk,Bayer Leverkusen,UKR,GER,0,0,0,0,,,,,Normal Time,D,0,0,0,1493.27,1503.03,55.25,17,11,0-0,2013-14/cl.txt,20,abfaeddc2ee3d14f99ecc163c9ddb46cb4d67cef
UCL-2013-14-M-0050,UEFA Champions League,2013-14,2013-11-05,20:45,2013-11-05T20:45:00,Group A,group_stage,3,,A,not_applicable,0,0,ucl-real-sociedad,ucl-manchester-united,Real Sociedad,Manchester United,Real Sociedad,Manchester United,ESP,ENG,0,0,0,0,,,,,Normal Time,D,0,0,0,1472.69,1528.72,8.98,3,17,0-0,2013-14/cl.txt,21,abfaeddc2ee3d14f99ecc163c9ddb46cb4d67cef
UCL-2013-14-M-0051,UEFA Champions League,2013-14,2013-11-05,20:45,2013-11-05T20:45:00,Group B,group_stage,3,,B,not_applicable,0,0,ucl-juventus,ucl-real-madrid,Juventus,Real Madrid,Juventus,Real Madrid,ITA,ESP,2,2,2,2,1,0,,,Normal Time,D,4,0,1,1517.53,1587.39,-4.87,13,27,2-2 (1-0),2013-14/cl.txt,41,abfaeddc2ee3d14f99ecc163c9ddb46cb4d67cef
UCL-2013-14-M-0052,UEFA Champions League,2013-14,2013-11-05,20:45,2013-11-05T20:45:00,Group B,group_stage,3,,B,not_applicable,0,0,ucl-fc-k-benhavn,ucl-galatasaray,FC København,Galatasaray,FC København,Galatasaray,DEN,TUR,1,0,1,0,1,0,,,Normal Time,H,1,1,0,1485.14,1521.68,28.46,3,13,1-0 (1-0),2013-14/cl.txt,42,abfaeddc2ee3d14f99ecc163c9ddb46cb4d67cef
UCL-2013-14-M-0053,UEFA Champions League,2013-14,2013-11-05,20:45,2013-11-05T20:45:00,Group C,group_stage,3,,C,not_applicable,0,0,ucl-paris-saint-germain,ucl-rsc-anderlecht,Paris Saint-Germain,RSC Anderlecht,Paris Saint-Germain,RSC Anderlecht,FRA,BEL,1,1,1,1,0,0,,,Normal Time,D,2,0,1,1566.22,1456.72,174.5,13,9,1-1 (0-0),2013-14/cl.txt,63,abfaeddc2ee3d14f99ecc163c9ddb46cb4d67cef
UCL-2013-14-M-0054,UEFA Champions League,2013-14,2013-11-05,20:45,2013-11-05T20:45:00,Group C,group_stage,3,,C,not_applicable,0,0,ucl-olympiacos,ucl-benfica,Olympiacos,Benfica,Olympiakos Piraeus,SL Benfica,GRE,POR,1,0,1,0,1,0,,,Normal Time,H,1,1,0,1506.0,1506.07,64.93,15,19,1-0 (1-0),2013-14/cl.txt,64,abfaeddc2ee3d14f99ecc163c9ddb46cb4d67cef
UCL-2013-14-M-0055,UEFA Champions League,2013-14,2013-11-05,20:45,2013-11-05T20:45:00,Group D,group_stage,3,,D,not_applicable,0,0,ucl-manchester-city,ucl-cska-moskva,Manchester City,CSKA Moskva,Manchester City,CSKA Moskva,ENG,RUS,5,2,5,2,3,1,,,Normal Time,H,7,3,1,1499.64,1485.3,79.33,15,11,5-2 (3-1),2013-14/cl.txt,84,abfaeddc2ee3d14f99ecc163c9ddb46cb4d67cef
UCL-2013-14-M-0056,UEFA Champions League,2013-14,2013-11-05,20:45,2013-11-05T20:45:00,Group D,group_stage,3,,D,not_applicable,0,0,ucl-viktoria-plzen,ucl-bayern-munich,Viktoria Plzeň,Bayern Munich,Viktoria Plzeň,Bayern München,CZE,GER,0,1,0,1,0,0,,,Normal Time,A,1,-1,0,1462.91,1607.15,-79.25,9,29,0-1 (0-0),2013-14/cl.txt,85,abfaeddc2ee3d14f99ecc163c9ddb46cb4d67cef
UCL-2013-14-M-0057,UEFA Champions League,2013-14,2013-11-06,18:00,2013-11-06T18:00:00,Group G,group_stage,3,,G,not_applicable,0,0,ucl-zenit-st-petersburg,ucl-fc-porto,Zenit St. Petersburg,FC Porto,Zenit St. Petersburg,FC Porto,RUS,POR,1,1,1,1,1,1,,,Normal Time,D,2,0,1,1502.59,1506.47,61.12,17,17,1-1 (1-1),2013-14/cl.txt,147,abfaeddc2ee3d14f99ecc163c9ddb46cb4d67cef
UCL-2013-14-M-0058,UEFA Champions League,2013-14,2013-11-06,20:45,2013-11-06T20:45:00,Group E,group_stage,3,,E,not_applicable,0,0,ucl-chelsea-fc,ucl-fc-schalke-04,Chelsea FC,FC Schalke 04,Chelsea FC,FC Schalke 04,ENG,GER,3,0,3,0,1,0,,,Normal Time,H,3,3,0,1547.56,1522.23,90.33,22,11,3-0 (1-0),2013-14/cl.txt,105,abfaeddc2ee3d14f99ecc163c9ddb46cb4d67cef
UCL-2013-14-M-0059,UEFA Champions League,2013-14,2013-11-06,20:45,2013-11-06T20:45:00,Group E,group_stage,3,,E,not_applicable,0,0,ucl-fc-basel-1893,ucl-fcsb,FC Basel 1893,FCSB,FC Basel 1893,FC Steaua Bucureşti,SUI,ROU,1,1,1,1,0,1,,,Normal Time,D,2,0,1,1515.47,1480.4,100.07,11,3,1-1 (0-1),2013-14/cl.txt,106,abfaeddc2ee3d14f99ecc163c9ddb46cb4d67cef
UCL-2013-14-M-0060,UEFA Champions League,2013-14,2013-11-06,20:45,2013-11-06T20:45:00,Group F,group_stage,3,,F,not_applicable,0,0,ucl-borussia-dortmund,ucl-arsenal-fc,Borussia Dortmund,Arsenal FC,Borussia Dortmund,Arsenal FC,GER,ENG,0,1,0,1,0,0,,,Normal Time,A,1,-1,0,1538.18,1526.58,76.6,22,19,0-1 (0-0),2013-14/cl.txt,126,abfaeddc2ee3d14f99ecc163c9ddb46cb4d67cef
UCL-2013-14-M-0061,UEFA Champions League,2013-14,2013-11-06,20:45,2013-11-06T20:45:00,Group F,group_stage,3,,F,not_applicable,0,0,ucl-ssc-napoli,ucl-olympique-marseille,SSC Napoli,Olympique Marseille,SSC Napoli,Olympique Marseille,ITA,FRA,3,2,3,2,2,1,,,Normal Time,H,5,1,1,1524.71,1463.6,126.11,11,13,3-2 (2-1),2013-14/cl.txt,127,abfaeddc2ee3d14f99ecc163c9ddb46cb4d67cef
UCL-2013-14-M-0062,UEFA Champions League,2013-14,2013-11-06,20:45,2013-11-06T20:45:00,Group G,group_stage,3,,G,not_applicable,0,0,ucl-atletico-madrid,ucl-austria-wien,Atlético Madrid,Austria Wien,Atlético Madrid,Austria Wien,ESP,AUT,4,0,4,0,3,0,,,Normal Time,H,4,4,0,1531.65,1479.65,116.99,3,3,4-0 (3-0),2013-14/cl.txt,148,abfaeddc2ee3d14f99ecc163c9ddb46cb4d67cef
UCL-2013-14-M-0063,UEFA Champions League,2013-14,2013-11-06,20:45,2013-11-06T20:45:00,Group H,group_stage,3,,H,not_applicable,0,0,ucl-fc-barcelona,ucl-ac-milan,FC Barcelona,AC Milan,FC Barcelona,AC Milan,ESP,ITA,3,1,3,1,2,1,,,Normal Time,H,4,2,1,1556.75,1511.59,110.15,27,21,3-1 (2-1),2013-14/cl.txt,168,abfaeddc2ee3d14f99ecc163c9ddb46cb4d67cef
UCL-2013-14-M-0064,UEFA Champions League,2013-14,2013-11-06,20:45,2013-11-06T20:45:00,Group H,group_stage,3,,H,not_applicable,0,0,ucl-afc-ajax,ucl-celtic-fc,AFC Ajax,Celtic FC,AFC Ajax,Celtic FC,NED,SCO,1,0,1,0,0,0,,,Normal Time,H,1,1,0,1463.02,1484.69,43.33,15,11,1-0 (0-0),2013-14/cl.txt,169,abfaeddc2ee3d14f99ecc163c9ddb46cb4d67cef
UCL-2013-14-M-0065,UEFA Champions League,2013-14,2013-11-26,18:00,2013-11-26T18:00:00,Group G,group_stage,3,,G,not_applicable,0,0,ucl-zenit-st-petersburg,ucl-atletico-madrid,Zenit St. Petersburg,Atlético Madrid,Zenit St. Petersburg,Atlético Madrid,RUS,ESP,1,1,1,1,0,0,,,Normal Time,D,2,0,1,1500.85,1538.4,27.45,18,4,1-1 (0-0),2013-14/cl.txt,150,abfaeddc2ee3d14f99ecc163c9ddb46cb4d67cef
UCL-2013-14-M-0066,UEFA Champions League,2013-14,2013-11-26,20:45,2013-11-26T20:45:00,Group E,group_stage,3,,E,not_applicable,0,0,ucl-fc-basel-1893,ucl-chelsea-fc,FC Basel 1893,Chelsea FC,FC Basel 1893,Chelsea FC,SUI,ENG,1,0,1,0,0,0,,,Normal Time,H,1,1,0,1512.67,1555.01,22.66,12,23,1-0 (0-0),2013-14/cl.txt,108,abfaeddc2ee3d14f99ecc163c9ddb46cb4d67cef
UCL-2013-14-M-0067,UEFA Champions League,2013-14,2013-11-26,20:45,2013-11-26T20:45:00,Group E,group_stage,3,,E,not_applicable,0,0,ucl-fcsb,ucl-fc-schalke-04,FCSB,FC Schalke 04,FC Steaua Bucureşti,FC Schalke 04,ROU,GER,0,0,0,0,,,,,Normal Time,D,0,0,0,1483.2,1514.77,33.43,4,12,0-0,2013-14/cl.txt,109,abfaeddc2ee3d14f99ecc163c9ddb46cb4d67cef
UCL-2013-14-M-0068,UEFA Champions League,2013-14,2013-11-26,20:45,2013-11-26T20:45:00,Group F,group_stage,3,,F,not_applicable,0,0,ucl-arsenal-fc,ucl-olympique-marseille,Arsenal FC,Olympique Marseille,Arsenal FC,Olympique Marseille,ENG,FRA,2,0,2,0,1,0,,,Normal Time,H,2,2,0,1538.75,1457.08,146.67,20,14,2-0 (1-0),2013-14/cl.txt,129,abfaeddc2ee3d14f99ecc163c9ddb46cb4d67cef
UCL-2013-14-M-0069,UEFA Champions League,2013-14,2013-11-26,20:45,2013-11-26T20:45:00,Group F,group_stage,3,,F,not_applicable,0,0,ucl-borussia-dortmund,ucl-ssc-napoli,Borussia Dortmund,SSC Napoli,Borussia Dortmund,SSC Napoli,GER,ITA,3,1,3,1,1,0,,,Normal Time,H,4,2,1,1526.01,1531.24,59.78,23,12,3-1 (1-0),2013-14/cl.txt,130,abfaeddc2ee3d14f99ecc163c9ddb46cb4d67cef
UCL-2013-14-M-0070,UEFA Champions League,2013-14,2013-11-26,20:45,2013-11-26T20:45:00,Group G,group_stage,3,,G,not_applicable,0,0,ucl-fc-porto,ucl-austria-wien,FC Porto,Austria Wien,FC Porto,Austria Wien,POR,AUT,1,1,1,1,0,1,,,Normal Time,D,2,0,1,1508.21,1472.9,100.31,18,4,1-1 (0-1),2013-14/cl.txt,151,abfaeddc2ee3d14f99ecc163c9ddb46cb4d67cef
UCL-2013-14-M-0071,UEFA Champions League,2013-14,2013-11-26,20:45,2013-11-26T20:45:00,Group H,group_stage,3,,H,not_applicable,0,0,ucl-afc-ajax,ucl-fc-barcelona,AFC Ajax,FC Barcelona,AFC Ajax,FC Barcelona,NED,ESP,2,1,2,1,2,0,,,Normal Time,H,3,1,1,1471.78,1563.68,-26.9,16,28,2-1 (2-0),2013-14/cl.txt,171,abfaeddc2ee3d14f99ecc163c9ddb46cb4d67cef
UCL-2013-14-M-0072,UEFA Champions League,2013-14,2013-11-26,20:45,2013-11-26T20:45:00,Group H,group_stage,3,,H,not_applicable,0,0,ucl-celtic-fc,ucl-ac-milan,Celtic FC,AC Milan,Celtic FC,AC Milan,SCO,ITA,0,3,0,3,0,1,,,Normal Time,A,3,-3,0,1475.93,1504.66,36.27,12,22,0-3 (0-1),2013-14/cl.txt,172,abfaeddc2ee3d14f99ecc163c9ddb46cb4d67cef
UCL-2013-14-M-0073,UEFA Champions League,2013-14,2013-11-27,18:00,2013-11-27T18:00:00,Group D,group_stage,3,,D,not_applicable,0,0,ucl-cska-moskva,ucl-bayern-munich,CSKA Moskva,Bayern Munich,CSKA Moskva,Bayern München,RUS,GER,1,3,1,3,0,1,,,Normal Time,A,4,-2,1,1477.55,1614.91,-72.36,12,30,1-3 (0-1),2013-14/cl.txt,87,abfaeddc2ee3d14f99ecc163c9ddb46cb4d67cef
UCL-2013-14-M-0074,UEFA Champions League,2013-14,2013-11-27,20:45,2013-11-27T20:45:00,Group A,group_stage,3,,A,not_applicable,0,0,ucl-bayer-leverkusen,ucl-manchester-united,Bayer Leverkusen,Manchester United,Bayer Leverkusen,Manchester United,GER,ENG,0,5,0,5,0,2,,,Normal Time,A,5,-5,0,1504.6,1528.98,40.63,12,18,0-5 (0-2),2013-14/cl.txt,23,abfaeddc2ee3d14f99ecc163c9ddb46cb4d67cef
UCL-2013-14-M-0075,UEFA Champions League,2013-14,2013-11-27,20:45,2013-11-27T20:45:00,Group A,group_stage,3,,A,not_applicable,0,0,ucl-shakhtar-donetsk,ucl-real-sociedad,Shakhtar Donetsk,Real Sociedad,Shakhtar Donetsk,Real Sociedad,UKR,ESP,4,0,4,0,1,0,,,Normal Time,H,4,4,0,1491.7,1472.44,84.26,18,4,4-0 (1-0),2013-14/cl.txt,24,abfaeddc2ee3d14f99ecc163c9ddb46cb4d67cef
UCL-2013-14-M-0076,UEFA Champions League,2013-14,2013-11-27,20:45,2013-11-27T20:45:00,Group B,group_stage,3,,B,not_applicable,0,0,ucl-real-madrid,ucl-galatasaray,Real Madrid,Galatasaray,Real Madrid,Galatasaray,ESP,TUR,4,1,4,1,1,1,,,Normal Time,H,5,3,1,1587.25,1512.5,139.75,28,14,4-1 (1-1),2013-14/cl.txt,44,abfaeddc2ee3d14f99ecc163c9ddb46cb4d67cef
UCL-2013-14-M-0077,UEFA Champions League,2013-14,2013-11-27,20:45,2013-11-27T20:45:00,Group B,group_stage,3,,B,not_applicable,0,0,ucl-juventus,ucl-fc-k-benhavn,Juventus,FC København,Juventus,FC København,ITA,DEN,3,1,3,1,1,0,,,Normal Time,H,4,2,1,1517.67,1494.32,88.34,14,4,3-1 (1-0),2013-14/cl.txt,45,abfaeddc2ee3d14f99ecc163c9ddb46cb4d67cef
UCL-2013-14-M-0078,UEFA Champions League,2013-14,2013-11-27,20:45,2013-11-27T20:45:00,Group C,group_stage,3,,C,not_applicable,0,0,ucl-rsc-anderlecht,ucl-benfica,RSC Anderlecht,Benfica,RSC Anderlecht,SL Benfica,BEL,POR,2,3,2,3,1,1,,,Normal Time,A,5,-1,1,1461.36,1497.92,28.44,10,20,2-3 (1-1),2013-14/cl.txt,66,abfaeddc2ee3d14f99ecc163c9ddb46cb4d67cef
UCL-2013-14-M-0079,UEFA Champions League,2013-14,2013-11-27,20:45,2013-11-27T20:45:00,Group C,group_stage,3,,C,not_applicable,0,0,ucl-paris-saint-germain,ucl-olympiacos,Paris Saint-Germain,Olympiacos,Paris Saint-Germain,Olympiakos Piraeus,FRA,GRE,2,1,2,1,1,0,,,Normal Time,H,3,1,1,1561.58,1514.15,112.43,14,16,2-1 (1-0),2013-14/cl.txt,67,abfaeddc2ee3d14f99ecc163c9ddb46cb4d67cef
UCL-2013-14-M-0080,UEFA Champions League,2013-14,2013-11-27,20:45,2013-11-27T20:45:00,Group D,group_stage,3,,D,not_applicable,0,0,ucl-manchester-city,ucl-viktoria-plzen,Manchester City,Viktoria Plzeň,Manchester City,Viktoria Plzeň,ENG,CZE,4,2,4,2,1,1,,,Normal Time,H,6,2,1,1507.39,1455.15,117.25,16,10,4-2 (1-1),2013-14/cl.txt,88,abfaeddc2ee3d14f99ecc163c9ddb46cb4d67cef
UCL-2013-14-M-0081,UEFA Champions League,2013-14,2013-12-10,20:45,2013-12-10T20:45:00,Group A,group_stage,3,,A,not_applicable,0,0,ucl-manchester-united,ucl-shakhtar-donetsk,Manchester United,Shakhtar Donetsk,Manchester United,Shakhtar Donetsk,ENG,UKR,1,0,1,0,0,0,,,Normal Time,H,1,1,0,1540.14,1499.32,105.82,19,19,1-0 (0-0),2013-14/cl.txt,26,abfaeddc2ee3d14f99ecc163c9ddb46cb4d67cef
UCL-2013-14-M-0082,UEFA Champions League,2013-14,2013-12-10,20:45,2013-12-10T20:45:00,Group A,group_stage,3,,A,not_applicable,0,0,ucl-real-sociedad,ucl-bayer-leverkusen,Real Sociedad,Bayer Leverkusen,Real Sociedad,Bayer Leverkusen,ESP,GER,0,1,0,1,0,0,,,Normal Time,A,1,-1,0,1464.81,1493.44,36.38,5,13,0-1 (0-0),2013-14/cl.txt,27,abfaeddc2ee3d14f99ecc163c9ddb46cb4d67cef
UCL-2013-14-M-0083,UEFA Champions League,2013-14,2013-12-10,20:45,2013-12-10T20:45:00,Group B,group_stage,3,,B,not_applicable,0,0,ucl-fc-k-benhavn,ucl-real-madrid,FC København,Real Madrid,FC København,Real Madrid,DEN,ESP,0,2,0,2,0,1,,,Normal Time,A,2,-2,0,1486.81,1593.44,-41.62,5,29,0-2 (0-1),2013-14/cl.txt,47,abfaeddc2ee3d14f99ecc163c9ddb46cb4d67cef
UCL-2013-14-M-0084,UEFA Champions League,2013-14,2013-12-10,20:45,2013-12-10T20:45:00,Group C,group_stage,3,,C,not_applicable,0,0,ucl-benfica,ucl-paris-saint-germain,Benfica,Paris Saint-Germain,SL Benfica,Paris Saint-Germain,POR,FRA,2,1,2,1,1,1,,,Normal Time,H,3,1,1,1508.73,1568.45,5.28,21,15,2-1 (1-1),2013-14/cl.txt,69,abfaeddc2ee3d14f99ecc163c9ddb46cb4d67cef
UCL-2013-14-M-0085,UEFA Champions League,2013-14,2013-12-10,20:45,2013-12-10T20:45:00,Group C,group_stage,3,,C,not_applicable,0,0,ucl-olympiacos,ucl-rsc-anderlecht,Olympiacos,RSC Anderlecht,Olympiakos Piraeus,RSC Anderlecht,GRE,BEL,3,1,3,1,1,1,,,Normal Time,H,4,2,1,1507.28,1450.54,121.74,17,11,3-1 (1-1),2013-14/cl.txt,70,abfaeddc2ee3d14f99ecc163c9ddb46cb4d67cef
UCL-2013-14-M-0086,UEFA Champions League,2013-14,2013-12-10,20:45,2013-12-10T20:45:00,Group D,group_stage,3,,D,not_applicable,0,0,ucl-bayern-munich,ucl-manchester-city,Bayern Munich,Manchester City,Bayern München,Manchester City,GER,ENG,2,3,2,3,2,1,,,Normal Time,A,5,-1,1,1622.86,1514.14,173.72,31,17,2-3 (2-1),2013-14/cl.txt,90,abfaeddc2ee3d14f99ecc163c9ddb46cb4d67cef
UCL-2013-14-M-0087,UEFA Champions League,2013-14,2013-12-10,20:45,2013-12-10T20:45:00,Group D,group_stage,3,,D,not_applicable,0,0,ucl-viktoria-plzen,ucl-cska-moskva,Viktoria Plzeň,CSKA Moskva,Viktoria Plzeň,CSKA Moskva,CZE,RUS,2,1,2,1,0,0,,,Normal Time,H,3,1,1,1448.4,1469.6,43.8,11,13,2-1 (0-0),2013-14/cl.txt,91,abfaeddc2ee3d14f99ecc163c9ddb46cb4d67cef
UCL-2013-14-M-0088,UEFA Champions League,2013-14,2013-12-11,14:00,2013-12-11T14:00:00,Group B,group_stage,3,,B,not_applicable,0,0,ucl-galatasaray,ucl-juventus,Galatasaray,Juventus,Galatasaray,Juventus,TUR,ITA,1,0,1,0,0,0,,,Normal Time,H,1,1,0,1506.32,1525.18,46.14,15,15,1-0 (0-0),2013-14/cl.txt,49,abfaeddc2ee3d14f99ecc163c9ddb46cb4d67cef
UCL-2013-14-M-0089,UEFA Champions League,2013-14,2013-12-11,20:45,2013-12-11T20:45:00,Group E,group_stage,3,,E,not_applicable,0,0,ucl-fc-schalke-04,ucl-fc-basel-1893,FC Schalke 04,FC Basel 1893,FC Schalke 04,FC Basel 1893,GER,SUI,2,0,2,0,0,0,,,Normal Time,H,2,2,0,1515.73,1522.02,58.71,13,13,2-0 (0-0),2013-14/cl.txt,111,abfaeddc2ee3d14f99ecc163c9ddb46cb4d67cef
UCL-2013-14-M-0090,UEFA Champions League,2013-14,2013-12-11,20:45,2013-12-11T20:45:00,Group E,group_stage,3,,E,not_applicable,0,0,ucl-chelsea-fc,ucl-fcsb,Chelsea FC,FCSB,Chelsea FC,FC Steaua Bucureşti,ENG,ROU,1,0,1,0,1,0,,,Normal Time,H,1,1,0,1545.66,1482.25,128.42,24,5,1-0 (1-0),2013-14/cl.txt,112,abfaeddc2ee3d14f99ecc163c9ddb46cb4d67cef
UCL-2013-14-M-0091,UEFA Champions League,2013-14,2013-12-11,20:45,2013-12-11T20:45:00,Group F,group_stage,3,,F,not_applicable,0,0,ucl-olympique-marseille,ucl-borussia-dortmund,Olympique Marseille,Borussia Dortmund,Olympique Marseille,Borussia Dortmund,FRA,GER,1,2,1,2,1,1,,,Normal Time,A,3,-1,1,1451.07,1534.31,-18.24,15,24,1-2 (1-1),2013-14/cl.txt,132,abfaeddc2ee3d14f99ecc163c9ddb46cb4d67cef
UCL-2013-14-M-0092,UEFA Champions League,2013-14,2013-12-11,20:45,2013-12-11T20:45:00,Group F,group_stage,3,,F,not_applicable,0,0,ucl-ssc-napoli,ucl-arsenal-fc,SSC Napoli,Arsenal FC,SSC Napoli,Arsenal FC,ITA,ENG,2,0,2,0,0,0,,,Normal Time,H,2,2,0,1522.94,1544.76,43.18,13,21,2-0 (0-0),2013-14/cl.txt,133,abfaeddc2ee3d14f99ecc163c9ddb46cb4d67cef
UCL-2013-14-M-0093,UEFA Champions League,2013-14,2013-12-11,20:45,2013-12-11T20:45:00,Group G,group_stage,3,,G,not_applicable,0,0,ucl-atletico-madrid,ucl-fc-porto,Atlético Madrid,FC Porto,Atlético Madrid,FC Porto,ESP,POR,2,0,2,0,2,0,,,Normal Time,H,2,2,0,1539.19,1505.4,98.79,5,19,2-0 (2-0),2013-14/cl.txt,153,abfaeddc2ee3d14f99ecc163c9ddb46cb4d67cef
UCL-2013-14-M-0094,UEFA Champions League,2013-14,2013-12-11,20:45,2013-12-11T20:45:00,Group G,group_stage,3,,G,not_applicable,0,0,ucl-austria-wien,ucl-zenit-st-petersburg,Austria Wien,Zenit St. Petersburg,Austria Wien,Zenit St. Petersburg,AUT,RUS,4,1,4,1,1,1,,,Normal Time,H,5,3,1,1475.71,1500.06,40.64,5,19,4-1 (1-1),2013-14/cl.txt,154,abfaeddc2ee3d14f99ecc163c9ddb46cb4d67cef
UCL-2013-14-M-0095,UEFA Champions League,2013-14,2013-12-11,20:45,2013-12-11T20:45:00,Group H,group_stage,3,,H,not_applicable,0,0,ucl-ac-milan,ucl-afc-ajax,AC Milan,AFC Ajax,AC Milan,AFC Ajax,ITA,NED,0,0,0,0,,,,,Normal Time,D,0,0,0,1515.7,1482.55,98.15,23,17,0-0,2013-14/cl.txt,174,abfaeddc2ee3d14f99ecc163c9ddb46cb4d67cef
UCL-2013-14-M-0096,UEFA Champions League,2013-14,2013-12-11,20:45,2013-12-11T20:45:00,Group H,group_stage,3,,H,not_applicable,0,0,ucl-fc-barcelona,ucl-celtic-fc,FC Barcelona,Celtic FC,FC Barcelona,Celtic FC,ESP,SCO,6,1,6,1,3,0,,,Normal Time,H,7,5,1,1552.9,1464.89,153.02,29,13,6-1 (3-0),2013-14/cl.txt,175,abfaeddc2ee3d14f99ecc163c9ddb46cb4d67cef
UCL-2013-14-M-0097,UEFA Champions League,2013-14,2014-02-18,20:45,2014-02-18T20:45:00,Round of 16,round_of_16,5,,,1,0,0,ucl-manchester-city,ucl-fc-barcelona,Manchester City,FC Barcelona,Manchester City,FC Barcelona,ENG,ESP,0,2,0,2,0,0,,,Normal Time,A,2,-2,0,1528.76,1558.76,35.0,18,30,0-2 (0-0),2013-14/cl.txt,180,abfaeddc2ee3d14f99ecc163c9ddb46cb4d67cef
UCL-2013-14-M-0098,UEFA Champions League,2013-14,2014-02-18,20:45,2014-02-18T20:45:00,Round of 16,round_of_16,5,,,1,0,0,ucl-bayer-leverkusen,ucl-paris-saint-germain,Bayer Leverkusen,Paris Saint-Germain,Bayer Leverkusen,Paris Saint-Germain,GER,FRA,0,4,0,4,0,3,,,Normal Time,A,4,-4,0,1504.48,1558.6,10.88,14,16,0-4 (0-3),2013-14/cl.txt,181,abfaeddc2ee3d14f99ecc163c9ddb46cb4d67cef
UCL-2013-14-M-0099,UEFA Champions League,2013-14,2014-02-19,20:45,2014-02-19T20:45:00,Round of 16,round_of_16,5,,,1,0,0,ucl-ac-milan,ucl-atletico-madrid,AC Milan,Atlético Madrid,AC Milan,Atlético Madrid,ITA,ESP,0,1,0,1,0,0,,,Normal Time,A,1,-1,0,1512.95,1546.42,31.53,24,6,0-1 (0-0),2013-14/cl.txt,183,abfaeddc2ee3d14f99ecc163c9ddb46cb4d67cef
UCL-2013-14-M-0100,UEFA Champions League,2013-14,2014-02-19,20:45,2014-02-19T20:45:00,Round of 16,round_of_16,5,,,1,0,0,ucl-arsenal-fc,ucl-bayern-munich,Arsenal FC,Bayern Munich,Arsenal FC,Bayern München,ENG,GER,0,2,0,2,0,0,,,Normal Time,A,2,-2,0,1536.0,1608.24,-7.24,22,32,0-2 (0-0),2013-14/cl.txt,184,abfaeddc2ee3d14f99ecc163c9ddb46cb4d67cef
UCL-2013-14-M-0101,UEFA Champions League,2013-14,2014-02-25,18:00,2014-02-25T18:00:00,Round of 16,round_of_16,5,,,1,0,0,ucl-zenit-st-petersburg,ucl-borussia-dortmund,Zenit St. Petersburg,Borussia Dortmund,Zenit St. Petersburg,Borussia Dortmund,RUS,GER,2,4,2,4,0,2,,,Normal Time,A,6,-2,1,1491.23,1543.78,12.45,20,25,2-4 (0-2),2013-14/cl.txt,186,abfaeddc2ee3d14f99ecc163c9ddb46cb4d67cef
UCL-2013-14-M-0102,UEFA Champions League,2013-14,2014-02-25,20:45,2014-02-25T20:45:00,Round of 16,round_of_16,5,,,1,0,0,ucl-olympiacos,ucl-manchester-united,Olympiacos,Manchester United,Olympiakos Piraeus,Manchester United,GRE,ENG,2,0,2,0,1,0,,,Normal Time,H,2,2,0,1513.91,1547.19,31.73,18,20,2-0 (1-0),2013-14/cl.txt,187,abfaeddc2ee3d14f99ecc163c9ddb46cb4d67cef
UCL-2013-14-M-0103,UEFA Champions League,2013-14,2014-02-26,20:45,2014-02-26T20:45:00,Round of 16,round_of_16,5,,,1,0,0,ucl-galatasaray,ucl-chelsea-fc,Galatasaray,Chelsea FC,Galatasaray,Chelsea FC,TUR,ENG,1,1,1,1,0,1,,,Normal Time,D,2,0,1,1515.0,1552.13,27.87,16,25,1-1 (0-1),2013-14/cl.txt,189,abfaeddc2ee3d14f99ecc163c9ddb46cb4d67cef
UCL-2013-14-M-0104,UEFA Champions League,2013-14,2014-02-26,20:45,2014-02-26T20:45:00,Round of 16,round_of_16,5,,,1,0,0,ucl-fc-schalke-04,ucl-real-madrid,FC Schalke 04,Real Madrid,FC Schalke 04,Real Madrid,GER,ESP,1,6,1,6,0,2,,,Normal Time,A,7,-5,1,1524.06,1602.24,-13.19,14,30,1-6 (0-2),2013-14/cl.txt,190,abfaeddc2ee3d14f99ecc163c9ddb46cb4d67cef
UCL-2013-14-M-0105,UEFA Champions League,2013-14,2014-03-11,20:45,2014-03-11T20:45:00,Round of 16,round_of_16,5,,,2,0,0,ucl-atletico-madrid,ucl-ac-milan,Atlético Madrid,AC Milan,Atlético Madrid,AC Milan,ESP,ITA,4,1,4,1,2,1,,,Normal Time,H,5,3,1,1557.33,1502.04,120.28,7,25,4-1 (2-1),2013-14/cl.txt,192,abfaeddc2ee3d14f99ecc163c9ddb46cb4d67cef
UCL-2013-14-M-0106,UEFA Champions League,2013-14,2014-03-11,20:45,2014-03-11T20:45:00,Round of 16,round_of_16,5,,,2,0,0,ucl-bayern-munich,ucl-arsenal-fc,Bayern Munich,Arsenal FC,Bayern München,Arsenal FC,GER,ENG,1,1,1,1,0,0,,,Normal Time,D,2,0,1,1618.03,1526.21,156.82,33,23,1-1 (0-0),2013-14/cl.txt,193,abfaeddc2ee3d14f99ecc163c9ddb46cb4d67cef
UCL-2013-14-M-0107,UEFA Champions League,2013-14,2014-03-12,20:45,2014-03-12T20:45:00,Round of 16,round_of_16,5,,,2,0,0,ucl-fc-barcelona,ucl-manchester-city,FC Barcelona,Manchester City,FC Barcelona,Manchester City,ESP,ENG,2,1,2,1,0,0,,,Normal Time,H,3,1,1,1569.77,1517.76,117.01,31,19,2-1 (0-0),2013-14/cl.txt,195,abfaeddc2ee3d14f99ecc163c9ddb46cb4d67cef
UCL-2013-14-M-0108,UEFA Champions League,2013-14,2014-03-12,20:45,2014-03-12T20:45:00,Round of 16,round_of_16,5,,,2,0,0,ucl-paris-saint-germain,ucl-bayer-leverkusen,Paris Saint-Germain,Bayer Leverkusen,Paris Saint-Germain,Bayer Leverkusen,FRA,GER,2,1,2,1,1,1,,,Normal Time,H,3,1,1,1568.91,1494.17,139.74,17,15,2-1 (1-1),2013-14/cl.txt,196,abfaeddc2ee3d14f99ecc163c9ddb46cb4d67cef
UCL-2013-14-M-0109,UEFA Champions League,2013-14,2014-03-18,20:45,2014-03-18T20:45:00,Round of 16,round_of_16,5,,,2,0,0,ucl-chelsea-fc,ucl-galatasaray,Chelsea FC,Galatasaray,Chelsea FC,Galatasaray,ENG,TUR,2,0,2,0,2,0,,,Normal Time,H,2,2,0,1552.93,1514.2,103.73,26,17,2-0 (2-0),2013-14/cl.txt,198,abfaeddc2ee3d14f99ecc163c9ddb46cb4d67cef
UCL-2013-14-M-0110,UEFA Champions League,2013-14,2014-03-18,20:45,2014-03-18T20:45:00,Round of 16,round_of_16,5,,,2,0,0,ucl-real-madrid,ucl-fc-schalke-04,Real Madrid,FC Schalke 04,Real Madrid,FC Schalke 04,ESP,GER,3,1,3,1,1,1,,,Normal Time,H,4,2,1,1611.86,1514.44,162.43,31,15,3-1 (1-1),2013-14/cl.txt,199,abfaeddc2ee3d14f99ecc163c9ddb46cb4d67cef
UCL-2013-14-M-0111,UEFA Champions League,2013-14,2014-03-19,20:45,2014-03-19T20:45:00,Round of 16,round_of_16,5,,,2,0,0,ucl-manchester-united,ucl-olympiacos,Manchester United,Olympiacos,Manchester United,Olympiakos Piraeus,ENG,GRE,3,0,3,0,2,0,,,Normal Time,H,3,3,0,1538.1,1523.0,80.1,21,19,3-0 (2-0),2013-14/cl.txt,201,abfaeddc2ee3d14f99ecc163c9ddb46cb4d67cef
UCL-2013-14-M-0112,UEFA Champions League,2013-14,2014-03-19,20:45,2014-03-19T20:45:00,Round of 16,round_of_16,5,,,2,0,0,ucl-borussia-dortmund,ucl-zenit-st-petersburg,Borussia Dortmund,Zenit St. Petersburg,Borussia Dortmund,Zenit St. Petersburg,GER,RUS,1,2,1,2,1,1,,,Normal Time,A,3,-1,1,1554.14,1480.87,138.27,26,21,1-2 (1-1),2013-14/cl.txt,202,abfaeddc2ee3d14f99ecc163c9ddb46cb4d67cef
UCL-2013-14-M-0113,UEFA Champions League,2013-14,2014-04-01,20:45,2014-04-01T20:45:00,Quarterfinals,quarterfinal,6,,,1,0,0,ucl-fc-barcelona,ucl-atletico-madrid,FC Barcelona,Atlético Madrid,FC Barcelona,Atlético Madrid,ESP,ESP,1,1,1,1,0,0,,,Normal Time,D,2,0,1,1576.52,1564.0,77.53,32,8,1-1 (0-0),2013-14/cl.txt,207,abfaeddc2ee3d14f99ecc163c9ddb46cb4d67cef
UCL-2013-14-M-0114,UEFA Champions League,2013-14,2014-04-01,20:45,2014-04-01T20:45:00,Quarterfinals,quarterfinal,6,,,1,0,0,ucl-manchester-united,ucl-bayern-munich,Manchester United,Bayern Munich,Manchester United,Bayern München,ENG,GER,1,1,1,1,0,0,,,Normal Time,D,2,0,1,1545.83,1613.8,-2.97,22,34,1-1 (0-0),2013-14/cl.txt,208,abfaeddc2ee3d14f99ecc163c9ddb46cb4d67cef
UCL-2013-14-M-0115,UEFA Champions League,2013-14,2014-04-02,20:45,2014-04-02T20:45:00,Quarterfinals,quarterfinal,6,,,1,0,0,ucl-real-madrid,ucl-borussia-dortmund,Real Madrid,Borussia Dortmund,Real Madrid,Borussia Dortmund,ESP,GER,3,0,3,0,2,0,,,Normal Time,H,3,3,0,1617.5,1540.36,142.14,32,27,3-0 (2-0),2013-14/cl.txt,210,abfaeddc2ee3d14f99ecc163c9ddb46cb4d67cef
UCL-2013-14-M-0116,UEFA Champions League,2013-14,2014-04-02,20:45,2014-04-02T20:45:00,Quarterfinals,quarterfinal,6,,,1,0,0,ucl-paris-saint-germain,ucl-chelsea-fc,Paris Saint-Germain,Chelsea FC,Paris Saint-Germain,Chelsea FC,FRA,ENG,3,1,3,1,1,1,,,Normal Time,H,4,2,1,1575.1,1560.03,80.07,18,27,3-1 (1-1),2013-14/cl.txt,211,abfaeddc2ee3d14f99ecc163c9ddb46cb4d67cef
UCL-2013-14-M-0117,UEFA Champions League,2013-14,2014-04-08,20:45,2014-04-08T20:45:00,Quarterfinals,quarterfinal,6,,,2,0,0,ucl-borussia-dortmund,ucl-real-madrid,Borussia Dortmund,Real Madrid,Borussia Dortmund,Real Madrid,GER,ESP,2,0,2,0,2,0,,,Normal Time,H,2,2,0,1534.24,1623.62,-24.39,28,33,2-0 (2-0),2013-14/cl.txt,213,abfaeddc2ee3d14f99ecc163c9ddb46cb4d67cef
UCL-2013-14-M-0118,UEFA Champions League,2013-14,2014-04-08,20:45,2014-04-08T20:45:00,Quarterfinals,quarterfinal,6,,,2,0,0,ucl-chelsea-fc,ucl-paris-saint-germain,Chelsea FC,Paris Saint-Germain,Chelsea FC,Paris Saint-Germain,ENG,FRA,2,0,2,0,1,0,,,Normal Time,H,2,2,0,1552.29,1582.83,34.46,28,19,2-0 (1-0),2013-14/cl.txt,214,abfaeddc2ee3d14f99ecc163c9ddb46cb4d67cef
UCL-2013-14-M-0119,UEFA Champions League,2013-14,2014-04-09,20:45,2014-04-09T20:45:00,Quarterfinals,quarterfinal,6,,,2,0,0,ucl-atletico-madrid,ucl-fc-barcelona,Atlético Madrid,FC Barcelona,Atlético Madrid,FC Barcelona,ESP,ESP,1,0,1,0,1,0,,,Normal Time,H,1,1,0,1566.19,1574.33,56.87,9,33,1-0 (1-0),2013-14/cl.txt,216,abfaeddc2ee3d14f99ecc163c9ddb46cb4d67cef
UCL-2013-14-M-0120,UEFA Champions League,2013-14,2014-04-09,20:45,2014-04-09T20:45:00,Quarterfinals,quarterfinal,6,,,2,0,0,ucl-bayern-munich,ucl-manchester-united,Bayern Munich,Manchester United,Bayern München,Manchester United,GER,ENG,3,1,3,1,0,0,,,Normal Time,H,4,2,1,1613.71,1545.92,132.8,35,23,3-1 (0-0),2013-14/cl.txt,217,abfaeddc2ee3d14f99ecc163c9ddb46cb4d67cef
UCL-2013-14-M-0121,UEFA Champions League,2013-14,2014-04-22,20:45,2014-04-22T20:45:00,Semifinals,semifinal,7,,,1,0,0,ucl-atletico-madrid,ucl-chelsea-fc,Atlético Madrid,Chelsea FC,Atlético Madrid,Chelsea FC,ESP,ENG,0,0,0,0,,,,,Normal Time,D,0,0,0,1574.57,1561.3,78.27,10,29,0-0,2013-14/cl.txt,222,abfaeddc2ee3d14f99ecc163c9ddb46cb4d67cef
UCL-2013-14-M-0122,UEFA Champions League,2013-14,2014-04-23,20:45,2014-04-23T20:45:00,Semifinals,semifinal,7,,,1,0,0,ucl-real-madrid,ucl-bayern-munich,Real Madrid,Bayern Munich,Real Madrid,Bayern München,ESP,GER,1,0,1,0,1,0,,,Normal Time,H,1,1,0,1612.92,1620.07,57.86,34,36,1-0 (1-0),2013-14/cl.txt,224,abfaeddc2ee3d14f99ecc163c9ddb46cb4d67cef
UCL-2013-14-M-0123,UEFA Champions League,2013-14,2014-04-29,20:45,2014-04-29T20:45:00,Semifinals,semifinal,7,,,2,0,0,ucl-bayern-munich,ucl-real-madrid,Bayern Munich,Real Madrid,Bayern München,Real Madrid,GER,ESP,0,4,0,4,0,3,,,Normal Time,A,4,-4,0,1611.72,1621.27,55.44,37,35,0-4 (0-3),2013-14/cl.txt,226,abfaeddc2ee3d14f99ecc163c9ddb46cb4d67cef
UCL-2013-14-M-0124,UEFA Champions League,2013-14,2014-04-30,20:45,2014-04-30T20:45:00,Semifinals,semifinal,7,,,2,0,0,ucl-chelsea-fc,ucl-atletico-madrid,Chelsea FC,Atlético Madrid,Chelsea FC,Atlético Madrid,ENG,ESP,1,3,1,3,1,1,,,Normal Time,A,4,-2,1,1563.52,1572.35,56.16,30,11,1-3 (1-1),2013-14/cl.txt,228,abfaeddc2ee3d14f99ecc163c9ddb46cb4d67cef
UCL-2013-14-M-0125,UEFA Champions League,2013-14,2014-05-24,20:45,2014-05-24T20:45:00,Final,final,8,,,single,0,1,ucl-real-madrid,ucl-atletico-madrid,Real Madrid,Atlético Madrid,Real Madrid,Atlético Madrid,ESP,ESP,1,1,4,1,0,1,,,Extra Time,D,2,0,1,1632.86,1583.96,48.9,36,12,"4-1 a.e.t. (1-1, 0-1)",2013-14/cl.txt,233,abfaeddc2ee3d14f99ecc163c9ddb46cb4d67cef
UCL-2014-15-M-0001,UEFA Champions League,2014-15,2014-09-16,20:45,2014-09-16T20:45:00,Group A,group_stage,3,,A,not_applicable,0,0,ucl-olympiacos,ucl-atletico-madrid,Olympiacos,Atlético Madrid,Olympiakos Piraeus,Atlético Madrid,GRE,ESP,3,2,3,2,2,1,,,Normal Time,H,5,1,1,1512.98,1572.55,5.42,20,13,3-2 (2-1),2014-15/cl.txt,11,abfaeddc2ee3d14f99ecc163c9ddb46cb4d67cef
UCL-2014-15-M-0002,UEFA Champions League,2014-15,2014-09-16,20:45,2014-09-16T20:45:00,Group A,group_stage,3,,A,not_applicable,0,0,ucl-juventus,ucl-malmo-ff,Juventus,Malmö FF,Juventus,Malmö FF,ITA,SWE,2,0,2,0,0,0,,,Normal Time,H,2,2,0,1514.02,1500.0,79.02,16,0,2-0 (0-0),2014-15/cl.txt,12,abfaeddc2ee3d14f99ecc163c9ddb46cb4d67cef
UCL-2014-15-M-0003,UEFA Champions League,2014-15,2014-09-16,20:45,2014-09-16T20:45:00,Group B,group_stage,3,,B,not_applicable,0,0,ucl-real-madrid,ucl-fc-basel-1893,Real Madrid,FC Basel 1893,Real Madrid,FC Basel 1893,ESP,SUI,5,1,5,1,4,1,,,Normal Time,H,6,4,1,1611.74,1511.64,165.1,37,14,5-1 (4-1),2014-15/cl.txt,32,abfaeddc2ee3d14f99ecc163c9ddb46cb4d67cef
UCL-2014-15-M-0004,UEFA Champions League,2014-15,2014-09-16,20:45,2014-09-16T20:45:00,Group B,group_stage,3,,B,not_applicable,0,0,ucl-liverpool-fc,ucl-pfc-ludogorets-razgrad,Liverpool FC,PFC Ludogorets Razgrad,Liverpool FC,PFC Ludogorets Razgrad,ENG,BUL,2,1,2,1,0,0,,,Normal Time,H,3,1,1,1500.0,1500.0,65.0,0,0,2-1 (0-0),2014-15/cl.txt,33,abfaeddc2ee3d14f99ecc163c9ddb46cb4d67cef
UCL-2014-15-M-0005,UEFA Champions League,2014-15,2014-09-16,20:45,2014-09-16T20:45:00,Group C,group_stage,3,,C,not_applicable,0,0,ucl-as-monaco,ucl-bayer-leverkusen,AS Monaco,Bayer Leverkusen,AS Monaco,Bayer Leverkusen,FRA,GER,1,0,1,0,0,0,,,Normal Time,H,1,1,0,1500.0,1489.79,75.21,0,16,1-0 (0-0),2014-15/cl.txt,53,abfaeddc2ee3d14f99ecc163c9ddb46cb4d67cef
UCL-2014-15-M-0006,UEFA Champions League,2014-15,2014-09-16,20:45,2014-09-16T20:45:00,Group C,group_stage,3,,C,not_applicable,0,0,ucl-benfica,ucl-zenit-st-petersburg,Benfica,Zenit St. Petersburg,SL Benfica,Zenit St. Petersburg,POR,RUS,0,2,0,2,0,2,,,Normal Time,A,2,-2,0,1515.79,1495.46,85.34,22,22,0-2 (0-2),2014-15/cl.txt,54,abfaeddc2ee3d14f99ecc163c9ddb46cb4d67cef
UCL-2014-15-M-0007,UEFA Champions League,2014-15,2014-09-16,20:45,2014-09-16T20:45:00,Group D,group_stage,3,,D,not_applicable,0,0,ucl-borussia-dortmund,ucl-arsenal-fc,Borussia Dortmund,Arsenal FC,Borussia Dortmund,Arsenal FC,GER,ENG,2,0,2,0,1,0,,,Normal Time,H,2,2,0,1538.2,1525.87,77.33,29,24,2-0 (1-0),2014-15/cl.txt,74,abfaeddc2ee3d14f99ecc163c9ddb46cb4d67cef
UCL-2014-15-M-0008,UEFA Champions League,2014-15,2014-09-16,20:45,2014-09-16T20:45:00,Group D,group_stage,3,,D,not_applicable,0,0,ucl-galatasaray,ucl-rsc-anderlecht,Galatasaray,RSC Anderlecht,Galatasaray,RSC Anderlecht,TUR,BEL,1,1,1,1,0,0,,,Normal Time,D,2,0,1,1506.03,1452.32,118.71,18,12,1-1 (0-0),2014-15/cl.txt,75,abfaeddc2ee3d14f99ecc163c9ddb46cb4d67cef
UCL-2014-15-M-0009,UEFA Champions League,2014-15,2014-09-17,20:45,2014-09-17T20:45:00,Group E,group_stage,3,,E,not_applicable,0,0,ucl-as-roma,ucl-cska-moskva,AS Roma,CSKA Moskva,AS Roma,CSKA Moskva,ITA,RUS,5,1,5,1,4,0,,,Normal Time,H,6,4,1,1500.0,1466.73,98.27,0,14,5-1 (4-0),2014-15/cl.txt,95,abfaeddc2ee3d14f99ecc163c9ddb46cb4d67cef
UCL-2014-15-M-0010,UEFA Champions League,2014-15,2014-09-17,20:45,2014-09-17T20:45:00,Group E,group_stage,3,,E,not_applicable,0,0,ucl-bayern-munich,ucl-manchester-city,Bayern Munich,Manchester City,Bayern München,Manchester City,GER,ENG,1,0,1,0,0,0,,,Normal Time,H,1,1,0,1585.11,1509.35,140.76,38,20,1-0 (0-0),2014-15/cl.txt,96,abfaeddc2ee3d14f99ecc163c9ddb46cb4d67cef
UCL-2014-15-M-0011,UEFA Champions League,2014-15,2014-09-17,20:45,2014-09-17T20:45:00,Group F,group_stage,3,,F,not_applicable,0,0,ucl-afc-ajax,ucl-paris-saint-germain,AFC Ajax,Paris Saint-Germain,AFC Ajax,Paris Saint-Germain,NED,FRA,1,1,1,1,0,1,,,Normal Time,D,2,0,1,1487.51,1562.75,-10.24,18,20,1-1 (0-1),2014-15/cl.txt,116,abfaeddc2ee3d14f99ecc163c9ddb46cb4d67cef
UCL-2014-15-M-0012,UEFA Champions League,2014-15,2014-09-17,20:45,2014-09-17T20:45:00,Group F,group_stage,3,,F,not_applicable,0,0,ucl-fc-barcelona,ucl-apoel-nikosia,FC Barcelona,APOEL Nikosia,FC Barcelona,APOEL Nikosia,ESP,CYP,1,0,1,0,1,0,,,Normal Time,H,1,1,0,1556.06,1494.42,126.64,34,10,1-0 (1-0),2014-15/cl.txt,117,abfaeddc2ee3d14f99ecc163c9ddb46cb4d67cef
UCL-2014-15-M-0013,UEFA Champions League,2014-15,2014-09-17,20:45,2014-09-17T20:45:00,Group G,group_stage,3,,G,not_applicable,0,0,ucl-chelsea-fc,ucl-fc-schalke-04,Chelsea FC,FC Schalke 04,Chelsea FC,FC Schalke 04,ENG,GER,1,1,1,1,1,0,,,Normal Time,D,2,0,1,1544.13,1507.48,101.65,31,16,1-1 (1-0),2014-15/cl.txt,137,abfaeddc2ee3d14f99ecc163c9ddb46cb4d67cef
UCL-2014-15-M-0014,UEFA Champions League,2014-15,2014-09-17,20:45,2014-09-17T20:45:00,Group G,group_stage,3,,G,not_applicable,0,0,ucl-nk-maribor,ucl-sporting-cp,NK Maribor,Sporting CP,NK Maribor,Sporting CP,SVN,POR,1,1,1,1,0,0,,,Normal Time,D,2,0,1,1500.0,1500.0,65.0,0,0,1-1 (0-0),2014-15/cl.txt,138,abfaeddc2ee3d14f99ecc163c9ddb46cb4d67cef
UCL-2014-15-M-0015,UEFA Champions League,2014-15,2014-09-17,20:45,2014-09-17T20:45:00,Group H,group_stage,3,,H,not_applicable,0,0,ucl-athletic-club,ucl-shakhtar-donetsk,Athletic Club,Shakhtar Donetsk,Athletic Club,Shakhtar Donetsk,ESP,UKR,0,0,0,0,,,,,Normal Time,D,0,0,0,1500.0,1493.43,71.57,0,20,0-0,2014-15/cl.txt,158,abfaeddc2ee3d14f99ecc163c9ddb46cb4d67cef
UCL-2014-15-M-0016,UEFA Champions League,2014-15,2014-09-17,20:45,2014-09-17T20:45:00,Group H,group_stage,3,,H,not_applicable,0,0,ucl-fc-porto,ucl-bate-borisov,FC Porto,BATE Borisov,FC Porto,BATE Borisov,POR,BLR,6,0,6,0,3,0,,,Normal Time,H,6,6,0,1498.45,1466.95,96.49,20,12,6-0 (3-0),2014-15/cl.txt,159,abfaeddc2ee3d14f99ecc163c9ddb46cb4d67cef
UCL-2014-15-M-0017,UEFA Champions League,2014-15,2014-09-30,18:00,2014-09-30T18:00:00,Group E,group_stage,3,,E,not_applicable,0,0,ucl-cska-moskva,ucl-bayern-munich,CSKA Moskva,Bayern Munich,CSKA Moskva,Bayern München,RUS,GER,0,1,0,1,0,1,,,Normal Time,A,1,-1,0,1459.48,1591.27,-66.79,15,39,0-1 (0-1),2014-15/cl.txt,98,abfaeddc2ee3d14f99ecc163c9ddb46cb4d67cef
UCL-2014-15-M-0018,UEFA Champions League,2014-15,2014-09-30,20:45,2014-09-30T20:45:00,Group E,group_stage,3,,E,not_applicable,0,0,ucl-manchester-city,ucl-as-roma,Manchester City,AS Roma,Manchester City,AS Roma,ENG,ITA,1,1,1,1,1,1,,,Normal Time,D,2,0,1,1503.2,1507.24,60.95,21,1,1-1 (1-1),2014-15/cl.txt,99,abfaeddc2ee3d14f99ecc163c9ddb46cb4d67cef
UCL-2014-15-M-0019,UEFA Champions League,2014-15,2014-09-30,20:45,2014-09-30T20:45:00,Group F,group_stage,3,,F,not_applicable,0,0,ucl-apoel-nikosia,ucl-afc-ajax,APOEL Nikosia,AFC Ajax,APOEL Nikosia,AFC Ajax,CYP,NED,1,1,1,1,1,1,,,Normal Time,D,2,0,1,1487.91,1487.8,65.11,11,19,1-1 (1-1),2014-15/cl.txt,119,abfaeddc2ee3d14f99ecc163c9ddb46cb4d67cef
UCL-2014-15-M-0020,UEFA Champions League,2014-15,2014-09-30,20:45,2014-09-30T20:45:00,Group F,group_stage,3,,F,not_applicable,0,0,ucl-paris-saint-germain,ucl-fc-barcelona,Paris Saint-Germain,FC Barcelona,Paris Saint-Germain,FC Barcelona,FRA,ESP,3,2,3,2,2,1,,,Normal Time,H,5,1,1,1562.45,1562.57,64.89,21,35,3-2 (2-1),2014-15/cl.txt,120,abfaeddc2ee3d14f99ecc163c9ddb46cb4d67cef
UCL-2014-15-M-0021,UEFA Champions League,2014-15,2014-09-30,20:45,2014-09-30T20:45:00,Group G,group_stage,3,,G,not_applicable,0,0,ucl-sporting-cp,ucl-chelsea-fc,Sporting CP,Chelsea FC,Sporting CP,Chelsea FC,POR,ENG,0,1,0,1,0,1,,,Normal Time,A,1,-1,0,1501.85,1541.28,25.57,1,32,0-1 (0-1),2014-15/cl.txt,140,abfaeddc2ee3d14f99ecc163c9ddb46cb4d67cef
UCL-2014-15-M-0022,UEFA Champions League,2014-15,2014-09-30,20:45,2014-09-30T20:45:00,Group G,group_stage,3,,G,not_applicable,0,0,ucl-fc-schalke-04,ucl-nk-maribor,FC Schalke 04,NK Maribor,FC Schalke 04,NK Maribor,GER,SVN,1,1,1,1,0,1,,,Normal Time,D,2,0,1,1510.32,1498.15,77.17,17,1,1-1 (0-1),2014-15/cl.txt,141,abfaeddc2ee3d14f99ecc163c9ddb46cb4d67cef
UCL-2014-15-M-0023,UEFA Champions League,2014-15,2014-09-30,20:45,2014-09-30T20:45:00,Group H,group_stage,3,,H,not_applicable,0,0,ucl-bate-borisov,ucl-athletic-club,BATE Borisov,Athletic Club,BATE Borisov,Athletic Club,BLR,ESP,2,1,2,1,2,1,,,Normal Time,H,3,1,1,1459.66,1497.97,26.69,13,1,2-1 (2-1),2014-15/cl.txt,161,abfaeddc2ee3d14f99ecc163c9ddb46cb4d67cef
UCL-2014-15-M-0024,UEFA Champions League,2014-15,2014-09-30,20:45,2014-09-30T20:45:00,Group H,group_stage,3,,H,not_applicable,0,0,ucl-shakhtar-donetsk,ucl-fc-porto,Shakhtar Donetsk,FC Porto,Shakhtar Donetsk,FC Porto,UKR,POR,2,2,2,2,0,0,,,Normal Time,D,4,0,1,1495.46,1505.74,54.73,21,21,2-2 (0-0),2014-15/cl.txt,162,abfaeddc2ee3d14f99ecc163c9ddb46cb4d67cef
UCL-2014-15-M-0025,UEFA Champions League,2014-15,2014-10-01,18:00,2014-10-01T18:00:00,Group C,group_stage,3,,C,not_applicable,0,0,ucl-zenit-st-petersburg,ucl-as-monaco,Zenit St. Petersburg,AS Monaco,Zenit St. Petersburg,AS Monaco,RUS,FRA,0,0,0,0,,,,,Normal Time,D,0,0,0,1507.86,1507.87,64.99,23,1,0-0,2014-15/cl.txt,56,abfaeddc2ee3d14f99ecc163c9ddb46cb4d67cef
UCL-2014-15-M-0026,UEFA Champions League,2014-15,2014-10-01,20:45,2014-10-01T20:45:00,Group A,group_stage,3,,A,not_applicable,0,0,ucl-atletico-madrid,ucl-juventus,Atlético Madrid,Juventus,Atlético Madrid,Juventus,ESP,ITA,1,0,1,0,0,0,,,Normal Time,H,1,1,0,1562.71,1521.79,105.92,14,17,1-0 (0-0),2014-15/cl.txt,14,abfaeddc2ee3d14f99ecc163c9ddb46cb4d67cef
UCL-2014-15-M-0027,UEFA Champions League,2014-15,2014-10-01,20:45,2014-10-01T20:45:00,Group A,group_stage,3,,A,not_applicable,0,0,ucl-malmo-ff,ucl-olympiacos,Malmö FF,Olympiacos,Malmö FF,Olympiakos Piraeus,SWE,GRE,2,0,2,0,1,0,,,Normal Time,H,2,2,0,1492.24,1522.82,34.42,1,21,2-0 (1-0),2014-15/cl.txt,15,abfaeddc2ee3d14f99ecc163c9ddb46cb4d67cef
UCL-2014-15-M-0028,UEFA Champions League,2014-15,2014-10-01,20:45,2014-10-01T20:45:00,Group B,group_stage,3,,B,not_applicable,0,0,ucl-fc-basel-1893,ucl-liverpool-fc,FC Basel 1893,Liverpool FC,FC Basel 1893,Liverpool FC,SUI,ENG,1,0,1,0,0,0,,,Normal Time,H,1,1,0,1506.06,1508.15,62.91,15,1,1-0 (0-0),2014-15/cl.txt,35,abfaeddc2ee3d14f99ecc163c9ddb46cb4d67cef
UCL-2014-15-M-0029,UEFA Champions League,2014-15,2014-10-01,20:45,2014-10-01T20:45:00,Group B,group_stage,3,,B,not_applicable,0,0,ucl-pfc-ludogorets-razgrad,ucl-real-madrid,PFC Ludogorets Razgrad,Real Madrid,PFC Ludogorets Razgrad,Real Madrid,BUL,ESP,1,2,1,2,1,1,,,Normal Time,A,3,-1,1,1491.85,1617.32,-60.47,1,38,1-2 (1-1),2014-15/cl.txt,36,abfaeddc2ee3d14f99ecc163c9ddb46cb4d67cef
UCL-2014-15-M-0030,UEFA Champions League,2014-15,2014-10-01,20:45,2014-10-01T20:45:00,Group C,group_stage,3,,C,not_applicable,0,0,ucl-bayer-leverkusen,ucl-benfica,Bayer Leverkusen,Benfica,Bayer Leverkusen,SL Benfica,GER,POR,3,1,3,1,2,0,,,Normal Time,H,4,2,1,1481.92,1503.39,43.54,17,23,3-1 (2-0),2014-15/cl.txt,57,abfaeddc2ee3d14f99ecc163c9ddb46cb4d67cef
UCL-2014-15-M-0031,UEFA Champions League,2014-15,2014-10-01,20:45,2014-10-01T20:45:00,Group D,group_stage,3,,D,not_applicable,0,0,ucl-arsenal-fc,ucl-galatasaray,Arsenal FC,Galatasaray,Arsenal FC,Galatasaray,ENG,TUR,4,1,4,1,3,0,,,Normal Time,H,5,3,1,1518.06,1502.74,80.32,25,19,4-1 (3-0),2014-15/cl.txt,77,abfaeddc2ee3d14f99ecc163c9ddb46cb4d67cef
UCL-2014-15-M-0032,UEFA Champions League,2014-15,2014-10-01,20:45,2014-10-01T20:45:00,Group D,group_stage,3,,D,not_applicable,0,0,ucl-rsc-anderlecht,ucl-borussia-dortmund,RSC Anderlecht,Borussia Dortmund,RSC Anderlecht,Borussia Dortmund,BEL,GER,0,3,0,3,0,1,,,Normal Time,A,3,-3,0,1455.61,1546.01,-25.4,13,30,0-3 (0-1),2014-15/cl.txt,78,abfaeddc2ee3d14f99ecc163c9ddb46cb4d67cef
UCL-2014-15-M-0033,UEFA Champions League,2014-15,2014-10-21,18:00,2014-10-21T18:00:00,Group E,group_stage,3,,E,not_applicable,0,0,ucl-cska-moskva,ucl-manchester-city,CSKA Moskva,Manchester City,CSKA Moskva,Manchester City,RUS,ENG,2,2,2,2,0,2,,,Normal Time,D,4,0,1,1451.38,1501.46,14.92,16,22,2-2 (0-2),2014-15/cl.txt,101,abfaeddc2ee3d14f99ecc163c9ddb46cb4d67cef
UCL-2014-15-M-0034,UEFA Champions League,2014-15,2014-10-21,20:45,2014-10-21T20:45:00,Group E,group_stage,3,,E,not_applicable,0,0,ucl-as-roma,ucl-bayern-munich,AS Roma,Bayern Munich,AS Roma,Bayern München,ITA,GER,1,7,1,7,0,5,,,Normal Time,A,8,-6,1,1508.98,1599.37,-25.39,2,40,1-7 (0-5),2014-15/cl.txt,102,abfaeddc2ee3d14f99ecc163c9ddb46cb4d67cef
UCL-2014-15-M-0035,UEFA Champions League,2014-15,2014-10-21,20:45,2014-10-21T20:45:00,Group F,group_stage,3,,F,not_applicable,0,0,ucl-fc-barcelona,ucl-afc-ajax,FC Barcelona,AFC Ajax,FC Barcelona,AFC Ajax,ESP,NED,3,1,3,1,2,0,,,Normal Time,H,4,2,1,1554.41,1489.65,129.76,36,20,3-1 (2-0),2014-15/cl.txt,122,abfaeddc2ee3d14f99ecc163c9ddb46cb4d67cef
UCL-2014-15-M-0036,UEFA Champions League,2014-15,2014-10-21,20:45,2014-10-21T20:45:00,Group F,group_stage,3,,F,not_applicable,0,0,ucl-apoel-nikosia,ucl-paris-saint-germain,APOEL Nikosia,Paris Saint-Germain,APOEL Nikosia,Paris Saint-Germain,CYP,FRA,0,1,0,1,0,0,,,Normal Time,A,1,-1,0,1486.06,1570.61,-19.55,12,22,0-1 (0-0),2014-15/cl.txt,123,abfaeddc2ee3d14f99ecc163c9ddb46cb4d67cef
UCL-2014-15-M-0037,UEFA Champions League,2014-15,2014-10-21,20:45,2014-10-21T20:45:00,Group G,group_stage,3,,G,not_applicable,0,0,ucl-chelsea-fc,ucl-nk-maribor,Chelsea FC,NK Maribor,Chelsea FC,NK Maribor,ENG,SVN,6,0,6,0,3,0,,,Normal Time,H,6,6,0,1552.02,1500.34,116.68,33,2,6-0 (3-0),2014-15/cl.txt,143,abfaeddc2ee3d14f99ecc163c9ddb46cb4d67cef
UCL-2014-15-M-0038,UEFA Champions League,2014-15,2014-10-21,20:45,2014-10-21T20:45:00,Group G,group_stage,3,,G,not_applicable,0,0,ucl-fc-schalke-04,ucl-sporting-cp,FC Schalke 04,Sporting CP,FC Schalke 04,Sporting CP,GER,POR,4,3,4,3,1,1,,,Normal Time,H,7,1,1,1508.14,1491.11,82.02,18,2,4-3 (1-1),2014-15/cl.txt,144,abfaeddc2ee3d14f99ecc163c9ddb46cb4d67cef
UCL-2014-15-M-0039,UEFA Champions League,2014-15,2014-10-21,20:45,2014-10-21T20:45:00,Group H,group_stage,3,,H,not_applicable,0,0,ucl-fc-porto,ucl-athletic-club,FC Porto,Athletic Club,FC Porto,Athletic Club,POR,ESP,2,1,2,1,1,0,,,Normal Time,H,3,1,1,1507.3,1488.74,83.56,22,2,2-1 (1-0),2014-15/cl.txt,164,abfaeddc2ee3d14f99ecc163c9ddb46cb4d67cef
UCL-2014-15-M-0040,UEFA Champions League,2014-15,2014-10-21,20:45,2014-10-21T20:45:00,Group H,group_stage,3,,H,not_applicable,0,0,ucl-bate-borisov,ucl-shakhtar-donetsk,BATE Borisov,Shakhtar Donetsk,BATE Borisov,Shakhtar Donetsk,BLR,UKR,0,7,0,7,0,6,,,Normal Time,A,7,-7,0,1468.89,1493.9,39.99,14,22,0-7 (0-6),2014-15/cl.txt,165,abfaeddc2ee3d14f99ecc163c9ddb46cb4d67cef
UCL-2014-15-M-0041,UEFA Champions League,2014-15,2014-10-22,20:45,2014-10-22T20:45:00,Group A,group_stage,3,,A,not_applicable,0,0,ucl-atletico-madrid,ucl-malmo-ff,Atlético Madrid,Malmö FF,Atlético Madrid,Malmö FF,ESP,SWE,5,0,5,0,0,0,,,Normal Time,H,5,5,0,1569.75,1501.25,133.5,15,2,5-0 (0-0),2014-15/cl.txt,17,abfaeddc2ee3d14f99ecc163c9ddb46cb4d67cef
UCL-2014-15-M-0042,UEFA Champions League,2014-15,2014-10-22,20:45,2014-10-22T20:45:00,Group A,group_stage,3,,A,not_applicable,0,0,ucl-olympiacos,ucl-juventus,Olympiacos,Juventus,Olympiakos Piraeus,Juventus,GRE,ITA,1,0,1,0,1,0,,,Normal Time,H,1,1,0,1513.81,1514.75,64.06,22,18,1-0 (1-0),2014-15/cl.txt,18,abfaeddc2ee3d14f99ecc163c9ddb46cb4d67cef
UCL-2014-15-M-0043,UEFA Champions League,2014-15,2014-10-22,20:45,2014-10-22T20:45:00,Group B,group_stage,3,,B,not_applicable,0,0,ucl-pfc-ludogorets-razgrad,ucl-fc-basel-1893,PFC Ludogorets Razgrad,FC Basel 1893,PFC Ludogorets Razgrad,FC Basel 1893,BUL,SUI,1,0,1,0,0,0,,,Normal Time,H,1,1,0,1483.57,1514.27,34.3,2,16,1-0 (0-0),2014-15/cl.txt,38,abfaeddc2ee3d14f99ecc163c9ddb46cb4d67cef
UCL-2014-15-M-0044,UEFA Champions League,2014-15,2014-10-22,20:45,2014-10-22T20:45:00,Group B,group_stage,3,,B,not_applicable,0,0,ucl-liverpool-fc,ucl-real-madrid,Liverpool FC,Real Madrid,Liverpool FC,Real Madrid,ENG,ESP,0,3,0,3,0,3,,,Normal Time,A,3,-3,0,1499.94,1625.59,-60.65,2,39,0-3 (0-3),2014-15/cl.txt,39,abfaeddc2ee3d14f99ecc163c9ddb46cb4d67cef
UCL-2014-15-M-0045,UEFA Champions League,2014-15,2014-10-22,20:45,2014-10-22T20:45:00,Group C,group_stage,3,,C,not_applicable,0,0,ucl-as-monaco,ucl-benfica,AS Monaco,Benfica,AS Monaco,SL Benfica,FRA,POR,0,0,0,0,,,,,Normal Time,D,0,0,0,1509.72,1494.63,80.09,2,24,0-0,2014-15/cl.txt,59,abfaeddc2ee3d14f99ecc163c9ddb46cb4d67cef
UCL-2014-15-M-0046,UEFA Champions League,2014-15,2014-10-22,20:45,2014-10-22T20:45:00,Group C,group_stage,3,,C,not_applicable,0,0,ucl-bayer-leverkusen,ucl-zenit-st-petersburg,Bayer Leverkusen,Zenit St. Petersburg,Bayer Leverkusen,Zenit St. Petersburg,GER,RUS,2,0,2,0,0,0,,,Normal Time,H,2,2,0,1490.68,1506.01,49.66,18,24,2-0 (0-0),2014-15/cl.txt,60,abfaeddc2ee3d14f99ecc163c9ddb46cb4d67cef
UCL-2014-15-M-0047,UEFA Champions League,2014-15,2014-10-22,20:45,2014-10-22T20:45:00,Group D,group_stage,3,,D,not_applicable,0,0,ucl-rsc-anderlecht,ucl-arsenal-fc,RSC Anderlecht,Arsenal FC,RSC Anderlecht,Arsenal FC,BEL,ENG,1,2,1,2,0,0,,,Normal Time,A,3,-1,1,1446.34,1525.79,-14.45,14,26,1-2 (0-0),2014-15/cl.txt,80,abfaeddc2ee3d14f99ecc163c9ddb46cb4d67cef
UCL-2014-15-M-0048,UEFA Champions League,2014-15,2014-10-22,20:45,2014-10-22T20:45:00,Group D,group_stage,3,,D,not_applicable,0,0,ucl-galatasaray,ucl-borussia-dortmund,Galatasaray,Borussia Dortmund,Galatasaray,Borussia Dortmund,TUR,GER,0,4,0,4,0,3,,,Normal Time,A,4,-4,0,1495.02,1555.28,4.74,20,31,0-4 (0-3),2014-15/cl.txt,81,abfaeddc2ee3d14f99ecc163c9ddb46cb4d67cef
UCL-2014-15-M-0049,UEFA Champions League,2014-15,2014-11-04,18:00,2014-11-04T18:00:00,Group C,group_stage,3,,C,not_applicable,0,0,ucl-zenit-st-petersburg,ucl-bayer-leverkusen,Zenit St. Petersburg,Bayer Leverkusen,Zenit St. Petersburg,Bayer Leverkusen,RUS,GER,1,2,1,2,0,0,,,Normal Time,A,3,-1,1,1497.43,1499.26,63.18,25,19,1-2 (0-0),2014-15/cl.txt,62,abfaeddc2ee3d14f99ecc163c9ddb46cb4d67cef
UCL-2014-15-M-0050,UEFA Champions League,2014-15,2014-11-04,20:45,2014-11-04T20:45:00,Group A,group_stage,3,,A,not_applicable,0,0,ucl-malmo-ff,ucl-atletico-madrid,Malmö FF,Atlético Madrid,Malmö FF,Atlético Madrid,SWE,ESP,0,2,0,2,0,1,,,Normal Time,A,2,-2,0,1494.91,1576.09,-16.17,3,16,0-2 (0-1),2014-15/cl.txt,20,abfaeddc2ee3d14f99ecc163c9ddb46cb4d67cef
UCL-2014-15-M-0051,UEFA Champions League,2014-15,2014-11-04,20:45,2014-11-04T20:45:00,Group A,group_stage,3,,A,not_applicable,0,0,ucl-juventus,ucl-olympiacos,Juventus,Olympiacos,Juventus,Olympiakos Piraeus,ITA,GRE,3,2,3,2,1,1,,,Normal Time,H,5,1,1,1506.57,1521.98,49.58,19,23,3-2 (1-1),2014-15/cl.txt,21,abfaeddc2ee3d14f99ecc163c9ddb46cb4d67cef
UCL-2014-15-M-0052,UEFA Champions League,2014-15,2014-11-04,20:45,2014-11-04T20:45:00,Group B,group_stage,3,,B,not_applicable,0,0,ucl-fc-basel-1893,ucl-pfc-ludogorets-razgrad,FC Basel 1893,PFC Ludogorets Razgrad,FC Basel 1893,PFC Ludogorets Razgrad,SUI,BUL,4,0,4,0,2,0,,,Normal Time,H,4,4,0,1505.25,1492.59,77.67,17,3,4-0 (2-0),2014-15/cl.txt,41,abfaeddc2ee3d14f99ecc163c9ddb46cb4d67cef
UCL-2014-15-M-0053,UEFA Champions League,2014-15,2014-11-04,20:45,2014-11-04T20:45:00,Group B,group_stage,3,,B,not_applicable,0,0,ucl-real-madrid,ucl-liverpool-fc,Real Madrid,Liverpool FC,Real Madrid,Liverpool FC,ESP,ENG,1,0,1,0,1,0,,,Normal Time,H,1,1,0,1633.86,1491.67,207.19,40,3,1-0 (1-0),2014-15/cl.txt,42,abfaeddc2ee3d14f99ecc163c9ddb46cb4d67cef
UCL-2014-15-M-0054,UEFA Champions League,2014-15,2014-11-04,20:45,2014-11-04T20:45:00,Group C,group_stage,3,,C,not_applicable,0,0,ucl-benfica,ucl-as-monaco,Benfica,AS Monaco,SL Benfica,AS Monaco,POR,FRA,1,0,1,0,0,0,,,Normal Time,H,1,1,0,1496.9,1507.45,54.44,25,3,1-0 (0-0),2014-15/cl.txt,63,abfaeddc2ee3d14f99ecc163c9ddb46cb4d67cef
UCL-2014-15-M-0055,UEFA Champions League,2014-15,2014-11-04,20:45,2014-11-04T20:45:00,Group D,group_stage,3,,D,not_applicable,0,0,ucl-arsenal-fc,ucl-rsc-anderlecht,Arsenal FC,RSC Anderlecht,Arsenal FC,RSC Anderlecht,ENG,BEL,3,3,3,3,2,0,,,Normal Time,D,6,0,1,1535.37,1436.76,163.62,27,15,3-3 (2-0),2014-15/cl.txt,83,abfaeddc2ee3d14f99ecc163c9ddb46cb4d67cef
UCL-2014-15-M-0056,UEFA Champions League,2014-15,2014-11-04,20:45,2014-11-04T20:45:00,Group D,group_stage,3,,D,not_applicable,0,0,ucl-borussia-dortmund,ucl-galatasaray,Borussia Dortmund,Galatasaray,Borussia Dortmund,Galatasaray,GER,TUR,4,1,4,1,1,0,,,Normal Time,H,5,3,1,1565.41,1484.88,145.53,32,21,4-1 (1-0),2014-15/cl.txt,84,abfaeddc2ee3d14f99ecc163c9ddb46cb4d67cef
UCL-2014-15-M-0057,UEFA Champions League,2014-15,2014-11-05,20:45,2014-11-05T20:45:00,Group E,group_stage,3,,E,not_applicable,0,0,ucl-bayern-munich,ucl-as-roma,Bayern Munich,AS Roma,Bayern München,AS Roma,GER,ITA,2,0,2,0,1,0,,,Normal Time,H,2,2,0,1608.64,1499.71,173.93,41,3,2-0 (1-0),2014-15/cl.txt,104,abfaeddc2ee3d14f99ecc163c9ddb46cb4d67cef
UCL-2014-15-M-0058,UEFA Champions League,2014-15,2014-11-05,20:45,2014-11-05T20:45:00,Group E,group_stage,3,,E,not_applicable,0,0,ucl-manchester-city,ucl-cska-moskva,Manchester City,CSKA Moskva,Manchester City,CSKA Moskva,ENG,RUS,1,2,1,2,1,2,,,Normal Time,A,3,-1,1,1501.89,1450.95,115.94,23,17,1-2 (1-2),2014-15/cl.txt,105,abfaeddc2ee3d14f99ecc163c9ddb46cb4d67cef
UCL-2014-15-M-0059,UEFA Champions League,2014-15,2014-11-05,20:45,2014-11-05T20:45:00,Group F,group_stage,3,,F,not_applicable,0,0,ucl-afc-ajax,ucl-fc-barcelona,AFC Ajax,FC Barcelona,AFC Ajax,FC Barcelona,NED,ESP,0,2,0,2,0,1,,,Normal Time,A,2,-2,0,1483.23,1560.84,-12.62,21,37,0-2 (0-1),2014-15/cl.txt,125,abfaeddc2ee3d14f99ecc163c9ddb46cb4d67cef
UCL-2014-15-M-0060,UEFA Champions League,2014-15,2014-11-05,20:45,2014-11-05T20:45:00,Group F,group_stage,3,,F,not_applicable,0,0,ucl-paris-saint-germain,ucl-apoel-nikosia,Paris Saint-Germain,APOEL Nikosia,Paris Saint-Germain,APOEL Nikosia,FRA,CYP,1,0,1,0,1,0,,,Normal Time,H,1,1,0,1580.04,1476.62,168.42,23,13,1-0 (1-0),2014-15/cl.txt,126,abfaeddc2ee3d14f99ecc163c9ddb46cb4d67cef
UCL-2014-15-M-0061,UEFA Champions League,2014-15,2014-11-05,20:45,2014-11-05T20:45:00,Group G,group_stage,3,,G,not_applicable,0,0,ucl-nk-maribor,ucl-chelsea-fc,NK Maribor,Chelsea FC,NK Maribor,Chelsea FC,SVN,ENG,1,1,1,1,0,0,,,Normal Time,D,2,0,1,1493.57,1558.78,-0.21,3,34,1-1 (0-0),2014-15/cl.txt,146,abfaeddc2ee3d14f99ecc163c9ddb46cb4d67cef
UCL-2014-15-M-0062,UEFA Champions League,2014-15,2014-11-05,20:45,2014-11-05T20:45:00,Group G,group_stage,3,,G,not_applicable,0,0,ucl-sporting-cp,ucl-fc-schalke-04,Sporting CP,FC Schalke 04,Sporting CP,FC Schalke 04,POR,GER,4,2,4,2,1,1,,,Normal Time,H,6,2,1,1483.43,1515.82,32.61,3,19,4-2 (1-1),2014-15/cl.txt,147,abfaeddc2ee3d14f99ecc163c9ddb46cb4d67cef
UCL-2014-15-M-0063,UEFA Champions League,2014-15,2014-11-05,20:45,2014-11-05T20:45:00,Group H,group_stage,3,,H,not_applicable,0,0,ucl-athletic-club,ucl-fc-porto,Athletic Club,FC Porto,Athletic Club,FC Porto,ESP,POR,0,2,0,2,0,0,,,Normal Time,A,2,-2,0,1481.1,1514.94,31.16,3,23,0-2 (0-0),2014-15/cl.txt,167,abfaeddc2ee3d14f99ecc163c9ddb46cb4d67cef
UCL-2014-15-M-0064,UEFA Champions League,2014-15,2014-11-05,20:45,2014-11-05T20:45:00,Group H,group_stage,3,,H,not_applicable,0,0,ucl-shakhtar-donetsk,ucl-bate-borisov,Shakhtar Donetsk,BATE Borisov,Shakhtar Donetsk,BATE Borisov,UKR,BLR,5,0,5,0,1,0,,,Normal Time,H,5,5,0,1505.05,1457.75,112.3,23,15,5-0 (1-0),2014-15/cl.txt,168,abfaeddc2ee3d14f99ecc163c9ddb46cb4d67cef
UCL-2014-15-M-0065,UEFA Champions League,2014-15,2014-11-25,18:00,2014-11-25T18:00:00,Group E,group_stage,3,,E,not_applicable,0,0,ucl-cska-moskva,ucl-as-roma,CSKA Moskva,AS Roma,CSKA Moskva,AS Roma,RUS,ITA,1,1,1,1,0,1,,,Normal Time,D,2,0,1,1464.17,1494.34,34.83,18,4,1-1 (0-1),2014-15/cl.txt,107,abfaeddc2ee3d14f99ecc163c9ddb46cb4d67cef
UCL-2014-15-M-0066,UEFA Champions League,2014-15,2014-11-25,18:00,2014-11-25T18:00:00,Group H,group_stage,3,,H,not_applicable,0,0,ucl-bate-borisov,ucl-fc-porto,BATE Borisov,FC Porto,BATE Borisov,FC Porto,BLR,POR,0,3,0,3,0,0,,,Normal Time,A,3,-3,0,1450.87,1525.83,-9.96,16,24,0-3 (0-0),2014-15/cl.txt,170,abfaeddc2ee3d14f99ecc163c9ddb46cb4d67cef
UCL-2014-15-M-0067,UEFA Champions League,2014-15,2014-11-25,20:45,2014-11-25T20:45:00,Group E,group_stage,3,,E,not_applicable,0,0,ucl-manchester-city,ucl-bayern-munich,Manchester City,Bayern Munich,Manchester City,Bayern München,ENG,GER,3,2,3,2,1,2,,,Normal Time,H,5,1,1,1488.67,1614.02,-60.35,24,42,3-2 (1-2),2014-15/cl.txt,108,abfaeddc2ee3d14f99ecc163c9ddb46cb4d67cef
UCL-2014-15-M-0068,UEFA Champions League,2014-15,2014-11-25,20:45,2014-11-25T20:45:00,Group F,group_stage,3,,F,not_applicable,0,0,ucl-paris-saint-germain,ucl-afc-ajax,Paris Saint-Germain,AFC Ajax,Paris Saint-Germain,AFC Ajax,FRA,NED,3,1,3,1,1,0,,,Normal Time,H,4,2,1,1585.54,1473.59,176.96,24,22,3-1 (1-0),2014-15/cl.txt,128,abfaeddc2ee3d14f99ecc163c9ddb46cb4d67cef
UCL-2014-15-M-0069,UEFA Champions League,2014-15,2014-11-25,20:45,2014-11-25T20:45:00,Group F,group_stage,3,,F,not_applicable,0,0,ucl-apoel-nikosia,ucl-fc-barcelona,APOEL Nikosia,FC Barcelona,APOEL Nikosia,FC Barcelona,CYP,ESP,0,4,0,4,0,2,,,Normal Time,A,4,-4,0,1471.12,1570.48,-34.36,14,38,0-4 (0-2),2014-15/cl.txt,129,abfaeddc2ee3d14f99ecc163c9ddb46cb4d67cef
UCL-2014-15-M-0070,UEFA Champions League,2014-15,2014-11-25,20:45,2014-11-25T20:45:00,Group G,group_stage,3,,G,not_applicable,0,0,ucl-fc-schalke-04,ucl-chelsea-fc,FC Schalke 04,Chelsea FC,FC Schalke 04,Chelsea FC,GER,ENG,0,5,0,5,0,3,,,Normal Time,A,5,-5,0,1506.76,1558.77,12.98,20,35,0-5 (0-3),2014-15/cl.txt,149,abfaeddc2ee3d14f99ecc163c9ddb46cb4d67cef
UCL-2014-15-M-0071,UEFA Champions League,2014-15,2014-11-25,20:45,2014-11-25T20:45:00,Group G,group_stage,3,,G,not_applicable,0,0,ucl-sporting-cp,ucl-nk-maribor,Sporting CP,NK Maribor,Sporting CP,NK Maribor,POR,SVN,3,1,3,1,2,1,,,Normal Time,H,4,2,1,1492.5,1493.58,63.92,4,4,3-1 (2-1),2014-15/cl.txt,150,abfaeddc2ee3d14f99ecc163c9ddb46cb4d67cef
UCL-2014-15-M-0072,UEFA Champions League,2014-15,2014-11-25,20:45,2014-11-25T20:45:00,Group H,group_stage,3,,H,not_applicable,0,0,ucl-shakhtar-donetsk,ucl-athletic-club,Shakhtar Donetsk,Athletic Club,Shakhtar Donetsk,Athletic Club,UKR,ESP,0,1,0,1,0,0,,,Normal Time,A,1,-1,0,1511.92,1470.2,106.72,24,4,0-1 (0-0),2014-15/cl.txt,171,abfaeddc2ee3d14f99ecc163c9ddb46cb4d67cef
UCL-2014-15-M-0073,UEFA Champions League,2014-15,2014-11-26,18:00,2014-11-26T18:00:00,Group C,group_stage,3,,C,not_applicable,0,0,ucl-zenit-st-petersburg,ucl-benfica,Zenit St. Petersburg,Benfica,Zenit St. Petersburg,SL Benfica,RUS,POR,1,0,1,0,0,0,,,Normal Time,H,1,1,0,1485.64,1505.34,45.29,26,26,1-0 (0-0),2014-15/cl.txt,65,abfaeddc2ee3d14f99ecc163c9ddb46cb4d67cef
UCL-2014-15-M-0074,UEFA Champions League,2014-15,2014-11-26,20:45,2014-11-26T20:45:00,Group A,group_stage,3,,A,not_applicable,0,0,ucl-atletico-madrid,ucl-olympiacos,Atlético Madrid,Olympiacos,Atlético Madrid,Olympiakos Piraeus,ESP,GRE,4,0,4,0,2,0,,,Normal Time,H,4,4,0,1585.62,1513.4,137.22,17,24,4-0 (2-0),2014-15/cl.txt,23,abfaeddc2ee3d14f99ecc163c9ddb46cb4d67cef
UCL-2014-15-M-0075,UEFA Champions League,2014-15,2014-11-26,20:45,2014-11-26T20:45:00,Group A,group_stage,3,,A,not_applicable,0,0,ucl-malmo-ff,ucl-juventus,Malmö FF,Juventus,Malmö FF,Juventus,SWE,ITA,0,2,0,2,0,0,,,Normal Time,A,2,-2,0,1485.38,1515.15,35.23,4,20,0-2 (0-0),2014-15/cl.txt,24,abfaeddc2ee3d14f99ecc163c9ddb46cb4d67cef
UCL-2014-15-M-0076,UEFA Champions League,2014-15,2014-11-26,20:45,2014-11-26T20:45:00,Group B,group_stage,3,,B,not_applicable,0,0,ucl-fc-basel-1893,ucl-real-madrid,FC Basel 1893,Real Madrid,FC Basel 1893,Real Madrid,SUI,ESP,0,1,0,1,0,1,,,Normal Time,A,1,-1,0,1513.06,1638.52,-60.46,18,41,0-1 (0-1),2014-15/cl.txt,44,abfaeddc2ee3d14f99ecc163c9ddb46cb4d67cef
UCL-2014-15-M-0077,UEFA Champions League,2014-15,2014-11-26,20:45,2014-11-26T20:45:00,Group B,group_stage,3,,B,not_applicable,0,0,ucl-pfc-ludogorets-razgrad,ucl-liverpool-fc,PFC Ludogorets Razgrad,Liverpool FC,PFC Ludogorets Razgrad,Liverpool FC,BUL,ENG,2,2,2,2,1,2,,,Normal Time,D,4,0,1,1484.79,1487.01,62.77,4,4,2-2 (1-2),2014-15/cl.txt,45,abfaeddc2ee3d14f99ecc163c9ddb46cb4d67cef
UCL-2014-15-M-0078,UEFA Champions League,2014-15,2014-11-26,20:45,2014-11-26T20:45:00,Group C,group_stage,3,,C,not_applicable,0,0,ucl-bayer-leverkusen,ucl-as-monaco,Bayer Leverkusen,AS Monaco,Bayer Leverkusen,AS Monaco,GER,FRA,0,1,0,1,0,0,,,Normal Time,A,1,-1,0,1511.05,1499.01,77.05,20,4,0-1 (0-0),2014-15/cl.txt,66,abfaeddc2ee3d14f99ecc163c9ddb46cb4d67cef
UCL-2014-15-M-0079,UEFA Champions League,2014-15,2014-11-26,20:45,2014-11-26T20:45:00,Group D,group_stage,3,,D,not_applicable,0,0,ucl-arsenal-fc,ucl-borussia-dortmund,Arsenal FC,Borussia Dortmund,Arsenal FC,Borussia Dortmund,ENG,GER,2,0,2,0,1,0,,,Normal Time,H,2,2,0,1530.98,1571.45,24.53,28,33,2-0 (1-0),2014-15/cl.txt,86,abfaeddc2ee3d14f99ecc163c9ddb46cb4d67cef
UCL-2014-15-M-0080,UEFA Champions League,2014-15,2014-11-26,20:45,2014-11-26T20:45:00,Group D,group_stage,3,,D,not_applicable,0,0,ucl-rsc-anderlecht,ucl-galatasaray,RSC Anderlecht,Galatasaray,RSC Anderlecht,Galatasaray,BEL,TUR,2,0,2,0,1,0,,,Normal Time,H,2,2,0,1441.14,1478.84,27.31,16,22,2-0 (1-0),2014-15/cl.txt,87,abfaeddc2ee3d14f99ecc163c9ddb46cb4d67cef
UCL-2014-15-M-0081,UEFA Champions League,2014-15,2014-12-09,20:45,2014-12-09T20:45:00,Group A,group_stage,3,,A,not_applicable,0,0,ucl-juventus,ucl-atletico-madrid,Juventus,Atlético Madrid,Juventus,Atlético Madrid,ITA,ESP,0,0,0,0,,,,,Normal Time,D,0,0,0,1526.16,1591.87,-0.7,21,18,0-0,2014-15/cl.txt,26,abfaeddc2ee3d14f99ecc163c9ddb46cb4d67cef
UCL-2014-15-M-0082,UEFA Champions League,2014-15,2014-12-09,20:45,2014-12-09T20:45:00,Group A,group_stage,3,,A,not_applicable,0,0,ucl-olympiacos,ucl-malmo-ff,Olympiacos,Malmö FF,Olympiakos Piraeus,Malmö FF,GRE,SWE,4,2,4,2,1,0,,,Normal Time,H,6,2,1,1507.16,1474.37,97.79,25,5,4-2 (1-0),2014-15/cl.txt,27,abfaeddc2ee3d14f99ecc163c9ddb46cb4d67cef
UCL-2014-15-M-0083,UEFA Champions League,2014-15,2014-12-09,20:45,2014-12-09T20:45:00,Group B,group_stage,3,,B,not_applicable,0,0,ucl-liverpool-fc,ucl-fc-basel-1893,Liverpool FC,FC Basel 1893,Liverpool FC,FC Basel 1893,ENG,SUI,1,1,1,1,0,1,,,Normal Time,D,2,0,1,1488.8,1504.78,49.02,5,19,1-1 (0-1),2014-15/cl.txt,47,abfaeddc2ee3d14f99ecc163c9ddb46cb4d67cef
UCL-2014-15-M-0084,UEFA Champions League,2014-15,2014-12-09,20:45,2014-12-09T20:45:00,Group B,group_stage,3,,B,not_applicable,0,0,ucl-real-madrid,ucl-pfc-ludogorets-razgrad,Real Madrid,PFC Ludogorets Razgrad,Real Madrid,PFC Ludogorets Razgrad,ESP,BUL,4,0,4,0,2,0,,,Normal Time,H,4,4,0,1646.8,1483.0,228.8,42,5,4-0 (2-0),2014-15/cl.txt,48,abfaeddc2ee3d14f99ecc163c9ddb46cb4d67cef
UCL-2014-15-M-0085,UEFA Champions League,2014-15,2014-12-09,20:45,2014-12-09T20:45:00,Group C,group_stage,3,,C,not_applicable,0,0,ucl-as-monaco,ucl-zenit-st-petersburg,AS Monaco,Zenit St. Petersburg,AS Monaco,Zenit St. Petersburg,FRA,RUS,2,0,2,0,0,0,,,Normal Time,H,2,2,0,1511.19,1494.34,81.85,5,27,2-0 (0-0),2014-15/cl.txt,68,abfaeddc2ee3d14f99ecc163c9ddb46cb4d67cef
UCL-2014-15-M-0086,UEFA Champions League,2014-15,2014-12-09,20:45,2014-12-09T20:45:00,Group C,group_stage,3,,C,not_applicable,0,0,ucl-benfica,ucl-bayer-leverkusen,Benfica,Bayer Leverkusen,SL Benfica,Bayer Leverkusen,POR,GER,0,0,0,0,,,,,Normal Time,D,0,0,0,1496.64,1498.87,62.77,27,21,0-0,2014-15/cl.txt,69,abfaeddc2ee3d14f99ecc163c9ddb46cb4d67cef
UCL-2014-15-M-0087,UEFA Champions League,2014-15,2014-12-09,20:45,2014-12-09T20:45:00,Group D,group_stage,3,,D,not_applicable,0,0,ucl-galatasaray,ucl-arsenal-fc,Galatasaray,Arsenal FC,Galatasaray,Arsenal FC,TUR,ENG,1,4,1,4,0,3,,,Normal Time,A,5,-3,1,1469.62,1540.28,-5.66,23,29,1-4 (0-3),2014-15/cl.txt,89,abfaeddc2ee3d14f99ecc163c9ddb46cb4d67cef
UCL-2014-15-M-0088,UEFA Champions League,2014-15,2014-12-09,20:45,2014-12-09T20:45:00,Group D,group_stage,3,,D,not_applicable,0,0,ucl-borussia-dortmund,ucl-rsc-anderlecht,Borussia Dortmund,RSC Anderlecht,Borussia Dortmund,RSC Anderlecht,GER,BEL,1,1,1,1,0,0,,,Normal Time,D,2,0,1,1562.16,1450.36,176.8,34,17,1-1 (0-0),2014-15/cl.txt,90,abfaeddc2ee3d14f99ecc163c9ddb46cb4d67cef
UCL-2014-15-M-0089,UEFA Champions League,2014-15,2014-12-10,20:45,2014-12-10T20:45:00,Group E,group_stage,3,,E,not_applicable,0,0,ucl-as-roma,ucl-manchester-city,AS Roma,Manchester City,AS Roma,Manchester City,ITA,ENG,0,2,0,2,0,0,,,Normal Time,A,2,-2,0,1495.34,1500.39,59.95,5,25,0-2 (0-0),2014-15/cl.txt,110,abfaeddc2ee3d14f99ecc163c9ddb46cb4d67cef
UCL-2014-15-M-0090,UEFA Champions League,2014-15,2014-12-10,20:45,2014-12-10T20:45:00,Group E,group_stage,3,,E,not_applicable,0,0,ucl-bayern-munich,ucl-cska-moskva,Bayern Munich,CSKA Moskva,Bayern München,CSKA Moskva,GER,RUS,3,0,3,0,1,0,,,Normal Time,H,3,3,0,1602.3,1463.17,204.13,43,19,3-0 (1-0),2014-15/cl.txt,111,abfaeddc2ee3d14f99ecc163c9ddb46cb4d67cef
UCL-2014-15-M-0091,UEFA Champions League,2014-15,2014-12-10,20:45,2014-12-10T20:45:00,Group F,group_stage,3,,F,not_applicable,0,0,ucl-afc-ajax,ucl-apoel-nikosia,AFC Ajax,APOEL Nikosia,AFC Ajax,APOEL Nikosia,NED,CYP,4,0,4,0,1,0,,,Normal Time,H,4,4,0,1468.28,1462.11,71.18,23,15,4-0 (1-0),2014-15/cl.txt,131,abfaeddc2ee3d14f99ecc163c9ddb46cb4d67cef
UCL-2014-15-M-0092,UEFA Champions League,2014-15,2014-12-10,20:45,2014-12-10T20:45:00,Group F,group_stage,3,,F,not_applicable,0,0,ucl-fc-barcelona,ucl-paris-saint-germain,FC Barcelona,Paris Saint-Germain,FC Barcelona,Paris Saint-Germain,ESP,FRA,3,1,3,1,2,1,,,Normal Time,H,4,2,1,1579.49,1590.85,53.64,39,25,3-1 (2-1),2014-15/cl.txt,132,abfaeddc2ee3d14f99ecc163c9ddb46cb4d67cef
UCL-2014-15-M-0093,UEFA Champions League,2014-15,2014-12-10,20:45,2014-12-10T20:45:00,Group G,group_stage,3,,G,not_applicable,0,0,ucl-chelsea-fc,ucl-sporting-cp,Chelsea FC,Sporting CP,Chelsea FC,Sporting CP,ENG,POR,3,1,3,1,2,0,,,Normal Time,H,4,2,1,1569.15,1500.68,133.47,36,5,3-1 (2-0),2014-15/cl.txt,152,abfaeddc2ee3d14f99ecc163c9ddb46cb4d67cef
UCL-2014-15-M-0094,UEFA Champions League,2014-15,2014-12-10,20:45,2014-12-10T20:45:00,Group G,group_stage,3,,G,not_applicable,0,0,ucl-nk-maribor,ucl-fc-schalke-04,NK Maribor,FC Schalke 04,NK Maribor,FC Schalke 04,SVN,GER,0,1,0,1,0,0,,,Normal Time,A,1,-1,0,1485.4,1496.38,54.02,5,21,0-1 (0-0),2014-15/cl.txt,153,abfaeddc2ee3d14f99ecc163c9ddb46cb4d67cef
UCL-2014-15-M-0095,UEFA Champions League,2014-15,2014-12-10,20:45,2014-12-10T20:45:00,Group H,group_stage,3,,H,not_applicable,0,0,ucl-athletic-club,ucl-bate-borisov,Athletic Club,BATE Borisov,Athletic Club,BATE Borisov,ESP,BLR,2,0,2,0,0,0,,,Normal Time,H,2,2,0,1483.18,1441.16,107.02,5,17,2-0 (0-0),2014-15/cl.txt,173,abfaeddc2ee3d14f99ecc163c9ddb46cb4d67cef
UCL-2014-15-M-0096,UEFA Champions League,2014-15,2014-12-10,20:45,2014-12-10T20:45:00,Group H,group_stage,3,,H,not_applicable,0,0,ucl-fc-porto,ucl-shakhtar-donetsk,FC Porto,Shakhtar Donetsk,FC Porto,Shakhtar Donetsk,POR,UKR,1,1,1,1,0,0,,,Normal Time,D,2,0,1,1535.55,1498.94,101.6,25,25,1-1 (0-0),2014-15/cl.txt,174,abfaeddc2ee3d14f99ecc163c9ddb46cb4d67cef
UCL-2014-15-M-0097,UEFA Champions League,2014-15,2015-02-17,20:45,2015-02-17T20:45:00,Round of 16,round_of_16,5,,,1,0,0,ucl-paris-saint-germain,ucl-chelsea-fc,Paris Saint-Germain,Chelsea FC,Paris Saint-Germain,Chelsea FC,FRA,ENG,1,1,1,1,0,1,,,Normal Time,D,2,0,1,1582.38,1575.49,71.9,26,37,1-1 (0-1),2014-15/cl.txt,179,abfaeddc2ee3d14f99ecc163c9ddb46cb4d67cef
UCL-2014-15-M-0098,UEFA Champions League,2014-15,2015-02-17,20:45,2015-02-17T20:45:00,Round of 16,round_of_16,5,,,1,0,0,ucl-shakhtar-donetsk,ucl-bayern-munich,Shakhtar Donetsk,Bayern Munich,Shakhtar Donetsk,Bayern München,UKR,GER,0,0,0,0,,,,,Normal Time,D,0,0,0,1501.79,1607.02,-40.23,26,44,0-0,2014-15/cl.txt,180,abfaeddc2ee3d14f99ecc163c9ddb46cb4d67cef
UCL-2014-15-M-0099,UEFA Champions League,2014-15,2015-02-18,20:45,2015-02-18T20:45:00,Round of 16,round_of_16,5,,,1,0,0,ucl-fc-schalke-04,ucl-real-madrid,FC Schalke 04,Real Madrid,FC Schalke 04,Real Madrid,GER,ESP,0,2,0,2,0,1,,,Normal Time,A,2,-2,0,1507.92,1651.02,-78.1,22,43,0-2 (0-1),2014-15/cl.txt,182,abfaeddc2ee3d14f99ecc163c9ddb46cb4d67cef
UCL-2014-15-M-0100,UEFA Champions League,2014-15,2015-02-18,20:45,2015-02-18T20:45:00,Round of 16,round_of_16,5,,,1,0,0,ucl-fc-basel-1893,ucl-fc-porto,FC Basel 1893,FC Porto,FC Basel 1893,FC Porto,SUI,POR,1,1,1,1,1,0,,,Normal Time,D,2,0,1,1506.18,1532.7,38.48,20,26,1-1 (1-0),2014-15/cl.txt,183,abfaeddc2ee3d14f99ecc163c9ddb46cb4d67cef
UCL-2014-15-M-0101,UEFA Champions League,2014-15,2015-02-24,20:45,2015-02-24T20:45:00,Round of 16,round_of_16,5,,,1,0,0,ucl-manchester-city,ucl-fc-barcelona,Manchester City,FC Barcelona,Manchester City,FC Barcelona,ENG,ESP,1,2,1,2,0,2,,,Normal Time,A,3,-1,1,1512.1,1587.96,-10.86,26,40,1-2 (0-2),2014-15/cl.txt,185,abfaeddc2ee3d14f99ecc163c9ddb46cb4d67cef
UCL-2014-15-M-0102,UEFA Champions League,2014-15,2015-02-24,20:45,2015-02-24T20:45:00,Round of 16,round_of_16,5,,,1,0,0,ucl-juventus,ucl-borussia-dortmund,Juventus,Borussia Dortmund,Juventus,Borussia Dortmund,ITA,GER,2,1,2,1,2,1,,,Normal Time,H,3,1,1,1526.18,1557.47,33.71,22,35,2-1 (2-1),2014-15/cl.txt,186,abfaeddc2ee3d14f99ecc163c9ddb46cb4d67cef
UCL-2014-15-M-0103,UEFA Champions League,2014-15,2015-02-25,20:45,2015-02-25T20:45:00,Round of 16,round_of_16,5,,,1,0,0,ucl-bayer-leverkusen,ucl-atletico-madrid,Bayer Leverkusen,Atlético Madrid,Bayer Leverkusen,Atlético Madrid,GER,ESP,1,0,1,0,0,0,,,Normal Time,H,1,1,0,1500.66,1591.84,-26.19,22,19,1-0 (0-0),2014-15/cl.txt,188,abfaeddc2ee3d14f99ecc163c9ddb46cb4d67cef
UCL-2014-15-M-0104,UEFA Champions League,2014-15,2015-02-25,20:45,2015-02-25T20:45:00,Round of 16,round_of_16,5,,,1,0,0,ucl-arsenal-fc,ucl-as-monaco,Arsenal FC,AS Monaco,Arsenal FC,AS Monaco,ENG,FRA,1,3,1,3,0,1,,,Normal Time,A,4,-2,1,1550.12,1518.88,96.24,30,6,1-3 (0-1),2014-15/cl.txt,189,abfaeddc2ee3d14f99ecc163c9ddb46cb4d67cef
UCL-2014-15-M-0105,UEFA Champions League,2014-15,2015-03-10,20:45,2015-03-10T20:45:00,Round of 16,round_of_16,5,,,2,0,0,ucl-real-madrid,ucl-fc-schalke-04,Real Madrid,FC Schalke 04,Real Madrid,FC Schalke 04,ESP,GER,3,4,3,4,2,2,,,Normal Time,A,7,-1,1,1658.81,1500.14,223.68,44,23,3-4 (2-2),2014-15/cl.txt,191,abfaeddc2ee3d14f99ecc163c9ddb46cb4d67cef
UCL-2014-15-M-0106,UEFA Champions League,2014-15,2015-03-10,20:45,2015-03-10T20:45:00,Round of 16,round_of_16,5,,,2,0,0,ucl-fc-porto,ucl-fc-basel-1893,FC Porto,FC Basel 1893,FC Porto,FC Basel 1893,POR,SUI,4,0,4,0,1,0,,,Normal Time,H,4,4,0,1533.81,1505.08,93.73,27,21,4-0 (1-0),2014-15/cl.txt,192,abfaeddc2ee3d14f99ecc163c9ddb46cb4d67cef
UCL-2014-15-M-0107,UEFA Champions League,2014-15,2015-03-11,20:45,2015-03-11T20:45:00,Round of 16,round_of_16,5,,,2,0,0,ucl-chelsea-fc,ucl-paris-saint-germain,Chelsea FC,Paris Saint-Germain,Chelsea FC,Paris Saint-Germain,ENG,FRA,1,1,2,2,0,0,,,Extra Time,D,2,0,1,1577.53,1580.34,62.18,38,27,"2-2 a.e.t. (1-1, 0-0)",2014-15/cl.txt,194,abfaeddc2ee3d14f99ecc163c9ddb46cb4d67cef
UCL-2014-15-M-0108,UEFA Champions League,2014-15,2015-03-11,20:45,2015-03-11T20:45:00,Round of 16,round_of_16,5,,,2,0,0,ucl-bayern-munich,ucl-shakhtar-donetsk,Bayern Munich,Shakhtar Donetsk,Bayern München,Shakhtar Donetsk,GER,UKR,7,0,7,0,2,0,,,Normal Time,H,7,7,0,1605.86,1502.94,167.92,45,27,7-0 (2-0),2014-15/cl.txt,195,abfaeddc2ee3d14f99ecc163c9ddb46cb4d67cef
UCL-2014-15-M-0109,UEFA Champions League,2014-15,2015-03-17,20:45,2015-03-17T20:45:00,Round of 16,round_of_16,5,,,2,0,0,ucl-atletico-madrid,ucl-bayer-leverkusen,Atlético Madrid,Bayer Leverkusen,Atlético Madrid,Bayer Leverkusen,ESP,GER,1,0,1,0,1,0,3,2,Penalties,H,1,1,0,1581.09,1511.41,134.68,20,23,"3-2 pen. 1-0 a.e.t. (1-0, 1-0)",2014-15/cl.txt,197,abfaeddc2ee3d14f99ecc163c9ddb46cb4d67cef
UCL-2014-15-M-0110,UEFA Champions League,2014-15,2015-03-17,20:45,2015-03-17T20:45:00,Round of 16,round_of_16,5,,,2,0,0,ucl-as-monaco,ucl-arsenal-fc,AS Monaco,Arsenal FC,AS Monaco,Arsenal FC,FRA,ENG,0,2,0,2,0,1,,,Normal Time,A,2,-2,0,1531.58,1537.41,59.16,7,31,0-2 (0-1),2014-15/cl.txt,198,abfaeddc2ee3d14f99ecc163c9ddb46cb4d67cef
UCL-2014-15-M-0111,UEFA Champions League,2014-15,2015-03-18,20:45,2015-03-18T20:45:00,Round of 16,round_of_16,5,,,2,0,0,ucl-fc-barcelona,ucl-manchester-city,FC Barcelona,Manchester City,FC Barcelona,Manchester City,ESP,ENG,1,0,1,0,1,0,,,Normal Time,H,1,1,0,1597.65,1502.41,160.24,41,27,1-0 (1-0),2014-15/cl.txt,200,abfaeddc2ee3d14f99ecc163c9ddb46cb4d67cef
UCL-2014-15-M-0112,UEFA Champions League,2014-15,2015-03-18,20:45,2015-03-18T20:45:00,Round of 16,round_of_16,5,,,2,0,0,ucl-borussia-dortmund,ucl-juventus,Borussia Dortmund,Juventus,Borussia Dortmund,Juventus,GER,ITA,0,3,0,3,0,1,,,Normal Time,A,3,-3,0,1548.44,1535.21,78.22,36,23,0-3 (0-1),2014-15/cl.txt,201,abfaeddc2ee3d14f99ecc163c9ddb46cb4d67cef
UCL-2014-15-M-0113,UEFA Champions League,2014-15,2015-04-14,20:45,2015-04-14T20:45:00,Quarterfinals,quarterfinal,6,,,1,0,0,ucl-atletico-madrid,ucl-real-madrid,Atlético Madrid,Real Madrid,Atlético Madrid,Real Madrid,ESP,ESP,0,0,0,0,,,,,Normal Time,D,0,0,0,1587.4,1643.14,9.26,21,45,0-0,2014-15/cl.txt,206,abfaeddc2ee3d14f99ecc163c9ddb46cb4d67cef
UCL-2014-15-M-0114,UEFA Champions League,2014-15,2015-04-14,20:45,2015-04-14T20:45:00,Quarterfinals,quarterfinal,6,,,1,0,0,ucl-juventus,ucl-as-monaco,Juventus,AS Monaco,Juventus,AS Monaco,ITA,FRA,1,0,1,0,0,0,,,Normal Time,H,1,1,0,1547.43,1519.89,92.54,24,8,1-0 (0-0),2014-15/cl.txt,207,abfaeddc2ee3d14f99ecc163c9ddb46cb4d67cef
UCL-2014-15-M-0115,UEFA Champions League,2014-15,2015-04-15,20:45,2015-04-15T20:45:00,Quarterfinals,quarterfinal,6,,,1,0,0,ucl-paris-saint-germain,ucl-fc-barcelona,Paris Saint-Germain,FC Barcelona,Paris Saint-Germain,FC Barcelona,FRA,ESP,1,3,1,3,0,1,,,Normal Time,A,4,-2,1,1582.11,1603.34,43.77,28,42,1-3 (0-1),2014-15/cl.txt,209,abfaeddc2ee3d14f99ecc163c9ddb46cb4d67cef
UCL-2014-15-M-0116,UEFA Champions League,2014-15,2015-04-15,20:45,2015-04-15T20:45:00,Quarterfinals,quarterfinal,6,,,1,0,0,ucl-fc-porto,ucl-bayern-munich,FC Porto,Bayern Munich,FC Porto,Bayern München,POR,GER,3,1,3,1,2,1,,,Normal Time,H,4,2,1,1541.17,1611.37,-5.2,28,46,3-1 (2-1),2014-15/cl.txt,210,abfaeddc2ee3d14f99ecc163c9ddb46cb4d67cef
UCL-2014-15-M-0117,UEFA Champions League,2014-15,2015-04-21,20:45,2015-04-21T20:45:00,Quarterfinals,quarterfinal,6,,,2,0,0,ucl-fc-barcelona,ucl-paris-saint-germain,FC Barcelona,Paris Saint-Germain,FC Barcelona,Paris Saint-Germain,ESP,FRA,2,0,2,0,2,0,,,Normal Time,H,2,2,0,1614.59,1570.86,108.73,43,29,2-0 (2-0),2014-15/cl.txt,212,abfaeddc2ee3d14f99ecc163c9ddb46cb4d67cef
UCL-2014-15-M-0118,UEFA Champions League,2014-15,2015-04-21,20:45,2015-04-21T20:45:00,Quarterfinals,quarterfinal,6,,,2,0,0,ucl-bayern-munich,ucl-fc-porto,Bayern Munich,FC Porto,Bayern München,FC Porto,GER,POR,6,1,6,1,5,0,,,Normal Time,H,7,5,1,1601.22,1551.32,114.9,47,29,6-1 (5-0),2014-15/cl.txt,213,abfaeddc2ee3d14f99ecc163c9ddb46cb4d67cef
UCL-2014-15-M-0119,UEFA Champions League,2014-15,2015-04-22,20:45,2015-04-22T20:45:00,Quarterfinals,quarterfinal,6,,,2,0,0,ucl-real-madrid,ucl-atletico-madrid,Real Madrid,Atlético Madrid,Real Madrid,Atlético Madrid,ESP,ESP,1,0,1,0,0,0,,,Normal Time,H,1,1,0,1643.4,1587.13,121.27,46,22,1-0 (0-0),2014-15/cl.txt,215,abfaeddc2ee3d14f99ecc163c9ddb46cb4d67cef
UCL-2014-15-M-0120,UEFA Champions League,2014-15,2015-04-22,20:45,2015-04-22T20:45:00,Quarterfinals,quarterfinal,6,,,2,0,0,ucl-as-monaco,ucl-juventus,AS Monaco,Juventus,AS Monaco,Juventus,FRA,ITA,0,0,0,0,,,,,Normal Time,D,0,0,0,1512.49,1554.83,22.67,9,25,0-0,2014-15/cl.txt,216,abfaeddc2ee3d14f99ecc163c9ddb46cb4d67cef
UCL-2014-15-M-0121,UEFA Champions League,2014-15,2015-05-05,20:45,2015-05-05T20:45:00,Semifinals,semifinal,7,,,1,0,0,ucl-juventus,ucl-real-madrid,Juventus,Real Madrid,Juventus,Real Madrid,ITA,ESP,2,1,2,1,1,1,,,Normal Time,H,3,1,1,1555.48,1650.05,-29.57,26,47,2-1 (1-1),2014-15/cl.txt,221,abfaeddc2ee3d14f99ecc163c9ddb46cb4d67cef
UCL-2014-15-M-0122,UEFA Champions League,2014-15,2015-05-06,20:45,2015-05-06T20:45:00,Semifinals,semifinal,7,,,1,0,0,ucl-fc-barcelona,ucl-bayern-munich,FC Barcelona,Bayern Munich,FC Barcelona,Bayern München,ESP,GER,3,0,3,0,0,0,,,Normal Time,H,3,3,0,1621.56,1608.03,78.53,44,48,3-0 (0-0),2014-15/cl.txt,223,abfaeddc2ee3d14f99ecc163c9ddb46cb4d67cef
UCL-2014-15-M-0123,UEFA Champions League,2014-15,2015-05-12,20:45,2015-05-12T20:45:00,Semifinals,semifinal,7,,,2,0,0,ucl-bayern-munich,ucl-fc-barcelona,Bayern Munich,FC Barcelona,Bayern München,FC Barcelona,GER,ESP,3,2,3,2,1,2,,,Normal Time,H,5,1,1,1600.26,1629.34,35.92,49,45,3-2 (1-2),2014-15/cl.txt,225,abfaeddc2ee3d14f99ecc163c9ddb46cb4d67cef
UCL-2014-15-M-0124,UEFA Champions League,2014-15,2015-05-13,20:45,2015-05-13T20:45:00,Semifinals,semifinal,7,,,2,0,0,ucl-real-madrid,ucl-juventus,Real Madrid,Juventus,Real Madrid,Juventus,ESP,ITA,1,1,1,1,1,0,,,Normal Time,D,2,0,1,1639.2,1566.33,137.87,48,27,1-1 (1-0),2014-15/cl.txt,227,abfaeddc2ee3d14f99ecc163c9ddb46cb4d67cef
UCL-2014-15-M-0125,UEFA Champions League,2014-15,2015-06-06,20:45,2015-06-06T20:45:00,Final,final,8,,,single,0,1,ucl-juventus,ucl-fc-barcelona,Juventus,FC Barcelona,Juventus,FC Barcelona,ITA,ESP,1,3,1,3,0,1,,,Normal Time,A,4,-2,1,1570.1,1620.37,-50.27,28,46,1-3 (0-1),2014-15/cl.txt,232,abfaeddc2ee3d14f99ecc163c9ddb46cb4d67cef
UCL-2015-16-M-0001,UEFA Champions League,2015-16,2015-09-15,20:45,2015-09-15T20:45:00,Group A,group_stage,3,,A,not_applicable,0,0,ucl-real-madrid,ucl-shakhtar-donetsk,Real Madrid,Shakhtar Donetsk,Real Madrid,Shakhtar Donetsk,ESP,UKR,4,0,4,0,1,0,,,Normal Time,H,4,4,0,1615.11,1497.82,182.3,49,28,4-0 (1-0),2015-16/cl.txt,11,abfaeddc2ee3d14f99ecc163c9ddb46cb4d67cef
UCL-2015-16-M-0002,UEFA Champions League,2015-16,2015-09-15,20:45,2015-09-15T20:45:00,Group A,group_stage,3,,A,not_applicable,0,0,ucl-paris-saint-germain,ucl-malmo-ff,Paris Saint-Germain,Malmö FF,Paris Saint-Germain,Malmö FF,FRA,SWE,2,0,2,0,1,0,,,Normal Time,H,2,2,0,1554.31,1472.04,147.26,30,6,2-0 (1-0),2015-16/cl.txt,12,abfaeddc2ee3d14f99ecc163c9ddb46cb4d67cef
UCL-2015-16-M-0003,UEFA Champions League,2015-16,2015-09-15,20:45,2015-09-15T20:45:00,Group B,group_stage,3,,B,not_applicable,0,0,ucl-vfl-wolfsburg,ucl-cska-moskva,VfL Wolfsburg,CSKA Moskva,VfL Wolfsburg,CSKA Moskva,GER,RUS,1,0,1,0,1,0,,,Normal Time,H,1,1,0,1500.0,1464.68,100.32,0,20,1-0 (1-0),2015-16/cl.txt,32,abfaeddc2ee3d14f99ecc163c9ddb46cb4d67cef
UCL-2015-16-M-0004,UEFA Champions League,2015-16,2015-09-15,20:45,2015-09-15T20:45:00,Group B,group_stage,3,,B,not_applicable,0,0,ucl-psv-eindhoven,ucl-manchester-united,PSV Eindhoven,Manchester United,PSV Eindhoven,Manchester United,NED,ENG,2,1,2,1,1,1,,,Normal Time,H,3,1,1,1500.0,1528.58,36.42,0,24,2-1 (1-1),2015-16/cl.txt,33,abfaeddc2ee3d14f99ecc163c9ddb46cb4d67cef
UCL-2015-16-M-0005,UEFA Champions League,2015-16,2015-09-15,20:45,2015-09-15T20:45:00,Group C,group_stage,3,,C,not_applicable,0,0,ucl-benfica,ucl-fk-astana,Benfica,FK Astana,SL Benfica,FK Astana,POR,KAZ,2,0,2,0,0,0,,,Normal Time,H,2,2,0,1495.62,1500.0,60.62,28,0,2-0 (0-0),2015-16/cl.txt,53,abfaeddc2ee3d14f99ecc163c9ddb46cb4d67cef
UCL-2015-16-M-0006,UEFA Champions League,2015-16,2015-09-15,20:45,2015-09-15T20:45:00,Group C,group_stage,3,,C,not_applicable,0,0,ucl-galatasaray,ucl-atletico-madrid,Galatasaray,Atlético Madrid,Galatasaray,Atlético Madrid,TUR,ESP,0,2,0,2,0,2,,,Normal Time,A,2,-2,0,1465.82,1568.41,-37.6,24,23,0-2 (0-2),2015-16/cl.txt,54,abfaeddc2ee3d14f99ecc163c9ddb46cb4d67cef
UCL-2015-16-M-0007,UEFA Champions League,2015-16,2015-09-15,20:45,2015-09-15T20:45:00,Group D,group_stage,3,,D,not_applicable,0,0,ucl-sevilla-fc,ucl-bor-monchengladbach,Sevilla FC,Bor. Mönchengladbach,Sevilla FC,Bor. Mönchengladbach,ESP,GER,3,0,3,0,0,0,,,Normal Time,H,3,3,0,1500.0,1500.0,65.0,0,0,3-0 (0-0),2015-16/cl.txt,74,abfaeddc2ee3d14f99ecc163c9ddb46cb4d67cef
UCL-2015-16-M-0008,UEFA Champions League,2015-16,2015-09-15,20:45,2015-09-15T20:45:00,Group D,group_stage,3,,D,not_applicable,0,0,ucl-manchester-city,ucl-juventus,Manchester City,Juventus,Manchester City,Juventus,ENG,ITA,1,2,1,2,0,0,,,Normal Time,A,3,-1,1,1497.21,1552.31,9.91,28,29,1-2 (0-0),2015-16/cl.txt,75,abfaeddc2ee3d14f99ecc163c9ddb46cb4d67cef
UCL-2015-16-M-0009,UEFA Champions League,2015-16,2015-09-16,20:45,2015-09-16T20:45:00,Group E,group_stage,3,,E,not_applicable,0,0,ucl-as-roma,ucl-fc-barcelona,AS Roma,FC Barcelona,AS Roma,FC Barcelona,ITA,ESP,1,1,1,1,1,1,,,Normal Time,D,2,0,1,1486.08,1609.59,-58.51,6,47,1-1 (1-1),2015-16/cl.txt,95,abfaeddc2ee3d14f99ecc163c9ddb46cb4d67cef
UCL-2015-16-M-0010,UEFA Champions League,2015-16,2015-09-16,20:45,2015-09-16T20:45:00,Group E,group_stage,3,,E,not_applicable,0,0,ucl-bayer-leverkusen,ucl-bate-borisov,Bayer Leverkusen,BATE Borisov,Bayer Leverkusen,BATE Borisov,GER,BLR,4,1,4,1,1,1,,,Normal Time,H,5,3,1,1504.34,1444.02,125.32,24,18,4-1 (1-1),2015-16/cl.txt,96,abfaeddc2ee3d14f99ecc163c9ddb46cb4d67cef
UCL-2015-16-M-0011,UEFA Champions League,2015-16,2015-09-16,20:45,2015-09-16T20:45:00,Group F,group_stage,3,,F,not_applicable,0,0,ucl-olympiacos,ucl-bayern-munich,Olympiacos,Bayern Munich,Olympiakos Piraeus,Bayern München,GRE,GER,0,3,0,3,0,0,,,Normal Time,A,3,-3,0,1512.25,1592.84,-15.59,26,50,0-3 (0-0),2015-16/cl.txt,116,abfaeddc2ee3d14f99ecc163c9ddb46cb4d67cef
UCL-2015-16-M-0012,UEFA Champions League,2015-16,2015-09-16,20:45,2015-09-16T20:45:00,Group F,group_stage,3,,F,not_applicable,0,0,ucl-dinamo-zagreb,ucl-arsenal-fc,Dinamo Zagreb,Arsenal FC,Dinamo Zagreb,Arsenal FC,CRO,ENG,2,1,2,1,1,0,,,Normal Time,H,3,1,1,1447.29,1541.74,-29.45,12,32,2-1 (1-0),2015-16/cl.txt,117,abfaeddc2ee3d14f99ecc163c9ddb46cb4d67cef
UCL-2015-16-M-0013,UEFA Champions League,2015-16,2015-09-16,20:45,2015-09-16T20:45:00,Group G,group_stage,3,,G,not_applicable,0,0,ucl-dinamo-kiev,ucl-fc-porto,Dinamo Kiev,FC Porto,Dinamo Kiev,FC Porto,UKR,POR,2,2,2,2,1,1,,,Normal Time,D,4,0,1,1487.16,1537.84,14.32,6,30,2-2 (1-1),2015-16/cl.txt,137,abfaeddc2ee3d14f99ecc163c9ddb46cb4d67cef
UCL-2015-16-M-0014,UEFA Champions League,2015-16,2015-09-16,20:45,2015-09-16T20:45:00,Group G,group_stage,3,,G,not_applicable,0,0,ucl-chelsea-fc,ucl-maccabi-tel-aviv,Chelsea FC,Maccabi Tel Aviv,Chelsea FC,Maccabi Tel Aviv,ENG,ISR,4,0,4,0,2,0,,,Normal Time,H,4,4,0,1564.39,1500.0,129.39,39,0,4-0 (2-0),2015-16/cl.txt,138,abfaeddc2ee3d14f99ecc163c9ddb46cb4d67cef
UCL-2015-16-M-0015,UEFA Champions League,2015-16,2015-09-16,20:45,2015-09-16T20:45:00,Group H,group_stage,3,,H,not_applicable,0,0,ucl-valencia-cf,ucl-zenit-st-petersburg,Valencia CF,Zenit St. Petersburg,Valencia CF,Zenit St. Petersburg,ESP,RUS,2,3,2,3,0,2,,,Normal Time,A,5,-1,1,1512.38,1488.65,88.72,14,28,2-3 (0-2),2015-16/cl.txt,158,abfaeddc2ee3d14f99ecc163c9ddb46cb4d67cef
UCL-2015-16-M-0016,UEFA Champions League,2015-16,2015-09-16,20:45,2015-09-16T20:45:00,Group H,group_stage,3,,H,not_applicable,0,0,ucl-kaa-gent,ucl-olympique-lyonnais,KAA Gent,Olympique Lyonnais,KAA Gent,Olympique Lyonnais,BEL,FRA,1,1,1,1,0,0,,,Normal Time,D,2,0,1,1500.0,1500.06,64.94,0,8,1-1 (0-0),2015-16/cl.txt,159,abfaeddc2ee3d14f99ecc163c9ddb46cb4d67cef
UCL-2015-16-M-0017,UEFA Champions League,2015-16,2015-09-29,20:45,2015-09-29T20:45:00,Group E,group_stage,3,,E,not_applicable,0,0,ucl-fc-barcelona,ucl-bayer-leverkusen,FC Barcelona,Bayer Leverkusen,FC Barcelona,Bayer Leverkusen,ESP,GER,2,1,2,1,0,1,,,Normal Time,H,3,1,1,1607.92,1510.88,162.04,48,25,2-1 (0-1),2015-16/cl.txt,98,abfaeddc2ee3d14f99ecc163c9ddb46cb4d67cef
UCL-2015-16-M-0018,UEFA Champions League,2015-16,2015-09-29,20:45,2015-09-29T20:45:00,Group E,group_stage,3,,E,not_applicable,0,0,ucl-bate-borisov,ucl-as-roma,BATE Borisov,AS Roma,BATE Borisov,AS Roma,BLR,ITA,3,2,3,2,3,0,,,Normal Time,H,5,1,1,1437.48,1487.75,14.73,19,7,3-2 (3-0),2015-16/cl.txt,99,abfaeddc2ee3d14f99ecc163c9ddb46cb4d67cef
UCL-2015-16-M-0019,UEFA Champions League,2015-16,2015-09-29,20:45,2015-09-29T20:45:00,Group F,group_stage,3,,F,not_applicable,0,0,ucl-arsenal-fc,ucl-olympiacos,Arsenal FC,Olympiacos,Arsenal FC,Olympiakos Piraeus,ENG,GRE,2,3,2,3,1,2,,,Normal Time,A,5,-1,1,1530.89,1502.7,93.19,33,27,2-3 (1-2),2015-16/cl.txt,119,abfaeddc2ee3d14f99ecc163c9ddb46cb4d67cef
UCL-2015-16-M-0020,UEFA Champions League,2015-16,2015-09-29,20:45,2015-09-29T20:45:00,Group F,group_stage,3,,F,not_applicable,0,0,ucl-bayern-munich,ucl-dinamo-zagreb,Bayern Munich,Dinamo Zagreb,Bayern München,Dinamo Zagreb,GER,CRO,5,0,5,0,4,0,,,Normal Time,H,5,5,0,1602.39,1458.13,209.26,51,13,5-0 (4-0),2015-16/cl.txt,120,abfaeddc2ee3d14f99ecc163c9ddb46cb4d67cef
UCL-2015-16-M-0021,UEFA Champions League,2015-16,2015-09-29,20:45,2015-09-29T20:45:00,Group G,group_stage,3,,G,not_applicable,0,0,ucl-fc-porto,ucl-chelsea-fc,FC Porto,Chelsea FC,FC Porto,Chelsea FC,POR,ENG,2,1,2,1,1,1,,,Normal Time,H,3,1,1,1538.25,1570.83,32.42,31,40,2-1 (1-1),2015-16/cl.txt,140,abfaeddc2ee3d14f99ecc163c9ddb46cb4d67cef
UCL-2015-16-M-0022,UEFA Champions League,2015-16,2015-09-29,20:45,2015-09-29T20:45:00,Group G,group_stage,3,,G,not_applicable,0,0,ucl-maccabi-tel-aviv,ucl-dinamo-kiev,Maccabi Tel Aviv,Dinamo Kiev,Maccabi Tel Aviv,Dinamo Kiev,ISR,UKR,0,2,0,2,0,1,,,Normal Time,A,2,-2,0,1493.56,1486.75,71.81,1,7,0-2 (0-1),2015-16/cl.txt,141,abfaeddc2ee3d14f99ecc163c9ddb46cb4d67cef
UCL-2015-16-M-0023,UEFA Champions League,2015-16,2015-09-29,20:45,2015-09-29T20:45:00,Group H,group_stage,3,,H,not_applicable,0,0,ucl-olympique-lyonnais,ucl-valencia-cf,Olympique Lyonnais,Valencia CF,Olympique Lyonnais,Valencia CF,FRA,ESP,0,1,0,1,0,1,,,Normal Time,A,1,-1,0,1501.91,1499.88,67.03,9,15,0-1 (0-1),2015-16/cl.txt,161,abfaeddc2ee3d14f99ecc163c9ddb46cb4d67cef
UCL-2015-16-M-0024,UEFA Champions League,2015-16,2015-09-29,20:45,2015-09-29T20:45:00,Group H,group_stage,3,,H,not_applicable,0,0,ucl-zenit-st-petersburg,ucl-kaa-gent,Zenit St. Petersburg,KAA Gent,Zenit St. Petersburg,KAA Gent,RUS,BEL,2,1,2,1,1,0,,,Normal Time,H,3,1,1,1501.15,1498.15,68.0,29,1,2-1 (1-0),2015-16/cl.txt,162,abfaeddc2ee3d14f99ecc163c9ddb46cb4d67cef
UCL-2015-16-M-0025,UEFA Champions League,2015-16,2015-09-30,18:00,2015-09-30T18:00:00,Group C,group_stage,3,,C,not_applicable,0,0,ucl-fk-astana,ucl-galatasaray,FK Astana,Galatasaray,FK Astana,Galatasaray,KAZ,TUR,2,2,2,2,0,1,,,Normal Time,D,4,0,1,1491.73,1456.9,99.83,1,25,2-2 (0-1),2015-16/cl.txt,56,abfaeddc2ee3d14f99ecc163c9ddb46cb4d67cef
UCL-2015-16-M-0026,UEFA Champions League,2015-16,2015-09-30,20:45,2015-09-30T20:45:00,Group A,group_stage,3,,A,not_applicable,0,0,ucl-malmo-ff,ucl-real-madrid,Malmö FF,Real Madrid,Malmö FF,Real Madrid,SWE,ESP,0,2,0,2,0,1,,,Normal Time,A,2,-2,0,1466.05,1620.3,-89.25,7,50,0-2 (0-1),2015-16/cl.txt,14,abfaeddc2ee3d14f99ecc163c9ddb46cb4d67cef
UCL-2015-16-M-0027,UEFA Champions League,2015-16,2015-09-30,20:45,2015-09-30T20:45:00,Group A,group_stage,3,,A,not_applicable,0,0,ucl-shakhtar-donetsk,ucl-paris-saint-germain,Shakhtar Donetsk,Paris Saint-Germain,Shakhtar Donetsk,Paris Saint-Germain,UKR,FRA,0,3,0,3,0,2,,,Normal Time,A,3,-3,0,1492.63,1560.3,-2.68,29,31,0-3 (0-2),2015-16/cl.txt,15,abfaeddc2ee3d14f99ecc163c9ddb46cb4d67cef
UCL-2015-16-M-0028,UEFA Champions League,2015-16,2015-09-30,20:45,2015-09-30T20:45:00,Group B,group_stage,3,,B,not_applicable,0,0,ucl-cska-moskva,ucl-psv-eindhoven,CSKA Moskva,PSV Eindhoven,CSKA Moskva,PSV Eindhoven,RUS,NED,3,2,3,2,3,0,,,Normal Time,H,5,1,1,1457.49,1508.96,13.54,21,1,3-2 (3-0),2015-16/cl.txt,35,abfaeddc2ee3d14f99ecc163c9ddb46cb4d67cef
UCL-2015-16-M-0029,UEFA Champions League,2015-16,2015-09-30,20:45,2015-09-30T20:45:00,Group B,group_stage,3,,B,not_applicable,0,0,ucl-manchester-united,ucl-vfl-wolfsburg,Manchester United,VfL Wolfsburg,Manchester United,VfL Wolfsburg,ENG,GER,2,1,2,1,1,1,,,Normal Time,H,3,1,1,1519.63,1507.19,77.44,25,1,2-1 (1-1),2015-16/cl.txt,36,abfaeddc2ee3d14f99ecc163c9ddb46cb4d67cef
UCL-2015-16-M-0030,UEFA Champions League,2015-16,2015-09-30,20:45,2015-09-30T20:45:00,Group C,group_stage,3,,C,not_applicable,0,0,ucl-atletico-madrid,ucl-benfica,Atlético Madrid,Benfica,Atlético Madrid,SL Benfica,ESP,POR,1,2,1,2,1,1,,,Normal Time,A,3,-1,1,1577.34,1503.9,138.44,24,29,1-2 (1-1),2015-16/cl.txt,57,abfaeddc2ee3d14f99ecc163c9ddb46cb4d67cef
UCL-2015-16-M-0031,UEFA Champions League,2015-16,2015-09-30,20:45,2015-09-30T20:45:00,Group D,group_stage,3,,D,not_applicable,0,0,ucl-juventus,ucl-sevilla-fc,Juventus,Sevilla FC,Juventus,Sevilla FC,ITA,ESP,2,0,2,0,1,0,,,Normal Time,H,2,2,0,1562.59,1508.15,119.44,30,1,2-0 (1-0),2015-16/cl.txt,77,abfaeddc2ee3d14f99ecc163c9ddb46cb4d67cef
UCL-2015-16-M-0032,UEFA Champions League,2015-16,2015-09-30,20:45,2015-09-30T20:45:00,Group D,group_stage,3,,D,not_applicable,0,0,ucl-bor-monchengladbach,ucl-manchester-city,Bor. Mönchengladbach,Manchester City,Bor. Mönchengladbach,Manchester City,GER,ENG,1,2,1,2,0,0,,,Normal Time,A,3,-1,1,1491.85,1486.93,69.92,1,29,1-2 (0-0),2015-16/cl.txt,78,abfaeddc2ee3d14f99ecc163c9ddb46cb4d67cef
UCL-2015-16-M-0033,UEFA Champions League,2015-16,2015-10-20,20:45,2015-10-20T20:45:00,Group E,group_stage,3,,E,not_applicable,0,0,ucl-bate-borisov,ucl-fc-barcelona,BATE Borisov,FC Barcelona,BATE Borisov,FC Barcelona,BLR,ESP,0,2,0,2,0,0,,,Normal Time,A,2,-2,0,1447.06,1613.57,-101.51,20,49,0-2 (0-0),2015-16/cl.txt,101,abfaeddc2ee3d14f99ecc163c9ddb46cb4d67cef
UCL-2015-16-M-0034,UEFA Champions League,2015-16,2015-10-20,20:45,2015-10-20T20:45:00,Group E,group_stage,3,,E,not_applicable,0,0,ucl-bayer-leverkusen,ucl-as-roma,Bayer Leverkusen,AS Roma,Bayer Leverkusen,AS Roma,GER,ITA,4,4,4,4,2,2,,,Normal Time,D,8,0,1,1505.23,1478.18,92.06,26,8,4-4 (2-2),2015-16/cl.txt,102,abfaeddc2ee3d14f99ecc163c9ddb46cb4d67cef
UCL-2015-16-M-0035,UEFA Champions League,2015-16,2015-10-20,20:45,2015-10-20T20:45:00,Group F,group_stage,3,,F,not_applicable,0,0,ucl-arsenal-fc,ucl-bayern-munich,Arsenal FC,Bayern Munich,Arsenal FC,Bayern München,ENG,GER,2,0,2,0,0,0,,,Normal Time,H,2,2,0,1518.27,1607.01,-23.74,34,52,2-0 (0-0),2015-16/cl.txt,122,abfaeddc2ee3d14f99ecc163c9ddb46cb4d67cef
UCL-2015-16-M-0036,UEFA Champions League,2015-16,2015-10-20,20:45,2015-10-20T20:45:00,Group F,group_stage,3,,F,not_applicable,0,0,ucl-dinamo-zagreb,ucl-olympiacos,Dinamo Zagreb,Olympiacos,Dinamo Zagreb,Olympiakos Piraeus,CRO,GRE,0,1,0,1,0,0,,,Normal Time,A,1,-1,0,1453.52,1515.32,3.2,14,28,0-1 (0-0),2015-16/cl.txt,123,abfaeddc2ee3d14f99ecc163c9ddb46cb4d67cef
UCL-2015-16-M-0037,UEFA Champions League,2015-16,2015-10-20,20:45,2015-10-20T20:45:00,Group G,group_stage,3,,G,not_applicable,0,0,ucl-fc-porto,ucl-maccabi-tel-aviv,FC Porto,Maccabi Tel Aviv,FC Porto,Maccabi Tel Aviv,POR,ISR,2,0,2,0,2,0,,,Normal Time,H,2,2,0,1547.32,1481.52,130.8,32,2,2-0 (2-0),2015-16/cl.txt,143,abfaeddc2ee3d14f99ecc163c9ddb46cb4d67cef
UCL-2015-16-M-0038,UEFA Champions League,2015-16,2015-10-20,20:45,2015-10-20T20:45:00,Group G,group_stage,3,,G,not_applicable,0,0,ucl-dinamo-kiev,ucl-chelsea-fc,Dinamo Kiev,Chelsea FC,Dinamo Kiev,Chelsea FC,UKR,ENG,0,0,0,0,,,,,Normal Time,D,0,0,0,1498.79,1561.76,2.02,8,41,0-0,2015-16/cl.txt,144,abfaeddc2ee3d14f99ecc163c9ddb46cb4d67cef
UCL-2015-16-M-0039,UEFA Champions League,2015-16,2015-10-20,20:45,2015-10-20T20:45:00,Group H,group_stage,3,,H,not_applicable,0,0,ucl-valencia-cf,ucl-kaa-gent,Valencia CF,KAA Gent,Valencia CF,KAA Gent,ESP,BEL,2,1,2,1,1,1,,,Normal Time,H,3,1,1,1511.79,1490.09,86.7,16,2,2-1 (1-1),2015-16/cl.txt,164,abfaeddc2ee3d14f99ecc163c9ddb46cb4d67cef
UCL-2015-16-M-0040,UEFA Champions League,2015-16,2015-10-20,20:45,2015-10-20T20:45:00,Group H,group_stage,3,,H,not_applicable,0,0,ucl-zenit-st-petersburg,ucl-olympique-lyonnais,Zenit St. Petersburg,Olympique Lyonnais,Zenit St. Petersburg,Olympique Lyonnais,RUS,FRA,3,1,3,1,1,0,,,Normal Time,H,4,2,1,1509.22,1490.0,84.22,30,10,3-1 (1-0),2015-16/cl.txt,165,abfaeddc2ee3d14f99ecc163c9ddb46cb4d67cef
UCL-2015-16-M-0041,UEFA Champions League,2015-16,2015-10-21,20:45,2015-10-21T20:45:00,Group A,group_stage,3,,A,not_applicable,0,0,ucl-paris-saint-germain,ucl-real-madrid,Paris Saint-Germain,Real Madrid,Paris Saint-Germain,Real Madrid,FRA,ESP,0,0,0,0,,,,,Normal Time,D,0,0,0,1570.23,1627.79,7.44,32,51,0-0,2015-16/cl.txt,17,abfaeddc2ee3d14f99ecc163c9ddb46cb4d67cef
UCL-2015-16-M-0042,UEFA Champions League,2015-16,2015-10-21,20:45,2015-10-21T20:45:00,Group A,group_stage,3,,A,not_applicable,0,0,ucl-malmo-ff,ucl-shakhtar-donetsk,Malmö FF,Shakhtar Donetsk,Malmö FF,Shakhtar Donetsk,SWE,UKR,1,0,1,0,1,0,,,Normal Time,H,1,1,0,1458.56,1482.71,40.85,8,30,1-0 (1-0),2015-16/cl.txt,18,abfaeddc2ee3d14f99ecc163c9ddb46cb4d67cef
UCL-2015-16-M-0043,UEFA Champions League,2015-16,2015-10-21,20:45,2015-10-21T20:45:00,Group B,group_stage,3,,B,not_applicable,0,0,ucl-cska-moskva,ucl-manchester-united,CSKA Moskva,Manchester United,CSKA Moskva,Manchester United,RUS,ENG,1,1,1,1,1,0,,,Normal Time,D,2,0,1,1467.11,1527.44,4.67,22,26,1-1 (1-0),2015-16/cl.txt,38,abfaeddc2ee3d14f99ecc163c9ddb46cb4d67cef
UCL-2015-16-M-0044,UEFA Champions League,2015-16,2015-10-21,20:45,2015-10-21T20:45:00,Group B,group_stage,3,,B,not_applicable,0,0,ucl-vfl-wolfsburg,ucl-psv-eindhoven,VfL Wolfsburg,PSV Eindhoven,VfL Wolfsburg,PSV Eindhoven,GER,NED,2,0,2,0,0,0,,,Normal Time,H,2,2,0,1499.38,1499.35,65.04,2,2,2-0 (0-0),2015-16/cl.txt,39,abfaeddc2ee3d14f99ecc163c9ddb46cb4d67cef
UCL-2015-16-M-0045,UEFA Champions League,2015-16,2015-10-21,20:45,2015-10-21T20:45:00,Group C,group_stage,3,,C,not_applicable,0,0,ucl-galatasaray,ucl-benfica,Galatasaray,Benfica,Galatasaray,SL Benfica,TUR,POR,2,1,2,1,2,1,,,Normal Time,H,3,1,1,1459.69,1517.68,7.01,26,30,2-1 (2-1),2015-16/cl.txt,59,abfaeddc2ee3d14f99ecc163c9ddb46cb4d67cef
UCL-2015-16-M-0046,UEFA Champions League,2015-16,2015-10-21,20:45,2015-10-21T20:45:00,Group C,group_stage,3,,C,not_applicable,0,0,ucl-atletico-madrid,ucl-fk-astana,Atlético Madrid,FK Astana,Atlético Madrid,FK Astana,ESP,KAZ,4,0,4,0,2,0,,,Normal Time,H,4,4,0,1563.55,1488.93,139.62,25,2,4-0 (2-0),2015-16/cl.txt,60,abfaeddc2ee3d14f99ecc163c9ddb46cb4d67cef
UCL-2015-16-M-0047,UEFA Champions League,2015-16,2015-10-21,20:45,2015-10-21T20:45:00,Group D,group_stage,3,,D,not_applicable,0,0,ucl-manchester-city,ucl-sevilla-fc,Manchester City,Sevilla FC,Manchester City,Sevilla FC,ENG,ESP,2,1,2,1,1,1,,,Normal Time,H,3,1,1,1498.91,1501.46,62.46,30,2,2-1 (1-1),2015-16/cl.txt,80,abfaeddc2ee3d14f99ecc163c9ddb46cb4d67cef
UCL-2015-16-M-0048,UEFA Champions League,2015-16,2015-10-21,20:45,2015-10-21T20:45:00,Group D,group_stage,3,,D,not_applicable,0,0,ucl-juventus,ucl-bor-monchengladbach,Juventus,Bor. Mönchengladbach,Juventus,Bor. Mönchengladbach,ITA,GER,0,0,0,0,,,,,Normal Time,D,0,0,0,1569.28,1479.86,154.42,31,2,0-0,2015-16/cl.txt,81,abfaeddc2ee3d14f99ecc163c9ddb46cb4d67cef
UCL-2015-16-M-0049,UEFA Champions League,2015-16,2015-11-03,16:00,2015-11-03T16:00:00,Group C,group_stage,3,,C,not_applicable,0,0,ucl-fk-astana,ucl-atletico-madrid,FK Astana,Atlético Madrid,FK Astana,Atlético Madrid,KAZ,ESP,0,0,0,0,,,,,Normal Time,D,0,0,0,1482.75,1569.74,-21.99,3,26,0-0,2015-16/cl.txt,62,abfaeddc2ee3d14f99ecc163c9ddb46cb4d67cef
UCL-2015-16-M-0050,UEFA Champions League,2015-16,2015-11-03,20:45,2015-11-03T20:45:00,Group A,group_stage,3,,A,not_applicable,0,0,ucl-real-madrid,ucl-paris-saint-germain,Real Madrid,Paris Saint-Germain,Real Madrid,Paris Saint-Germain,ESP,FRA,1,0,1,0,1,0,,,Normal Time,H,1,1,0,1628.0,1570.01,122.99,52,33,1-0 (1-0),2015-16/cl.txt,20,abfaeddc2ee3d14f99ecc163c9ddb46cb4d67cef
UCL-2015-16-M-0051,UEFA Champions League,2015-16,2015-11-03,20:45,2015-11-03T20:45:00,Group A,group_stage,3,,A,not_applicable,0,0,ucl-shakhtar-donetsk,ucl-malmo-ff,Shakhtar Donetsk,Malmö FF,Shakhtar Donetsk,Malmö FF,UKR,SWE,4,0,4,0,1,0,,,Normal Time,H,4,4,0,1473.88,1467.39,71.49,31,9,4-0 (1-0),2015-16/cl.txt,21,abfaeddc2ee3d14f99ecc163c9ddb46cb4d67cef
UCL-2015-16-M-0052,UEFA Champions League,2015-16,2015-11-03,20:45,2015-11-03T20:45:00,Group B,group_stage,3,,B,not_applicable,0,0,ucl-psv-eindhoven,ucl-vfl-wolfsburg,PSV Eindhoven,VfL Wolfsburg,PSV Eindhoven,VfL Wolfsburg,NED,GER,2,0,2,0,0,0,,,Normal Time,H,2,2,0,1491.2,1507.53,48.66,3,3,2-0 (0-0),2015-16/cl.txt,41,abfaeddc2ee3d14f99ecc163c9ddb46cb4d67cef
UCL-2015-16-M-0053,UEFA Champions League,2015-16,2015-11-03,20:45,2015-11-03T20:45:00,Group B,group_stage,3,,B,not_applicable,0,0,ucl-manchester-united,ucl-cska-moskva,Manchester United,CSKA Moskva,Manchester United,CSKA Moskva,ENG,RUS,1,0,1,0,0,0,,,Normal Time,H,1,1,0,1527.57,1466.97,125.6,27,23,1-0 (0-0),2015-16/cl.txt,42,abfaeddc2ee3d14f99ecc163c9ddb46cb4d67cef
UCL-2015-16-M-0054,UEFA Champions League,2015-16,2015-11-03,20:45,2015-11-03T20:45:00,Group C,group_stage,3,,C,not_applicable,0,0,ucl-benfica,ucl-galatasaray,Benfica,Galatasaray,SL Benfica,Galatasaray,POR,TUR,2,1,2,1,0,0,,,Normal Time,H,3,1,1,1507.88,1469.49,103.39,31,27,2-1 (0-0),2015-16/cl.txt,63,abfaeddc2ee3d14f99ecc163c9ddb46cb4d67cef
UCL-2015-16-M-0055,UEFA Champions League,2015-16,2015-11-03,20:45,2015-11-03T20:45:00,Group D,group_stage,3,,D,not_applicable,0,0,ucl-bor-monchengladbach,ucl-juventus,Bor. Mönchengladbach,Juventus,Bor. Mönchengladbach,Juventus,GER,ITA,1,1,1,1,1,1,,,Normal Time,D,2,0,1,1484.04,1565.11,-16.07,3,32,1-1 (1-1),2015-16/cl.txt,83,abfaeddc2ee3d14f99ecc163c9ddb46cb4d67cef
UCL-2015-16-M-0056,UEFA Champions League,2015-16,2015-11-03,20:45,2015-11-03T20:45:00,Group D,group_stage,3,,D,not_applicable,0,0,ucl-sevilla-fc,ucl-manchester-city,Sevilla FC,Manchester City,Sevilla FC,Manchester City,ESP,ENG,1,3,1,3,1,3,,,Normal Time,A,4,-2,1,1493.24,1507.14,51.1,3,31,1-3 (1-3),2015-16/cl.txt,84,abfaeddc2ee3d14f99ecc163c9ddb46cb4d67cef
UCL-2015-16-M-0057,UEFA Champions League,2015-16,2015-11-04,20:45,2015-11-04T20:45:00,Group E,group_stage,3,,E,not_applicable,0,0,ucl-as-roma,ucl-bayer-leverkusen,AS Roma,Bayer Leverkusen,AS Roma,Bayer Leverkusen,ITA,GER,3,2,3,2,2,0,,,Normal Time,H,5,1,1,1480.76,1502.64,43.12,9,27,3-2 (2-0),2015-16/cl.txt,104,abfaeddc2ee3d14f99ecc163c9ddb46cb4d67cef
UCL-2015-16-M-0058,UEFA Champions League,2015-16,2015-11-04,20:45,2015-11-04T20:45:00,Group E,group_stage,3,,E,not_applicable,0,0,ucl-fc-barcelona,ucl-bate-borisov,FC Barcelona,BATE Borisov,FC Barcelona,BATE Borisov,ESP,BLR,3,0,3,0,1,0,,,Normal Time,H,3,3,0,1620.73,1439.9,245.83,50,21,3-0 (1-0),2015-16/cl.txt,105,abfaeddc2ee3d14f99ecc163c9ddb46cb4d67cef
UCL-2015-16-M-0059,UEFA Champions League,2015-16,2015-11-04,20:45,2015-11-04T20:45:00,Group F,group_stage,3,,F,not_applicable,0,0,ucl-bayern-munich,ucl-arsenal-fc,Bayern Munich,Arsenal FC,Bayern München,Arsenal FC,GER,ENG,5,1,5,1,3,0,,,Normal Time,H,6,4,1,1596.32,1528.95,132.37,53,35,5-1 (3-0),2015-16/cl.txt,125,abfaeddc2ee3d14f99ecc163c9ddb46cb4d67cef
UCL-2015-16-M-0060,UEFA Champions League,2015-16,2015-11-04,20:45,2015-11-04T20:45:00,Group F,group_stage,3,,F,not_applicable,0,0,ucl-olympiacos,ucl-dinamo-zagreb,Olympiacos,Dinamo Zagreb,Olympiakos Piraeus,Dinamo Zagreb,GRE,CRO,2,1,2,1,0,1,,,Normal Time,H,3,1,1,1525.41,1443.43,146.98,29,15,2-1 (0-1),2015-16/cl.txt,126,abfaeddc2ee3d14f99ecc163c9ddb46cb4d67cef
UCL-2015-16-M-0061,UEFA Champions League,2015-16,2015-11-04,20:45,2015-11-04T20:45:00,Group G,group_stage,3,,G,not_applicable,0,0,ucl-chelsea-fc,ucl-dinamo-kiev,Chelsea FC,Dinamo Kiev,Chelsea FC,Dinamo Kiev,ENG,UKR,2,1,2,1,1,0,,,Normal Time,H,3,1,1,1561.82,1498.73,128.09,42,9,2-1 (1-0),2015-16/cl.txt,146,abfaeddc2ee3d14f99ecc163c9ddb46cb4d67cef
UCL-2015-16-M-0062,UEFA Champions League,2015-16,2015-11-04,20:45,2015-11-04T20:45:00,Group G,group_stage,3,,G,not_applicable,0,0,ucl-maccabi-tel-aviv,ucl-fc-porto,Maccabi Tel Aviv,FC Porto,Maccabi Tel Aviv,FC Porto,ISR,POR,1,3,1,3,0,1,,,Normal Time,A,4,-2,1,1475.12,1553.72,-13.6,3,33,1-3 (0-1),2015-16/cl.txt,147,abfaeddc2ee3d14f99ecc163c9ddb46cb4d67cef
UCL-2015-16-M-0063,UEFA Champions League,2015-16,2015-11-04,20:45,2015-11-04T20:45:00,Group H,group_stage,3,,H,not_applicable,0,0,ucl-olympique-lyonnais,ucl-zenit-st-petersburg,Olympique Lyonnais,Zenit St. Petersburg,Olympique Lyonnais,Zenit St. Petersburg,FRA,RUS,0,2,0,2,0,1,,,Normal Time,A,2,-2,0,1482.38,1516.84,30.54,11,31,0-2 (0-1),2015-16/cl.txt,167,abfaeddc2ee3d14f99ecc163c9ddb46cb4d67cef
UCL-2015-16-M-0064,UEFA Champions League,2015-16,2015-11-04,20:45,2015-11-04T20:45:00,Group H,group_stage,3,,H,not_applicable,0,0,ucl-kaa-gent,ucl-valencia-cf,KAA Gent,Valencia CF,KAA Gent,Valencia CF,BEL,ESP,1,0,1,0,0,0,,,Normal Time,H,1,1,0,1482.53,1519.34,28.19,3,17,1-0 (0-0),2015-16/cl.txt,168,abfaeddc2ee3d14f99ecc163c9ddb46cb4d67cef
UCL-2015-16-M-0065,UEFA Champions League,2015-16,2015-11-24,18:00,2015-11-24T18:00:00,Group E,group_stage,3,,E,not_applicable,0,0,ucl-bate-borisov,ucl-bayer-leverkusen,BATE Borisov,Bayer Leverkusen,BATE Borisov,Bayer Leverkusen,BLR,GER,1,1,1,1,1,0,,,Normal Time,D,2,0,1,1435.99,1493.88,7.11,22,28,1-1 (1-0),2015-16/cl.txt,107,abfaeddc2ee3d14f99ecc163c9ddb46cb4d67cef
UCL-2015-16-M-0066,UEFA Champions League,2015-16,2015-11-24,18:00,2015-11-24T18:00:00,Group H,group_stage,3,,H,not_applicable,0,0,ucl-zenit-st-petersburg,ucl-valencia-cf,Zenit St. Petersburg,Valencia CF,Zenit St. Petersburg,Valencia CF,RUS,ESP,2,0,2,0,1,0,,,Normal Time,H,2,2,0,1527.72,1510.15,82.57,32,18,2-0 (1-0),2015-16/cl.txt,170,abfaeddc2ee3d14f99ecc163c9ddb46cb4d67cef
UCL-2015-16-M-0067,UEFA Champions League,2015-16,2015-11-24,20:45,2015-11-24T20:45:00,Group E,group_stage,3,,E,not_applicable,0,0,ucl-fc-barcelona,ucl-as-roma,FC Barcelona,AS Roma,FC Barcelona,AS Roma,ESP,ITA,6,1,6,1,3,0,,,Normal Time,H,7,5,1,1624.64,1489.53,200.11,51,10,6-1 (3-0),2015-16/cl.txt,108,abfaeddc2ee3d14f99ecc163c9ddb46cb4d67cef
UCL-2015-16-M-0068,UEFA Champions League,2015-16,2015-11-24,20:45,2015-11-24T20:45:00,Group F,group_stage,3,,F,not_applicable,0,0,ucl-bayern-munich,ucl-olympiacos,Bayern Munich,Olympiacos,Bayern München,Olympiakos Piraeus,GER,GRE,4,0,4,0,3,0,,,Normal Time,H,4,4,0,1602.69,1531.42,136.27,54,30,4-0 (3-0),2015-16/cl.txt,128,abfaeddc2ee3d14f99ecc163c9ddb46cb4d67cef
UCL-2015-16-M-0069,UEFA Champions League,2015-16,2015-11-24,20:45,2015-11-24T20:45:00,Group F,group_stage,3,,F,not_applicable,0,0,ucl-arsenal-fc,ucl-dinamo-zagreb,Arsenal FC,Dinamo Zagreb,Arsenal FC,Dinamo Zagreb,ENG,CRO,3,0,3,0,2,0,,,Normal Time,H,3,3,0,1522.59,1437.42,150.17,36,16,3-0 (2-0),2015-16/cl.txt,129,abfaeddc2ee3d14f99ecc163c9ddb46cb4d67cef
UCL-2015-16-M-0070,UEFA Champions League,2015-16,2015-11-24,20:45,2015-11-24T20:45:00,Group G,group_stage,3,,G,not_applicable,0,0,ucl-maccabi-tel-aviv,ucl-chelsea-fc,Maccabi Tel Aviv,Chelsea FC,Maccabi Tel Aviv,Chelsea FC,ISR,ENG,0,4,0,4,0,1,,,Normal Time,A,4,-4,0,1465.51,1568.29,-37.78,4,43,0-4 (0-1),2015-16/cl.txt,149,abfaeddc2ee3d14f99ecc163c9ddb46cb4d67cef
UCL-2015-16-M-0071,UEFA Champions League,2015-16,2015-11-24,20:45,2015-11-24T20:45:00,Group G,group_stage,3,,G,not_applicable,0,0,ucl-fc-porto,ucl-dinamo-kiev,FC Porto,Dinamo Kiev,FC Porto,Dinamo Kiev,POR,UKR,0,2,0,2,0,1,,,Normal Time,A,2,-2,0,1563.33,1492.26,136.08,34,10,0-2 (0-1),2015-16/cl.txt,150,abfaeddc2ee3d14f99ecc163c9ddb46cb4d67cef
UCL-2015-16-M-0072,UEFA Champions League,2015-16,2015-11-24,20:45,2015-11-24T20:45:00,Group H,group_stage,3,,H,not_applicable,0,0,ucl-olympique-lyonnais,ucl-kaa-gent,Olympique Lyonnais,KAA Gent,Olympique Lyonnais,KAA Gent,FRA,BEL,1,2,1,2,1,1,,,Normal Time,A,3,-1,1,1471.5,1491.72,44.78,12,4,1-2 (1-1),2015-16/cl.txt,171,abfaeddc2ee3d14f99ecc163c9ddb46cb4d67cef
UCL-2015-16-M-0073,UEFA Champions League,2015-16,2015-11-25,16:00,2015-11-25T16:00:00,Group C,group_stage,3,,C,not_applicable,0,0,ucl-fk-astana,ucl-benfica,FK Astana,Benfica,FK Astana,SL Benfica,KAZ,POR,2,2,2,2,2,1,,,Normal Time,D,4,0,1,1483.38,1514.99,33.38,4,32,2-2 (2-1),2015-16/cl.txt,65,abfaeddc2ee3d14f99ecc163c9ddb46cb4d67cef
UCL-2015-16-M-0074,UEFA Champions League,2015-16,2015-11-25,18:00,2015-11-25T18:00:00,Group B,group_stage,3,,B,not_applicable,0,0,ucl-cska-moskva,ucl-vfl-wolfsburg,CSKA Moskva,VfL Wolfsburg,CSKA Moskva,VfL Wolfsburg,RUS,GER,0,2,0,2,0,0,,,Normal Time,A,2,-2,0,1460.44,1498.92,26.51,24,4,0-2 (0-0),2015-16/cl.txt,44,abfaeddc2ee3d14f99ecc163c9ddb46cb4d67cef
UCL-2015-16-M-0075,UEFA Champions League,2015-16,2015-11-25,20:45,2015-11-25T20:45:00,Group A,group_stage,3,,A,not_applicable,0,0,ucl-malmo-ff,ucl-paris-saint-germain,Malmö FF,Paris Saint-Germain,Malmö FF,Paris Saint-Germain,SWE,FRA,0,5,0,5,0,2,,,Normal Time,A,5,-5,0,1459.42,1563.41,-38.99,10,34,0-5 (0-2),2015-16/cl.txt,23,abfaeddc2ee3d14f99ecc163c9ddb46cb4d67cef
UCL-2015-16-M-0076,UEFA Champions League,2015-16,2015-11-25,20:45,2015-11-25T20:45:00,Group A,group_stage,3,,A,not_applicable,0,0,ucl-shakhtar-donetsk,ucl-real-madrid,Shakhtar Donetsk,Real Madrid,Shakhtar Donetsk,Real Madrid,UKR,ESP,3,4,3,4,0,1,,,Normal Time,A,7,-1,1,1481.85,1634.6,-87.75,32,53,3-4 (0-1),2015-16/cl.txt,24,abfaeddc2ee3d14f99ecc163c9ddb46cb4d67cef
UCL-2015-16-M-0077,UEFA Champions League,2015-16,2015-11-25,20:45,2015-11-25T20:45:00,Group B,group_stage,3,,B,not_applicable,0,0,ucl-manchester-united,ucl-psv-eindhoven,Manchester United,PSV Eindhoven,Manchester United,PSV Eindhoven,ENG,NED,0,0,0,0,,,,,Normal Time,D,0,0,0,1534.1,1499.8,99.3,28,4,0-0,2015-16/cl.txt,45,abfaeddc2ee3d14f99ecc163c9ddb46cb4d67cef
UCL-2015-16-M-0078,UEFA Champions League,2015-16,2015-11-25,20:45,2015-11-25T20:45:00,Group C,group_stage,3,,C,not_applicable,0,0,ucl-atletico-madrid,ucl-galatasaray,Atlético Madrid,Galatasaray,Atlético Madrid,Galatasaray,ESP,TUR,2,0,2,0,1,0,,,Normal Time,H,2,2,0,1569.1,1462.38,171.72,27,28,2-0 (1-0),2015-16/cl.txt,66,abfaeddc2ee3d14f99ecc163c9ddb46cb4d67cef
UCL-2015-16-M-0079,UEFA Champions League,2015-16,2015-11-25,20:45,2015-11-25T20:45:00,Group D,group_stage,3,,D,not_applicable,0,0,ucl-juventus,ucl-manchester-city,Juventus,Manchester City,Juventus,Manchester City,ITA,ENG,1,0,1,0,1,0,,,Normal Time,H,1,1,0,1564.65,1518.6,111.05,33,32,1-0 (1-0),2015-16/cl.txt,86,abfaeddc2ee3d14f99ecc163c9ddb46cb4d67cef
UCL-2015-16-M-0080,UEFA Champions League,2015-16,2015-11-25,20:45,2015-11-25T20:45:00,Group D,group_stage,3,,D,not_applicable,0,0,ucl-bor-monchengladbach,ucl-sevilla-fc,Bor. Mönchengladbach,Sevilla FC,Bor. Mönchengladbach,Sevilla FC,GER,ESP,4,2,4,2,1,0,,,Normal Time,H,6,2,1,1484.5,1481.78,67.72,4,4,4-2 (1-0),2015-16/cl.txt,87,abfaeddc2ee3d14f99ecc163c9ddb46cb4d67cef
UCL-2015-16-M-0081,UEFA Champions League,2015-16,2015-12-08,20:45,2015-12-08T20:45:00,Group A,group_stage,3,,A,not_applicable,0,0,ucl-paris-saint-germain,ucl-shakhtar-donetsk,Paris Saint-Germain,Shakhtar Donetsk,Paris Saint-Germain,Shakhtar Donetsk,FRA,UKR,2,0,2,0,0,0,,,Normal Time,H,2,2,0,1572.29,1474.32,162.97,35,33,2-0 (0-0),2015-16/cl.txt,26,abfaeddc2ee3d14f99ecc163c9ddb46cb4d67cef
UCL-2015-16-M-0082,UEFA Champions League,2015-16,2015-12-08,20:45,2015-12-08T20:45:00,Group A,group_stage,3,,A,not_applicable,0,0,ucl-real-madrid,ucl-malmo-ff,Real Madrid,Malmö FF,Real Madrid,Malmö FF,ESP,SWE,8,0,8,0,3,0,,,Normal Time,H,8,8,0,1642.13,1450.54,256.59,54,11,8-0 (3-0),2015-16/cl.txt,27,abfaeddc2ee3d14f99ecc163c9ddb46cb4d67cef
UCL-2015-16-M-0083,UEFA Champions League,2015-16,2015-12-08,20:45,2015-12-08T20:45:00,Group B,group_stage,3,,B,not_applicable,0,0,ucl-vfl-wolfsburg,ucl-manchester-united,VfL Wolfsburg,Manchester United,VfL Wolfsburg,Manchester United,GER,ENG,3,2,3,2,2,1,,,Normal Time,H,5,1,1,1509.69,1531.32,43.36,5,29,3-2 (2-1),2015-16/cl.txt,47,abfaeddc2ee3d14f99ecc163c9ddb46cb4d67cef
UCL-2015-16-M-0084,UEFA Champions League,2015-16,2015-12-08,20:45,2015-12-08T20:45:00,Group B,group_stage,3,,B,not_applicable,0,0,ucl-psv-eindhoven,ucl-cska-moskva,PSV Eindhoven,CSKA Moskva,PSV Eindhoven,CSKA Moskva,NED,RUS,2,1,2,1,0,0,,,Normal Time,H,3,1,1,1502.59,1449.67,117.91,5,25,2-1 (0-0),2015-16/cl.txt,48,abfaeddc2ee3d14f99ecc163c9ddb46cb4d67cef
UCL-2015-16-M-0085,UEFA Champions League,2015-16,2015-12-08,20:45,2015-12-08T20:45:00,Group C,group_stage,3,,C,not_applicable,0,0,ucl-galatasaray,ucl-fk-astana,Galatasaray,FK Astana,Galatasaray,FK Astana,TUR,KAZ,1,1,1,1,0,0,,,Normal Time,D,2,0,1,1456.96,1482.42,39.54,29,5,1-1 (0-0),2015-16/cl.txt,68,abfaeddc2ee3d14f99ecc163c9ddb46cb4d67cef
UCL-2015-16-M-0086,UEFA Champions League,2015-16,2015-12-08,20:45,2015-12-08T20:45:00,Group C,group_stage,3,,C,not_applicable,0,0,ucl-benfica,ucl-atletico-madrid,Benfica,Atlético Madrid,SL Benfica,Atlético Madrid,POR,ESP,1,2,1,2,0,1,,,Normal Time,A,3,-1,1,1515.95,1574.53,6.42,33,28,1-2 (0-1),2015-16/cl.txt,69,abfaeddc2ee3d14f99ecc163c9ddb46cb4d67cef
UCL-2015-16-M-0087,UEFA Champions League,2015-16,2015-12-08,20:45,2015-12-08T20:45:00,Group D,group_stage,3,,D,not_applicable,0,0,ucl-manchester-city,ucl-bor-monchengladbach,Manchester City,Bor. Mönchengladbach,Manchester City,Bor. Mönchengladbach,ENG,GER,4,2,4,2,1,2,,,Normal Time,H,6,2,1,1511.69,1492.57,84.11,33,5,4-2 (1-2),2015-16/cl.txt,89,abfaeddc2ee3d14f99ecc163c9ddb46cb4d67cef
UCL-2015-16-M-0088,UEFA Champions League,2015-16,2015-12-08,20:45,2015-12-08T20:45:00,Group D,group_stage,3,,D,not_applicable,0,0,ucl-sevilla-fc,ucl-juventus,Sevilla FC,Juventus,Sevilla FC,Juventus,ESP,ITA,1,0,1,0,0,0,,,Normal Time,H,1,1,0,1473.7,1571.55,-32.85,5,34,1-0 (0-0),2015-16/cl.txt,90,abfaeddc2ee3d14f99ecc163c9ddb46cb4d67cef
UCL-2015-16-M-0089,UEFA Champions League,2015-16,2015-12-09,20:45,2015-12-09T20:45:00,Group E,group_stage,3,,E,not_applicable,0,0,ucl-bayer-leverkusen,ucl-fc-barcelona,Bayer Leverkusen,FC Barcelona,Bayer Leverkusen,FC Barcelona,GER,ESP,1,1,1,1,1,1,,,Normal Time,D,2,0,1,1494.08,1629.44,-70.36,29,52,1-1 (1-1),2015-16/cl.txt,110,abfaeddc2ee3d14f99ecc163c9ddb46cb4d67cef
UCL-2015-16-M-0090,UEFA Champions League,2015-16,2015-12-09,20:45,2015-12-09T20:45:00,Group E,group_stage,3,,E,not_applicable,0,0,ucl-as-roma,ucl-bate-borisov,AS Roma,BATE Borisov,AS Roma,BATE Borisov,ITA,BLR,0,0,0,0,,,,,Normal Time,D,0,0,0,1484.73,1435.79,113.94,11,23,0-0,2015-16/cl.txt,111,abfaeddc2ee3d14f99ecc163c9ddb46cb4d67cef
UCL-2015-16-M-0091,UEFA Champions League,2015-16,2015-12-09,20:45,2015-12-09T20:45:00,Group F,group_stage,3,,F,not_applicable,0,0,ucl-dinamo-zagreb,ucl-bayern-munich,Dinamo Zagreb,Bayern Munich,Dinamo Zagreb,Bayern München,CRO,GER,0,2,0,2,0,0,,,Normal Time,A,2,-2,0,1431.49,1608.96,-112.46,17,55,0-2 (0-0),2015-16/cl.txt,131,abfaeddc2ee3d14f99ecc163c9ddb46cb4d67cef
UCL-2015-16-M-0092,UEFA Champions League,2015-16,2015-12-09,20:45,2015-12-09T20:45:00,Group F,group_stage,3,,F,not_applicable,0,0,ucl-olympiacos,ucl-arsenal-fc,Olympiacos,Arsenal FC,Olympiakos Piraeus,Arsenal FC,GRE,ENG,0,3,0,3,0,1,,,Normal Time,A,3,-3,0,1525.15,1528.52,61.63,31,37,0-3 (0-1),2015-16/cl.txt,132,abfaeddc2ee3d14f99ecc163c9ddb46cb4d67cef
UCL-2015-16-M-0093,UEFA Champions League,2015-16,2015-12-09,20:45,2015-12-09T20:45:00,Group G,group_stage,3,,G,not_applicable,0,0,ucl-chelsea-fc,ucl-fc-porto,Chelsea FC,FC Porto,Chelsea FC,FC Porto,ENG,POR,2,0,2,0,1,0,,,Normal Time,H,2,2,0,1577.21,1549.6,92.6,44,35,2-0 (1-0),2015-16/cl.txt,152,abfaeddc2ee3d14f99ecc163c9ddb46cb4d67cef
UCL-2015-16-M-0094,UEFA Champions League,2015-16,2015-12-09,20:45,2015-12-09T20:45:00,Group G,group_stage,3,,G,not_applicable,0,0,ucl-dinamo-kiev,ucl-maccabi-tel-aviv,Dinamo Kiev,Maccabi Tel Aviv,Dinamo Kiev,Maccabi Tel Aviv,UKR,ISR,1,0,1,0,1,0,,,Normal Time,H,1,1,0,1505.98,1456.59,114.39,11,5,1-0 (1-0),2015-16/cl.txt,153,abfaeddc2ee3d14f99ecc163c9ddb46cb4d67cef
UCL-2015-16-M-0095,UEFA Champions League,2015-16,2015-12-09,20:45,2015-12-09T20:45:00,Group H,group_stage,3,,H,not_applicable,0,0,ucl-valencia-cf,ucl-olympique-lyonnais,Valencia CF,Olympique Lyonnais,Valencia CF,Olympique Lyonnais,ESP,FRA,0,2,0,2,0,1,,,Normal Time,A,2,-2,0,1502.48,1460.22,107.26,19,13,0-2 (0-1),2015-16/cl.txt,173,abfaeddc2ee3d14f99ecc163c9ddb46cb4d67cef
UCL-2015-16-M-0096,UEFA Champions League,2015-16,2015-12-09,20:45,2015-12-09T20:45:00,Group H,group_stage,3,,H,not_applicable,0,0,ucl-kaa-gent,ucl-zenit-st-petersburg,KAA Gent,Zenit St. Petersburg,KAA Gent,Zenit St. Petersburg,BEL,RUS,2,1,2,1,1,0,,,Normal Time,H,3,1,1,1503.0,1535.39,32.61,5,33,2-1 (1-0),2015-16/cl.txt,174,abfaeddc2ee3d14f99ecc163c9ddb46cb4d67cef
UCL-2015-16-M-0097,UEFA Champions League,2015-16,2016-02-16,20:45,2016-02-16T20:45:00,Round of 16,round_of_16,5,,,1,0,0,ucl-paris-saint-germain,ucl-chelsea-fc,Paris Saint-Germain,Chelsea FC,Paris Saint-Germain,Chelsea FC,FRA,ENG,2,1,2,1,1,1,,,Normal Time,H,3,1,1,1577.92,1584.6,58.32,36,45,2-1 (1-1),2015-16/cl.txt,179,abfaeddc2ee3d14f99ecc163c9ddb46cb4d67cef
UCL-2015-16-M-0098,UEFA Champions League,2015-16,2016-02-16,20:45,2016-02-16T20:45:00,Round of 16,round_of_16,5,,,1,0,0,ucl-benfica,ucl-zenit-st-petersburg,Benfica,Zenit St. Petersburg,SL Benfica,Zenit St. Petersburg,POR,RUS,1,0,1,0,0,0,,,Normal Time,H,1,1,0,1505.77,1526.32,44.44,34,34,1-0 (0-0),2015-16/cl.txt,180,abfaeddc2ee3d14f99ecc163c9ddb46cb4d67cef
UCL-2015-16-M-0099,UEFA Champions League,2015-16,2016-02-17,20:45,2016-02-17T20:45:00,Round of 16,round_of_16,5,,,1,0,0,ucl-kaa-gent,ucl-vfl-wolfsburg,KAA Gent,VfL Wolfsburg,KAA Gent,VfL Wolfsburg,BEL,GER,2,3,2,3,0,1,,,Normal Time,A,5,-1,1,1512.07,1518.44,58.62,6,6,2-3 (0-1),2015-16/cl.txt,182,abfaeddc2ee3d14f99ecc163c9ddb46cb4d67cef
UCL-2015-16-M-0100,UEFA Champions League,2015-16,2016-02-17,20:45,2016-02-17T20:45:00,Round of 16,round_of_16,5,,,1,0,0,ucl-as-roma,ucl-real-madrid,AS Roma,Real Madrid,AS Roma,Real Madrid,ITA,ESP,0,2,0,2,0,0,,,Normal Time,A,2,-2,0,1481.56,1645.85,-99.28,12,55,0-2 (0-0),2015-16/cl.txt,183,abfaeddc2ee3d14f99ecc163c9ddb46cb4d67cef
UCL-2015-16-M-0101,UEFA Champions League,2015-16,2016-02-23,20:45,2016-02-23T20:45:00,Round of 16,round_of_16,5,,,1,0,0,ucl-arsenal-fc,ucl-fc-barcelona,Arsenal FC,FC Barcelona,Arsenal FC,FC Barcelona,ENG,ESP,0,2,0,2,0,0,,,Normal Time,A,2,-2,0,1540.27,1627.44,-22.17,38,53,0-2 (0-0),2015-16/cl.txt,185,abfaeddc2ee3d14f99ecc163c9ddb46cb4d67cef
UCL-2015-16-M-0102,UEFA Champions League,2015-16,2016-02-23,20:45,2016-02-23T20:45:00,Round of 16,round_of_16,5,,,1,0,0,ucl-juventus,ucl-bayern-munich,Juventus,Bayern Munich,Juventus,Bayern München,ITA,GER,2,2,2,2,0,1,,,Normal Time,D,4,0,1,1560.61,1615.83,9.78,35,56,2-2 (0-1),2015-16/cl.txt,186,abfaeddc2ee3d14f99ecc163c9ddb46cb4d67cef
UCL-2015-16-M-0103,UEFA Champions League,2015-16,2016-02-24,20:45,2016-02-24T20:45:00,Round of 16,round_of_16,5,,,1,0,0,ucl-psv-eindhoven,ucl-atletico-madrid,PSV Eindhoven,Atlético Madrid,PSV Eindhoven,Atlético Madrid,NED,ESP,0,0,0,0,,,,,Normal Time,D,0,0,0,1509.32,1584.71,-10.39,6,29,0-0,2015-16/cl.txt,188,abfaeddc2ee3d14f99ecc163c9ddb46cb4d67cef
UCL-2015-16-M-0104,UEFA Champions League,2015-16,2016-02-24,20:45,2016-02-24T20:45:00,Round of 16,round_of_16,5,,,1,0,0,ucl-dinamo-kiev,ucl-manchester-city,Dinamo Kiev,Manchester City,Dinamo Kiev,Manchester City,UKR,ENG,1,3,1,3,0,2,,,Normal Time,A,4,-2,1,1512.81,1519.31,58.49,12,34,1-3 (0-2),2015-16/cl.txt,189,abfaeddc2ee3d14f99ecc163c9ddb46cb4d67cef
UCL-2015-16-M-0105,UEFA Champions League,2015-16,2016-03-08,20:45,2016-03-08T20:45:00,Round of 16,round_of_16,5,,,2,0,0,ucl-vfl-wolfsburg,ucl-kaa-gent,VfL Wolfsburg,KAA Gent,VfL Wolfsburg,KAA Gent,GER,BEL,1,0,1,0,0,0,,,Normal Time,H,1,1,0,1530.12,1500.39,94.72,7,7,1-0 (0-0),2015-16/cl.txt,191,abfaeddc2ee3d14f99ecc163c9ddb46cb4d67cef
UCL-2015-16-M-0106,UEFA Champions League,2015-16,2016-03-08,20:45,2016-03-08T20:45:00,Round of 16,round_of_16,5,,,2,0,0,ucl-real-madrid,ucl-as-roma,Real Madrid,AS Roma,Real Madrid,AS Roma,ESP,ITA,2,0,2,0,0,0,,,Normal Time,H,2,2,0,1653.06,1474.34,243.72,56,13,2-0 (0-0),2015-16/cl.txt,192,abfaeddc2ee3d14f99ecc163c9ddb46cb4d67cef
UCL-2015-16-M-0107,UEFA Champions League,2015-16,2016-03-09,18:00,2016-03-09T18:00:00,Round of 16,round_of_16,5,,,2,0,0,ucl-zenit-st-petersburg,ucl-benfica,Zenit St. Petersburg,Benfica,Zenit St. Petersburg,SL Benfica,RUS,POR,1,2,1,2,0,0,,,Normal Time,A,3,-1,1,1517.6,1514.49,68.1,35,35,1-2 (0-0),2015-16/cl.txt,194,abfaeddc2ee3d14f99ecc163c9ddb46cb4d67cef
UCL-2015-16-M-0108,UEFA Champions League,2015-16,2016-03-09,20:45,2016-03-09T20:45:00,Round of 16,round_of_16,5,,,2,0,0,ucl-chelsea-fc,ucl-paris-saint-germain,Chelsea FC,Paris Saint-Germain,Chelsea FC,Paris Saint-Germain,ENG,FRA,1,2,1,2,1,1,,,Normal Time,A,3,-1,1,1576.27,1586.26,55.01,46,37,1-2 (1-1),2015-16/cl.txt,195,abfaeddc2ee3d14f99ecc163c9ddb46cb4d67cef
UCL-2015-16-M-0109,UEFA Champions League,2015-16,2016-03-15,20:45,2016-03-15T20:45:00,Round of 16,round_of_16,5,,,2,0,0,ucl-atletico-madrid,ucl-psv-eindhoven,Atlético Madrid,PSV Eindhoven,Atlético Madrid,PSV Eindhoven,ESP,NED,0,0,0,0,,,8,7,Penalties,D,0,0,0,1584.41,1509.62,139.8,30,7,8-7 pen. 0-0 a.e.t. (0-0),2015-16/cl.txt,197,abfaeddc2ee3d14f99ecc163c9ddb46cb4d67cef
UCL-2015-16-M-0110,UEFA Champions League,2015-16,2016-03-15,20:45,2016-03-15T20:45:00,Round of 16,round_of_16,5,,,2,0,0,ucl-manchester-city,ucl-dinamo-kiev,Manchester City,Dinamo Kiev,Manchester City,Dinamo Kiev,ENG,UKR,0,0,0,0,,,,,Normal Time,D,0,0,0,1530.98,1501.14,94.84,35,13,0-0,2015-16/cl.txt,198,abfaeddc2ee3d14f99ecc163c9ddb46cb4d67cef
UCL-2015-16-M-0111,UEFA Champions League,2015-16,2016-03-16,20:45,2016-03-16T20:45:00,Round of 16,round_of_16,5,,,2,0,0,ucl-fc-barcelona,ucl-arsenal-fc,FC Barcelona,Arsenal FC,FC Barcelona,Arsenal FC,ESP,ENG,3,1,3,1,1,0,,,Normal Time,H,4,2,1,1636.8,1530.91,170.9,54,39,3-1 (1-0),2015-16/cl.txt,200,abfaeddc2ee3d14f99ecc163c9ddb46cb4d67cef
UCL-2015-16-M-0112,UEFA Champions League,2015-16,2016-03-16,20:45,2016-03-16T20:45:00,Round of 16,round_of_16,5,,,2,0,0,ucl-bayern-munich,ucl-juventus,Bayern Munich,Juventus,Bayern München,Juventus,GER,ITA,2,2,4,2,0,2,,,Extra Time,D,4,0,1,1616.11,1560.33,120.78,57,36,"4-2 a.e.t. (2-2, 0-2)",2015-16/cl.txt,201,abfaeddc2ee3d14f99ecc163c9ddb46cb4d67cef
UCL-2015-16-M-0113,UEFA Champions League,2015-16,2016-04-05,20:45,2016-04-05T20:45:00,Quarterfinals,quarterfinal,6,,,1,0,0,ucl-bayern-munich,ucl-benfica,Bayern Munich,Benfica,Bayern München,SL Benfica,GER,POR,1,0,1,0,1,0,,,Normal Time,H,1,1,0,1612.77,1526.43,151.34,58,36,1-0 (1-0),2015-16/cl.txt,206,abfaeddc2ee3d14f99ecc163c9ddb46cb4d67cef
UCL-2015-16-M-0114,UEFA Champions League,2015-16,2016-04-05,20:45,2016-04-05T20:45:00,Quarterfinals,quarterfinal,6,,,1,0,0,ucl-fc-barcelona,ucl-atletico-madrid,FC Barcelona,Atlético Madrid,FC Barcelona,Atlético Madrid,ESP,ESP,2,1,2,1,0,1,,,Normal Time,H,3,1,1,1642.25,1580.59,126.65,55,31,2-1 (0-1),2015-16/cl.txt,207,abfaeddc2ee3d14f99ecc163c9ddb46cb4d67cef
UCL-2015-16-M-0115,UEFA Champions League,2015-16,2016-04-06,20:45,2016-04-06T20:45:00,Quarterfinals,quarterfinal,6,,,1,0,0,ucl-vfl-wolfsburg,ucl-real-madrid,VfL Wolfsburg,Real Madrid,VfL Wolfsburg,Real Madrid,GER,ESP,2,0,2,0,2,0,,,Normal Time,H,2,2,0,1537.45,1657.01,-54.55,8,57,2-0 (2-0),2015-16/cl.txt,209,abfaeddc2ee3d14f99ecc163c9ddb46cb4d67cef
UCL-2015-16-M-0116,UEFA Champions League,2015-16,2016-04-06,20:45,2016-04-06T20:45:00,Quarterfinals,quarterfinal,6,,,1,0,0,ucl-paris-saint-germain,ucl-manchester-city,Paris Saint-Germain,Manchester City,Paris Saint-Germain,Manchester City,FRA,ENG,2,2,2,2,1,1,,,Normal Time,D,4,0,1,1597.83,1528.32,134.51,38,36,2-2 (1-1),2015-16/cl.txt,210,abfaeddc2ee3d14f99ecc163c9ddb46cb4d67cef
UCL-2015-16-M-0117,UEFA Champions League,2015-16,2016-04-12,20:45,2016-04-12T20:45:00,Quarterfinals,quarterfinal,6,,,2,0,0,ucl-real-madrid,ucl-vfl-wolfsburg,Real Madrid,VfL Wolfsburg,Real Madrid,VfL Wolfsburg,ESP,GER,3,0,3,0,2,0,,,Normal Time,H,3,3,0,1645.45,1549.01,161.44,58,9,3-0 (2-0),2015-16/cl.txt,212,abfaeddc2ee3d14f99ecc163c9ddb46cb4d67cef
UCL-2015-16-M-0118,UEFA Champions League,2015-16,2016-04-12,20:45,2016-04-12T20:45:00,Quarterfinals,quarterfinal,6,,,2,0,0,ucl-manchester-city,ucl-paris-saint-germain,Manchester City,Paris Saint-Germain,Manchester City,Paris Saint-Germain,ENG,FRA,1,0,1,0,0,0,,,Normal Time,H,1,1,0,1532.01,1594.14,2.87,37,39,1-0 (0-0),2015-16/cl.txt,213,abfaeddc2ee3d14f99ecc163c9ddb46cb4d67cef
UCL-2015-16-M-0119,UEFA Champions League,2015-16,2016-04-13,20:45,2016-04-13T20:45:00,Quarterfinals,quarterfinal,6,,,2,0,0,ucl-benfica,ucl-bayern-munich,Benfica,Bayern Munich,SL Benfica,Bayern München,POR,GER,2,2,2,2,1,1,,,Normal Time,D,4,0,1,1520.53,1618.67,-33.14,37,59,2-2 (1-1),2015-16/cl.txt,215,abfaeddc2ee3d14f99ecc163c9ddb46cb4d67cef
UCL-2015-16-M-0120,UEFA Champions League,2015-16,2016-04-13,20:45,2016-04-13T20:45:00,Quarterfinals,quarterfinal,6,,,2,0,0,ucl-atletico-madrid,ucl-fc-barcelona,Atlético Madrid,FC Barcelona,Atlético Madrid,FC Barcelona,ESP,ESP,2,0,2,0,1,0,,,Normal Time,H,2,2,0,1574.09,1648.76,-9.67,32,56,2-0 (1-0),2015-16/cl.txt,216,abfaeddc2ee3d14f99ecc163c9ddb46cb4d67cef
UCL-2015-16-M-0121,UEFA Champions League,2015-16,2016-04-26,20:45,2016-04-26T20:45:00,Semifinals,semifinal,7,,,1,0,0,ucl-manchester-city,ucl-real-madrid,Manchester City,Real Madrid,Manchester City,Real Madrid,ENG,ESP,0,0,0,0,,,,,Normal Time,D,0,0,0,1541.92,1651.11,-44.19,38,59,0-0,2015-16/cl.txt,221,abfaeddc2ee3d14f99ecc163c9ddb46cb4d67cef
UCL-2015-16-M-0122,UEFA Champions League,2015-16,2016-04-27,20:45,2016-04-27T20:45:00,Semifinals,semifinal,7,,,1,0,0,ucl-atletico-madrid,ucl-bayern-munich,Atlético Madrid,Bayern Munich,Atlético Madrid,Bayern München,ESP,GER,1,0,1,0,1,0,,,Normal Time,H,1,1,0,1584.36,1617.72,31.65,33,60,1-0 (1-0),2015-16/cl.txt,223,abfaeddc2ee3d14f99ecc163c9ddb46cb4d67cef
UCL-2015-16-M-0123,UEFA Champions League,2015-16,2016-05-03,20:45,2016-05-03T20:45:00,Semifinals,semifinal,7,,,2,0,0,ucl-bayern-munich,ucl-atletico-madrid,Bayern Munich,Atlético Madrid,Bayern München,Atlético Madrid,GER,ESP,2,1,2,1,1,0,,,Normal Time,H,3,1,1,1608.62,1593.46,80.17,61,34,2-1 (1-0),2015-16/cl.txt,225,abfaeddc2ee3d14f99ecc163c9ddb46cb4d67cef
UCL-2015-16-M-0124,UEFA Champions League,2015-16,2016-05-04,20:45,2016-05-04T20:45:00,Semifinals,semifinal,7,,,2,0,0,ucl-real-madrid,ucl-manchester-city,Real Madrid,Manchester City,Real Madrid,Manchester City,ESP,ENG,1,0,1,0,1,0,,,Normal Time,H,1,1,0,1649.85,1543.19,171.66,60,39,1-0 (1-0),2015-16/cl.txt,227,abfaeddc2ee3d14f99ecc163c9ddb46cb4d67cef
UCL-2015-16-M-0125,UEFA Champions League,2015-16,2016-05-28,20:45,2016-05-28T20:45:00,Final,final,8,,,single,0,1,ucl-real-madrid,ucl-atletico-madrid,Real Madrid,Atlético Madrid,Real Madrid,Atlético Madrid,ESP,ESP,1,1,1,1,1,0,5,3,Penalties,D,2,0,1,1655.27,1585.72,69.55,61,35,"5-3 pen. 1-1 a.e.t. (1-1, 1-0)",2015-16/cl.txt,232,abfaeddc2ee3d14f99ecc163c9ddb46cb4d67cef
UCL-2016-17-M-0001,UEFA Champions League,2016-17,2016-09-13,20:45,2016-09-13T20:45:00,Group A,group_stage,3,,A,not_applicable,0,0,ucl-fc-basel-1893,ucl-pfc-ludogorets-razgrad,FC Basel 1893,PFC Ludogorets Razgrad,FC Basel 1893,PFC Ludogorets Razgrad,SUI,BUL,1,1,1,1,0,1,,,Normal Time,D,2,0,1,1498.35,1484.66,78.68,22,6,1-1 (0-1),2016-17/cl.txt,11,abfaeddc2ee3d14f99ecc163c9ddb46cb4d67cef
UCL-2016-17-M-0002,UEFA Champions League,2016-17,2016-09-13,20:45,2016-09-13T20:45:00,Group A,group_stage,3,,A,not_applicable,0,0,ucl-paris-saint-germain,ucl-arsenal-fc,Paris Saint-Germain,Arsenal FC,Paris Saint-Germain,Arsenal FC,FRA,ENG,1,1,1,1,1,0,,,Normal Time,D,2,0,1,1571.59,1521.65,114.94,40,40,1-1 (1-0),2016-17/cl.txt,12,abfaeddc2ee3d14f99ecc163c9ddb46cb4d67cef
UCL-2016-17-M-0003,UEFA Champions League,2016-17,2016-09-13,20:45,2016-09-13T20:45:00,Group B,group_stage,3,,B,not_applicable,0,0,ucl-dinamo-kiev,ucl-ssc-napoli,Dinamo Kiev,SSC Napoli,Dinamo Kiev,SSC Napoli,UKR,ITA,1,2,1,2,1,2,,,Normal Time,A,3,-1,1,1503.23,1519.47,48.76,14,14,1-2 (1-2),2016-17/cl.txt,32,abfaeddc2ee3d14f99ecc163c9ddb46cb4d67cef
UCL-2016-17-M-0004,UEFA Champions League,2016-17,2016-09-13,20:45,2016-09-13T20:45:00,Group B,group_stage,3,,B,not_applicable,0,0,ucl-benfica,ucl-besiktas,Benfica,Beşiktaş,SL Benfica,Beşiktaş,POR,TUR,1,1,1,1,1,0,,,Normal Time,D,2,0,1,1518.26,1500.0,83.26,38,0,1-1 (1-0),2016-17/cl.txt,33,abfaeddc2ee3d14f99ecc163c9ddb46cb4d67cef
UCL-2016-17-M-0005,UEFA Champions League,2016-17,2016-09-13,20:45,2016-09-13T20:45:00,Group C,group_stage,3,,C,not_applicable,0,0,ucl-fc-barcelona,ucl-celtic-fc,FC Barcelona,Celtic FC,FC Barcelona,Celtic FC,ESP,SCO,7,0,7,0,2,0,,,Normal Time,H,7,7,0,1617.71,1474.84,207.87,57,14,7-0 (2-0),2016-17/cl.txt,53,abfaeddc2ee3d14f99ecc163c9ddb46cb4d67cef
UCL-2016-17-M-0006,UEFA Champions League,2016-17,2016-09-13,20:45,2016-09-13T20:45:00,Group D,group_stage,3,,D,not_applicable,0,0,ucl-bayern-munich,ucl-fk-rostov,Bayern Munich,FK Rostov,Bayern München,FK Rostov,GER,RUS,5,0,5,0,2,0,,,Normal Time,H,5,5,0,1598.9,1500.0,163.9,62,0,5-0 (2-0),2016-17/cl.txt,75,abfaeddc2ee3d14f99ecc163c9ddb46cb4d67cef
UCL-2016-17-M-0007,UEFA Champions League,2016-17,2016-09-13,20:45,2016-09-13T20:45:00,Group D,group_stage,3,,D,not_applicable,0,0,ucl-psv-eindhoven,ucl-atletico-madrid,PSV Eindhoven,Atlético Madrid,PSV Eindhoven,Atlético Madrid,NED,ESP,0,1,0,1,0,1,,,Normal Time,A,1,-1,0,1511.42,1574.54,1.88,8,36,0-1 (0-1),2016-17/cl.txt,76,abfaeddc2ee3d14f99ecc163c9ddb46cb4d67cef
UCL-2016-17-M-0008,UEFA Champions League,2016-17,2016-09-14,20:45,2016-09-14T20:45:00,Group C,group_stage,3,,C,not_applicable,0,0,ucl-manchester-city,ucl-bor-monchengladbach,Manchester City,Bor. Mönchengladbach,Manchester City,Bor. Mönchengladbach,ENG,GER,4,0,4,0,2,0,,,Normal Time,H,4,4,0,1532.1,1487.21,109.89,40,6,4-0 (2-0),2016-17/cl.txt,55,abfaeddc2ee3d14f99ecc163c9ddb46cb4d67cef
UCL-2016-17-M-0009,UEFA Champions League,2016-17,2016-09-14,20:45,2016-09-14T20:45:00,Group E,group_stage,3,,E,not_applicable,0,0,ucl-bayer-leverkusen,ucl-cska-moskva,Bayer Leverkusen,CSKA Moskva,Bayer Leverkusen,CSKA Moskva,GER,RUS,2,2,2,2,2,2,,,Normal Time,D,4,0,1,1496.67,1451.5,110.17,30,26,2-2 (2-2),2016-17/cl.txt,96,abfaeddc2ee3d14f99ecc163c9ddb46cb4d67cef
UCL-2016-17-M-0010,UEFA Champions League,2016-17,2016-09-14,20:45,2016-09-14T20:45:00,Group E,group_stage,3,,E,not_applicable,0,0,ucl-tottenham-hotspur,ucl-as-monaco,Tottenham Hotspur,AS Monaco,Tottenham Hotspur,AS Monaco,ENG,FRA,1,2,1,2,1,2,,,Normal Time,A,3,-1,1,1500.0,1508.56,56.44,0,10,1-2 (1-2),2016-17/cl.txt,97,abfaeddc2ee3d14f99ecc163c9ddb46cb4d67cef
UCL-2016-17-M-0011,UEFA Champions League,2016-17,2016-09-14,20:45,2016-09-14T20:45:00,Group F,group_stage,3,,F,not_applicable,0,0,ucl-legia-warszawa,ucl-borussia-dortmund,Legia Warszawa,Borussia Dortmund,Legia Warszawa,Borussia Dortmund,POL,GER,0,6,0,6,0,3,,,Normal Time,A,6,-6,0,1500.0,1526.17,38.83,0,37,0-6 (0-3),2016-17/cl.txt,117,abfaeddc2ee3d14f99ecc163c9ddb46cb4d67cef
UCL-2016-17-M-0012,UEFA Champions League,2016-17,2016-09-14,20:45,2016-09-14T20:45:00,Group F,group_stage,3,,F,not_applicable,0,0,ucl-real-madrid,ucl-sporting-cp,Real Madrid,Sporting CP,Real Madrid,Sporting CP,ESP,POR,2,1,2,1,0,0,,,Normal Time,H,3,1,1,1630.3,1495.91,199.39,62,6,2-1 (0-0),2016-17/cl.txt,118,abfaeddc2ee3d14f99ecc163c9ddb46cb4d67cef
UCL-2016-17-M-0013,UEFA Champions League,2016-17,2016-09-14,20:45,2016-09-14T20:45:00,Group G,group_stage,3,,G,not_applicable,0,0,ucl-club-brugge-kv,ucl-leicester-city,Club Brugge KV,Leicester City,Club Brugge KV,Leicester City,BEL,ENG,0,3,0,3,0,2,,,Normal Time,A,3,-3,0,1500.0,1500.0,65.0,0,0,0-3 (0-2),2016-17/cl.txt,138,abfaeddc2ee3d14f99ecc163c9ddb46cb4d67cef
UCL-2016-17-M-0014,UEFA Champions League,2016-17,2016-09-14,20:45,2016-09-14T20:45:00,Group G,group_stage,3,,G,not_applicable,0,0,ucl-fc-porto,ucl-fc-k-benhavn,FC Porto,FC København,FC Porto,FC København,POR,DEN,1,1,1,1,1,0,,,Normal Time,D,2,0,1,1535.88,1486.49,114.38,36,6,1-1 (1-0),2016-17/cl.txt,139,abfaeddc2ee3d14f99ecc163c9ddb46cb4d67cef
UCL-2016-17-M-0015,UEFA Champions League,2016-17,2016-09-14,20:45,2016-09-14T20:45:00,Group H,group_stage,3,,H,not_applicable,0,0,ucl-juventus,ucl-sevilla-fc,Juventus,Sevilla FC,Juventus,Sevilla FC,ITA,ESP,0,0,0,0,,,,,Normal Time,D,0,0,0,1554.12,1486.95,132.17,37,6,0-0,2016-17/cl.txt,159,abfaeddc2ee3d14f99ecc163c9ddb46cb4d67cef
UCL-2016-17-M-0016,UEFA Champions League,2016-17,2016-09-14,20:45,2016-09-14T20:45:00,Group H,group_stage,3,,H,not_applicable,0,0,ucl-olympique-lyonnais,ucl-dinamo-zagreb,Olympique Lyonnais,Dinamo Zagreb,Olympique Lyonnais,Dinamo Zagreb,FRA,CRO,3,0,3,0,1,0,,,Normal Time,H,3,3,0,1477.23,1435.93,106.3,14,18,3-0 (1-0),2016-17/cl.txt,160,abfaeddc2ee3d14f99ecc163c9ddb46cb4d67cef
UCL-2016-17-M-0017,UEFA Champions League,2016-17,2016-09-27,20:45,2016-09-27T20:45:00,Group E,group_stage,3,,E,not_applicable,0,0,ucl-as-monaco,ucl-bayer-leverkusen,AS Monaco,Bayer Leverkusen,AS Monaco,Bayer Leverkusen,FRA,GER,1,1,1,1,0,0,,,Normal Time,D,2,0,1,1520.17,1493.6,91.57,11,31,1-1 (0-0),2016-17/cl.txt,99,abfaeddc2ee3d14f99ecc163c9ddb46cb4d67cef
UCL-2016-17-M-0018,UEFA Champions League,2016-17,2016-09-27,20:45,2016-09-27T20:45:00,Group E,group_stage,3,,E,not_applicable,0,0,ucl-cska-moskva,ucl-tottenham-hotspur,CSKA Moskva,Tottenham Hotspur,CSKA Moskva,Tottenham Hotspur,RUS,ENG,0,1,0,1,0,0,,,Normal Time,A,1,-1,0,1454.57,1488.39,31.18,27,1,0-1 (0-0),2016-17/cl.txt,100,abfaeddc2ee3d14f99ecc163c9ddb46cb4d67cef
UCL-2016-17-M-0019,UEFA Champions League,2016-17,2016-09-27,20:45,2016-09-27T20:45:00,Group F,group_stage,3,,F,not_applicable,0,0,ucl-borussia-dortmund,ucl-real-madrid,Borussia Dortmund,Real Madrid,Borussia Dortmund,Real Madrid,GER,ESP,2,2,2,2,1,1,,,Normal Time,D,4,0,1,1537.28,1635.12,-32.84,38,63,2-2 (1-1),2016-17/cl.txt,120,abfaeddc2ee3d14f99ecc163c9ddb46cb4d67cef
UCL-2016-17-M-0020,UEFA Champions League,2016-17,2016-09-27,20:45,2016-09-27T20:45:00,Group F,group_stage,3,,F,not_applicable,0,0,ucl-sporting-cp,ucl-legia-warszawa,Sporting CP,Legia Warszawa,Sporting CP,Legia Warszawa,POR,POL,2,0,2,0,2,0,,,Normal Time,H,2,2,0,1491.09,1488.89,67.21,7,1,2-0 (2-0),2016-17/cl.txt,121,abfaeddc2ee3d14f99ecc163c9ddb46cb4d67cef
UCL-2016-17-M-0021,UEFA Champions League,2016-17,2016-09-27,20:45,2016-09-27T20:45:00,Group G,group_stage,3,,G,not_applicable,0,0,ucl-fc-k-benhavn,ucl-club-brugge-kv,FC København,Club Brugge KV,FC København,Club Brugge KV,DEN,BEL,4,0,4,0,0,0,,,Normal Time,H,4,4,0,1489.67,1488.15,66.52,7,1,4-0 (0-0),2016-17/cl.txt,141,abfaeddc2ee3d14f99ecc163c9ddb46cb4d67cef
UCL-2016-17-M-0022,UEFA Champions League,2016-17,2016-09-27,20:45,2016-09-27T20:45:00,Group G,group_stage,3,,G,not_applicable,0,0,ucl-leicester-city,ucl-fc-porto,Leicester City,FC Porto,Leicester City,FC Porto,ENG,POR,1,0,1,0,1,0,,,Normal Time,H,1,1,0,1511.85,1532.7,44.15,1,37,1-0 (1-0),2016-17/cl.txt,142,abfaeddc2ee3d14f99ecc163c9ddb46cb4d67cef
UCL-2016-17-M-0023,UEFA Champions League,2016-17,2016-09-27,20:45,2016-09-27T20:45:00,Group H,group_stage,3,,H,not_applicable,0,0,ucl-dinamo-zagreb,ucl-juventus,Dinamo Zagreb,Juventus,Dinamo Zagreb,Juventus,CRO,ITA,0,4,0,4,0,2,,,Normal Time,A,4,-4,0,1428.9,1550.49,-56.59,19,38,0-4 (0-2),2016-17/cl.txt,162,abfaeddc2ee3d14f99ecc163c9ddb46cb4d67cef
UCL-2016-17-M-0024,UEFA Champions League,2016-17,2016-09-27,20:45,2016-09-27T20:45:00,Group H,group_stage,3,,H,not_applicable,0,0,ucl-sevilla-fc,ucl-olympique-lyonnais,Sevilla FC,Olympique Lyonnais,Sevilla FC,Olympique Lyonnais,ESP,FRA,1,0,1,0,0,0,,,Normal Time,H,1,1,0,1490.58,1484.27,71.31,7,15,1-0 (0-0),2016-17/cl.txt,163,abfaeddc2ee3d14f99ecc163c9ddb46cb4d67cef
UCL-2016-17-M-0025,UEFA Champions League,2016-17,2016-09-28,20:45,2016-09-28T20:45:00,Group A,group_stage,3,,A,not_applicable,0,0,ucl-arsenal-fc,ucl-fc-basel-1893,Arsenal FC,FC Basel 1893,Arsenal FC,FC Basel 1893,ENG,SUI,2,0,2,0,2,0,,,Normal Time,H,2,2,0,1524.84,1496.12,93.72,41,23,2-0 (2-0),2016-17/cl.txt,14,abfaeddc2ee3d14f99ecc163c9ddb46cb4d67cef
UCL-2016-17-M-0026,UEFA Champions League,2016-17,2016-09-28,20:45,2016-09-28T20:45:00,Group A,group_stage,3,,A,not_applicable,0,0,ucl-pfc-ludogorets-razgrad,ucl-paris-saint-germain,PFC Ludogorets Razgrad,Paris Saint-Germain,PFC Ludogorets Razgrad,Paris Saint-Germain,BUL,FRA,1,3,1,3,1,1,,,Normal Time,A,4,-2,1,1486.89,1568.4,-16.5,7,41,1-3 (1-1),2016-17/cl.txt,15,abfaeddc2ee3d14f99ecc163c9ddb46cb4d67cef
UCL-2016-17-M-0027,UEFA Champions League,2016-17,2016-09-28,20:45,2016-09-28T20:45:00,Group B,group_stage,3,,B,not_applicable,0,0,ucl-besiktas,ucl-dinamo-kiev,Beşiktaş,Dinamo Kiev,Beşiktaş,Dinamo Kiev,TUR,UKR,1,1,1,1,1,0,,,Normal Time,D,2,0,1,1502.35,1491.84,75.51,1,15,1-1 (1-0),2016-17/cl.txt,35,abfaeddc2ee3d14f99ecc163c9ddb46cb4d67cef
UCL-2016-17-M-0028,UEFA Champions League,2016-17,2016-09-28,20:45,2016-09-28T20:45:00,Group B,group_stage,3,,B,not_applicable,0,0,ucl-ssc-napoli,ucl-benfica,SSC Napoli,Benfica,SSC Napoli,SL Benfica,ITA,POR,4,2,4,2,1,0,,,Normal Time,H,6,2,1,1530.86,1515.91,79.96,15,39,4-2 (1-0),2016-17/cl.txt,36,abfaeddc2ee3d14f99ecc163c9ddb46cb4d67cef
UCL-2016-17-M-0029,UEFA Champions League,2016-17,2016-09-28,20:45,2016-09-28T20:45:00,Group C,group_stage,3,,C,not_applicable,0,0,ucl-bor-monchengladbach,ucl-fc-barcelona,Bor. Mönchengladbach,FC Barcelona,Bor. Mönchengladbach,FC Barcelona,GER,ESP,1,2,1,2,1,0,,,Normal Time,A,3,-1,1,1480.27,1622.35,-77.08,7,58,1-2 (1-0),2016-17/cl.txt,57,abfaeddc2ee3d14f99ecc163c9ddb46cb4d67cef
UCL-2016-17-M-0030,UEFA Champions League,2016-17,2016-09-28,20:45,2016-09-28T20:45:00,Group C,group_stage,3,,C,not_applicable,0,0,ucl-celtic-fc,ucl-manchester-city,Celtic FC,Manchester City,Celtic FC,Manchester City,SCO,ENG,3,3,3,3,2,2,,,Normal Time,D,6,0,1,1470.2,1539.04,-3.84,15,41,3-3 (2-2),2016-17/cl.txt,58,abfaeddc2ee3d14f99ecc163c9ddb46cb4d67cef
UCL-2016-17-M-0031,UEFA Champions League,2016-17,2016-09-28,20:45,2016-09-28T20:45:00,Group D,group_stage,3,,D,not_applicable,0,0,ucl-atletico-madrid,ucl-bayern-munich,Atlético Madrid,Bayern Munich,Atlético Madrid,Bayern München,ESP,GER,1,0,1,0,1,0,,,Normal Time,H,1,1,0,1584.6,1604.51,45.09,37,63,1-0 (1-0),2016-17/cl.txt,78,abfaeddc2ee3d14f99ecc163c9ddb46cb4d67cef
UCL-2016-17-M-0032,UEFA Champions League,2016-17,2016-09-28,20:45,2016-09-28T20:45:00,Group D,group_stage,3,,D,not_applicable,0,0,ucl-fk-rostov,ucl-psv-eindhoven,FK Rostov,PSV Eindhoven,FK Rostov,PSV Eindhoven,RUS,NED,2,2,2,2,2,2,,,Normal Time,D,4,0,1,1494.4,1501.37,58.03,1,9,2-2 (2-2),2016-17/cl.txt,79,abfaeddc2ee3d14f99ecc163c9ddb46cb4d67cef
UCL-2016-17-M-0033,UEFA Champions League,2016-17,2016-10-18,20:45,2016-10-18T20:45:00,Group E,group_stage,3,,E,not_applicable,0,0,ucl-bayer-leverkusen,ucl-tottenham-hotspur,Bayer Leverkusen,Tottenham Hotspur,Bayer Leverkusen,Tottenham Hotspur,GER,ENG,0,0,0,0,,,,,Normal Time,D,0,0,0,1496.18,1499.28,61.89,32,2,0-0,2016-17/cl.txt,102,abfaeddc2ee3d14f99ecc163c9ddb46cb4d67cef
UCL-2016-17-M-0034,UEFA Champions League,2016-17,2016-10-18,20:45,2016-10-18T20:45:00,Group E,group_stage,3,,E,not_applicable,0,0,ucl-cska-moskva,ucl-as-monaco,CSKA Moskva,AS Monaco,CSKA Moskva,AS Monaco,RUS,FRA,1,1,1,1,1,0,,,Normal Time,D,2,0,1,1443.68,1517.59,-8.91,28,12,1-1 (1-0),2016-17/cl.txt,103,abfaeddc2ee3d14f99ecc163c9ddb46cb4d67cef
UCL-2016-17-M-0035,UEFA Champions League,2016-17,2016-10-18,20:45,2016-10-18T20:45:00,Group F,group_stage,3,,F,not_applicable,0,0,ucl-real-madrid,ucl-legia-warszawa,Real Madrid,Legia Warszawa,Real Madrid,Legia Warszawa,ESP,POL,5,1,5,1,3,1,,,Normal Time,H,6,4,1,1634.18,1480.8,218.38,64,2,5-1 (3-1),2016-17/cl.txt,123,abfaeddc2ee3d14f99ecc163c9ddb46cb4d67cef
UCL-2016-17-M-0036,UEFA Champions League,2016-17,2016-10-18,20:45,2016-10-18T20:45:00,Group F,group_stage,3,,F,not_applicable,0,0,ucl-sporting-cp,ucl-borussia-dortmund,Sporting CP,Borussia Dortmund,Sporting CP,Borussia Dortmund,POR,GER,1,2,1,2,0,2,,,Normal Time,A,3,-1,1,1499.18,1538.23,25.96,8,39,1-2 (0-2),2016-17/cl.txt,124,abfaeddc2ee3d14f99ecc163c9ddb46cb4d67cef
UCL-2016-17-M-0037,UEFA Champions League,2016-17,2016-10-18,20:45,2016-10-18T20:45:00,Group G,group_stage,3,,G,not_applicable,0,0,ucl-club-brugge-kv,ucl-fc-porto,Club Brugge KV,FC Porto,Club Brugge KV,FC Porto,BEL,POR,1,2,1,2,1,0,,,Normal Time,A,3,-1,1,1480.04,1523.96,21.08,2,38,1-2 (1-0),2016-17/cl.txt,144,abfaeddc2ee3d14f99ecc163c9ddb46cb4d67cef
UCL-2016-17-M-0038,UEFA Champions League,2016-17,2016-10-18,20:45,2016-10-18T20:45:00,Group G,group_stage,3,,G,not_applicable,0,0,ucl-leicester-city,ucl-fc-k-benhavn,Leicester City,FC København,Leicester City,FC København,ENG,DEN,1,0,1,0,1,0,,,Normal Time,H,1,1,0,1520.59,1497.78,87.81,2,8,1-0 (1-0),2016-17/cl.txt,145,abfaeddc2ee3d14f99ecc163c9ddb46cb4d67cef
UCL-2016-17-M-0039,UEFA Champions League,2016-17,2016-10-18,20:45,2016-10-18T20:45:00,Group H,group_stage,3,,H,not_applicable,0,0,ucl-dinamo-zagreb,ucl-sevilla-fc,Dinamo Zagreb,Sevilla FC,Dinamo Zagreb,Sevilla FC,CRO,ESP,0,1,0,1,0,1,,,Normal Time,A,1,-1,0,1420.51,1498.55,-13.04,20,8,0-1 (0-1),2016-17/cl.txt,165,abfaeddc2ee3d14f99ecc163c9ddb46cb4d67cef
UCL-2016-17-M-0040,UEFA Champions League,2016-17,2016-10-18,20:45,2016-10-18T20:45:00,Group H,group_stage,3,,H,not_applicable,0,0,ucl-olympique-lyonnais,ucl-juventus,Olympique Lyonnais,Juventus,Olympique Lyonnais,Juventus,FRA,ITA,0,1,0,1,0,0,,,Normal Time,A,1,-1,0,1476.29,1558.88,-17.59,16,39,0-1 (0-0),2016-17/cl.txt,166,abfaeddc2ee3d14f99ecc163c9ddb46cb4d67cef
UCL-2016-17-M-0041,UEFA Champions League,2016-17,2016-10-19,20:45,2016-10-19T20:45:00,Group A,group_stage,3,,A,not_applicable,0,0,ucl-arsenal-fc,ucl-pfc-ludogorets-razgrad,Arsenal FC,PFC Ludogorets Razgrad,Arsenal FC,PFC Ludogorets Razgrad,ENG,BUL,6,0,6,0,2,0,,,Normal Time,H,6,6,0,1532.21,1477.37,119.84,42,8,6-0 (2-0),2016-17/cl.txt,17,abfaeddc2ee3d14f99ecc163c9ddb46cb4d67cef
UCL-2016-17-M-0042,UEFA Champions League,2016-17,2016-10-19,20:45,2016-10-19T20:45:00,Group A,group_stage,3,,A,not_applicable,0,0,ucl-paris-saint-germain,ucl-fc-basel-1893,Paris Saint-Germain,FC Basel 1893,Paris Saint-Germain,FC Basel 1893,FRA,SUI,3,0,3,0,1,0,,,Normal Time,H,3,3,0,1577.92,1488.75,154.17,42,24,3-0 (1-0),2016-17/cl.txt,18,abfaeddc2ee3d14f99ecc163c9ddb46cb4d67cef
UCL-2016-17-M-0043,UEFA Champions League,2016-17,2016-10-19,20:45,2016-10-19T20:45:00,Group B,group_stage,3,,B,not_applicable,0,0,ucl-dinamo-kiev,ucl-benfica,Dinamo Kiev,Benfica,Dinamo Kiev,SL Benfica,UKR,POR,0,2,0,2,0,1,,,Normal Time,A,2,-2,0,1493.98,1508.17,50.81,16,40,0-2 (0-1),2016-17/cl.txt,38,abfaeddc2ee3d14f99ecc163c9ddb46cb4d67cef
UCL-2016-17-M-0044,UEFA Champions League,2016-17,2016-10-19,20:45,2016-10-19T20:45:00,Group B,group_stage,3,,B,not_applicable,0,0,ucl-ssc-napoli,ucl-besiktas,SSC Napoli,Beşiktaş,SSC Napoli,Beşiktaş,ITA,TUR,2,3,2,3,1,2,,,Normal Time,A,5,-1,1,1538.6,1500.21,103.39,16,2,2-3 (1-2),2016-17/cl.txt,39,abfaeddc2ee3d14f99ecc163c9ddb46cb4d67cef
UCL-2016-17-M-0045,UEFA Champions League,2016-17,2016-10-19,20:45,2016-10-19T20:45:00,Group C,group_stage,3,,C,not_applicable,0,0,ucl-celtic-fc,ucl-bor-monchengladbach,Celtic FC,Bor. Mönchengladbach,Celtic FC,Bor. Mönchengladbach,SCO,GER,0,2,0,2,0,0,,,Normal Time,A,2,-2,0,1470.31,1472.45,62.86,16,8,0-2 (0-0),2016-17/cl.txt,60,abfaeddc2ee3d14f99ecc163c9ddb46cb4d67cef
UCL-2016-17-M-0046,UEFA Champions League,2016-17,2016-10-19,20:45,2016-10-19T20:45:00,Group C,group_stage,3,,C,not_applicable,0,0,ucl-fc-barcelona,ucl-manchester-city,FC Barcelona,Manchester City,FC Barcelona,Manchester City,ESP,ENG,4,0,4,0,1,0,,,Normal Time,H,4,4,0,1630.16,1538.93,156.24,59,42,4-0 (1-0),2016-17/cl.txt,61,abfaeddc2ee3d14f99ecc163c9ddb46cb4d67cef
UCL-2016-17-M-0047,UEFA Champions League,2016-17,2016-10-19,20:45,2016-10-19T20:45:00,Group D,group_stage,3,,D,not_applicable,0,0,ucl-bayern-munich,ucl-psv-eindhoven,Bayern Munich,PSV Eindhoven,Bayern München,PSV Eindhoven,GER,NED,4,1,4,1,2,1,,,Normal Time,H,5,3,1,1595.8,1503.02,157.78,64,10,4-1 (2-1),2016-17/cl.txt,81,abfaeddc2ee3d14f99ecc163c9ddb46cb4d67cef
UCL-2016-17-M-0048,UEFA Champions League,2016-17,2016-10-19,20:45,2016-10-19T20:45:00,Group D,group_stage,3,,D,not_applicable,0,0,ucl-fk-rostov,ucl-atletico-madrid,FK Rostov,Atlético Madrid,FK Rostov,Atlético Madrid,RUS,ESP,0,1,0,1,0,0,,,Normal Time,A,1,-1,0,1492.74,1593.31,-35.57,2,38,0-1 (0-0),2016-17/cl.txt,82,abfaeddc2ee3d14f99ecc163c9ddb46cb4d67cef
UCL-2016-17-M-0049,UEFA Champions League,2016-17,2016-11-01,18:45,2016-11-01T18:45:00,Group B,group_stage,3,,B,not_applicable,0,0,ucl-besiktas,ucl-ssc-napoli,Beşiktaş,SSC Napoli,Beşiktaş,SSC Napoli,TUR,ITA,1,1,1,1,0,0,,,Normal Time,D,2,0,1,1513.1,1525.71,52.39,3,17,1-1 (0-0),2016-17/cl.txt,41,abfaeddc2ee3d14f99ecc163c9ddb46cb4d67cef
UCL-2016-17-M-0050,UEFA Champions League,2016-17,2016-11-01,20:45,2016-11-01T20:45:00,Group A,group_stage,3,,A,not_applicable,0,0,ucl-fc-basel-1893,ucl-paris-saint-germain,FC Basel 1893,Paris Saint-Germain,FC Basel 1893,Paris Saint-Germain,SUI,FRA,1,2,1,2,0,1,,,Normal Time,A,3,-1,1,1482.92,1583.75,-35.83,25,43,1-2 (0-1),2016-17/cl.txt,20,abfaeddc2ee3d14f99ecc163c9ddb46cb4d67cef
UCL-2016-17-M-0051,UEFA Champions League,2016-17,2016-11-01,20:45,2016-11-01T20:45:00,Group A,group_stage,3,,A,not_applicable,0,0,ucl-pfc-ludogorets-razgrad,ucl-arsenal-fc,PFC Ludogorets Razgrad,Arsenal FC,PFC Ludogorets Razgrad,Arsenal FC,BUL,ENG,2,3,2,3,2,2,,,Normal Time,A,5,-1,1,1470.68,1538.89,-3.2,9,43,2-3 (2-2),2016-17/cl.txt,21,abfaeddc2ee3d14f99ecc163c9ddb46cb4d67cef
UCL-2016-17-M-0052,UEFA Champions League,2016-17,2016-11-01,20:45,2016-11-01T20:45:00,Group B,group_stage,3,,B,not_applicable,0,0,ucl-benfica,ucl-dinamo-kiev,Benfica,Dinamo Kiev,SL Benfica,Dinamo Kiev,POR,UKR,1,0,1,0,1,0,,,Normal Time,H,1,1,0,1519.62,1482.52,102.1,41,17,1-0 (1-0),2016-17/cl.txt,42,abfaeddc2ee3d14f99ecc163c9ddb46cb4d67cef
UCL-2016-17-M-0053,UEFA Champions League,2016-17,2016-11-01,20:45,2016-11-01T20:45:00,Group C,group_stage,3,,C,not_applicable,0,0,ucl-bor-monchengladbach,ucl-celtic-fc,Bor. Mönchengladbach,Celtic FC,Bor. Mönchengladbach,Celtic FC,GER,SCO,1,1,1,1,1,0,,,Normal Time,D,2,0,1,1484.24,1458.52,90.72,9,17,1-1 (1-0),2016-17/cl.txt,63,abfaeddc2ee3d14f99ecc163c9ddb46cb4d67cef
UCL-2016-17-M-0054,UEFA Champions League,2016-17,2016-11-01,20:45,2016-11-01T20:45:00,Group C,group_stage,3,,C,not_applicable,0,0,ucl-manchester-city,ucl-fc-barcelona,Manchester City,FC Barcelona,Manchester City,FC Barcelona,ENG,ESP,3,1,3,1,1,1,,,Normal Time,H,4,2,1,1533.14,1635.95,-37.81,43,60,3-1 (1-1),2016-17/cl.txt,64,abfaeddc2ee3d14f99ecc163c9ddb46cb4d67cef
UCL-2016-17-M-0055,UEFA Champions League,2016-17,2016-11-01,20:45,2016-11-01T20:45:00,Group D,group_stage,3,,D,not_applicable,0,0,ucl-atletico-madrid,ucl-fk-rostov,Atlético Madrid,FK Rostov,Atlético Madrid,FK Rostov,ESP,RUS,2,1,2,1,1,1,,,Normal Time,H,3,1,1,1602.29,1483.76,183.53,39,3,2-1 (1-1),2016-17/cl.txt,84,abfaeddc2ee3d14f99ecc163c9ddb46cb4d67cef
UCL-2016-17-M-0056,UEFA Champions League,2016-17,2016-11-01,20:45,2016-11-01T20:45:00,Group D,group_stage,3,,D,not_applicable,0,0,ucl-psv-eindhoven,ucl-bayern-munich,PSV Eindhoven,Bayern Munich,PSV Eindhoven,Bayern München,NED,GER,1,2,1,2,1,1,,,Normal Time,A,3,-1,1,1497.27,1601.54,-39.27,11,65,1-2 (1-1),2016-17/cl.txt,85,abfaeddc2ee3d14f99ecc163c9ddb46cb4d67cef
UCL-2016-17-M-0057,UEFA Champions League,2016-17,2016-11-02,20:45,2016-11-02T20:45:00,Group E,group_stage,3,,E,not_applicable,0,0,ucl-as-monaco,ucl-cska-moskva,AS Monaco,CSKA Moskva,AS Monaco,CSKA Moskva,FRA,RUS,3,0,3,0,3,0,,,Normal Time,H,3,3,0,1517.33,1443.93,138.4,13,29,3-0 (3-0),2016-17/cl.txt,105,abfaeddc2ee3d14f99ecc163c9ddb46cb4d67cef
UCL-2016-17-M-0058,UEFA Champions League,2016-17,2016-11-02,20:45,2016-11-02T20:45:00,Group E,group_stage,3,,E,not_applicable,0,0,ucl-tottenham-hotspur,ucl-bayer-leverkusen,Tottenham Hotspur,Bayer Leverkusen,Tottenham Hotspur,Bayer Leverkusen,ENG,GER,0,1,0,1,0,0,,,Normal Time,A,1,-1,0,1501.05,1494.41,71.63,3,33,0-1 (0-0),2016-17/cl.txt,106,abfaeddc2ee3d14f99ecc163c9ddb46cb4d67cef
UCL-2016-17-M-0059,UEFA Champions League,2016-17,2016-11-02,20:45,2016-11-02T20:45:00,Group F,group_stage,3,,F,not_applicable,0,0,ucl-borussia-dortmund,ucl-sporting-cp,Borussia Dortmund,Sporting CP,Borussia Dortmund,Sporting CP,GER,POR,1,0,1,0,1,0,,,Normal Time,H,1,1,0,1548.97,1488.44,125.53,40,9,1-0 (1-0),2016-17/cl.txt,126,abfaeddc2ee3d14f99ecc163c9ddb46cb4d67cef
UCL-2016-17-M-0060,UEFA Champions League,2016-17,2016-11-02,20:45,2016-11-02T20:45:00,Group F,group_stage,3,,F,not_applicable,0,0,ucl-legia-warszawa,ucl-real-madrid,Legia Warszawa,Real Madrid,Legia Warszawa,Real Madrid,POL,ESP,3,3,3,3,1,2,,,Normal Time,D,6,0,1,1476.37,1638.61,-97.24,3,65,3-3 (1-2),2016-17/cl.txt,127,abfaeddc2ee3d14f99ecc163c9ddb46cb4d67cef
UCL-2016-17-M-0061,UEFA Champions League,2016-17,2016-11-02,20:45,2016-11-02T20:45:00,Group G,group_stage,3,,G,not_applicable,0,0,ucl-fc-k-benhavn,ucl-leicester-city,FC København,Leicester City,FC København,Leicester City,DEN,ENG,0,0,0,0,,,,,Normal Time,D,0,0,0,1490.25,1528.11,27.14,9,3,0-0,2016-17/cl.txt,147,abfaeddc2ee3d14f99ecc163c9ddb46cb4d67cef
UCL-2016-17-M-0062,UEFA Champions League,2016-17,2016-11-02,20:45,2016-11-02T20:45:00,Group G,group_stage,3,,G,not_applicable,0,0,ucl-fc-porto,ucl-club-brugge-kv,FC Porto,Club Brugge KV,FC Porto,Club Brugge KV,POR,BEL,1,0,1,0,1,0,,,Normal Time,H,1,1,0,1534.57,1469.44,130.13,39,3,1-0 (1-0),2016-17/cl.txt,148,abfaeddc2ee3d14f99ecc163c9ddb46cb4d67cef
UCL-2016-17-M-0063,UEFA Champions League,2016-17,2016-11-02,20:45,2016-11-02T20:45:00,Group H,group_stage,3,,H,not_applicable,0,0,ucl-juventus,ucl-olympique-lyonnais,Juventus,Olympique Lyonnais,Juventus,Olympique Lyonnais,ITA,FRA,1,1,1,1,1,0,,,Normal Time,D,2,0,1,1568.37,1466.8,166.58,40,17,1-1 (1-0),2016-17/cl.txt,168,abfaeddc2ee3d14f99ecc163c9ddb46cb4d67cef
UCL-2016-17-M-0064,UEFA Champions League,2016-17,2016-11-02,20:45,2016-11-02T20:45:00,Group H,group_stage,3,,H,not_applicable,0,0,ucl-sevilla-fc,ucl-dinamo-zagreb,Sevilla FC,Dinamo Zagreb,Sevilla FC,Dinamo Zagreb,ESP,CRO,4,0,4,0,1,0,,,Normal Time,H,4,4,0,1508.18,1410.89,162.29,9,21,4-0 (1-0),2016-17/cl.txt,169,abfaeddc2ee3d14f99ecc163c9ddb46cb4d67cef
UCL-2016-17-M-0065,UEFA Champions League,2016-17,2016-11-22,18:00,2016-11-22T18:00:00,Group E,group_stage,3,,E,not_applicable,0,0,ucl-cska-moskva,ucl-bayer-leverkusen,CSKA Moskva,Bayer Leverkusen,CSKA Moskva,Bayer Leverkusen,RUS,GER,1,1,1,1,0,1,,,Normal Time,D,2,0,1,1437.72,1506.45,-3.73,30,34,1-1 (0-1),2016-17/cl.txt,108,abfaeddc2ee3d14f99ecc163c9ddb46cb4d67cef
UCL-2016-17-M-0066,UEFA Champions League,2016-17,2016-11-22,20:45,2016-11-22T20:45:00,Group E,group_stage,3,,E,not_applicable,0,0,ucl-as-monaco,ucl-tottenham-hotspur,AS Monaco,Tottenham Hotspur,AS Monaco,Tottenham Hotspur,FRA,ENG,2,1,2,1,0,0,,,Normal Time,H,3,1,1,1523.55,1489.01,99.53,14,4,2-1 (0-0),2016-17/cl.txt,109,abfaeddc2ee3d14f99ecc163c9ddb46cb4d67cef
UCL-2016-17-M-0067,UEFA Champions League,2016-17,2016-11-22,20:45,2016-11-22T20:45:00,Group F,group_stage,3,,F,not_applicable,0,0,ucl-borussia-dortmund,ucl-legia-warszawa,Borussia Dortmund,Legia Warszawa,Borussia Dortmund,Legia Warszawa,GER,POL,8,4,8,4,5,2,,,Normal Time,H,12,4,1,1555.51,1479.1,141.41,41,4,8-4 (5-2),2016-17/cl.txt,129,abfaeddc2ee3d14f99ecc163c9ddb46cb4d67cef
UCL-2016-17-M-0068,UEFA Champions League,2016-17,2016-11-22,20:45,2016-11-22T20:45:00,Group F,group_stage,3,,F,not_applicable,0,0,ucl-sporting-cp,ucl-real-madrid,Sporting CP,Real Madrid,Sporting CP,Real Madrid,POR,ESP,1,2,1,2,0,1,,,Normal Time,A,3,-1,1,1481.9,1635.88,-88.98,10,66,1-2 (0-1),2016-17/cl.txt,130,abfaeddc2ee3d14f99ecc163c9ddb46cb4d67cef
UCL-2016-17-M-0069,UEFA Champions League,2016-17,2016-11-22,20:45,2016-11-22T20:45:00,Group G,group_stage,3,,G,not_applicable,0,0,ucl-fc-k-benhavn,ucl-fc-porto,FC København,FC Porto,FC København,FC Porto,DEN,POR,0,0,0,0,,,,,Normal Time,D,0,0,0,1489.47,1540.99,13.49,10,40,0-0,2016-17/cl.txt,150,abfaeddc2ee3d14f99ecc163c9ddb46cb4d67cef
UCL-2016-17-M-0070,UEFA Champions League,2016-17,2016-11-22,20:45,2016-11-22T20:45:00,Group G,group_stage,3,,G,not_applicable,0,0,ucl-leicester-city,ucl-club-brugge-kv,Leicester City,Club Brugge KV,Leicester City,Club Brugge KV,ENG,BEL,2,1,2,1,2,0,,,Normal Time,H,3,1,1,1528.89,1463.02,130.87,4,4,2-1 (2-0),2016-17/cl.txt,151,abfaeddc2ee3d14f99ecc163c9ddb46cb4d67cef
UCL-2016-17-M-0071,UEFA Champions League,2016-17,2016-11-22,20:45,2016-11-22T20:45:00,Group H,group_stage,3,,H,not_applicable,0,0,ucl-dinamo-zagreb,ucl-olympique-lyonnais,Dinamo Zagreb,Olympique Lyonnais,Dinamo Zagreb,Olympique Lyonnais,CRO,FRA,0,1,0,1,0,0,,,Normal Time,A,1,-1,0,1405.25,1471.25,-1.01,22,18,0-1 (0-0),2016-17/cl.txt,171,abfaeddc2ee3d14f99ecc163c9ddb46cb4d67cef
UCL-2016-17-M-0072,UEFA Champions League,2016-17,2016-11-22,20:45,2016-11-22T20:45:00,Group H,group_stage,3,,H,not_applicable,0,0,ucl-sevilla-fc,ucl-juventus,Sevilla FC,Juventus,Sevilla FC,Juventus,ESP,ITA,1,3,1,3,1,1,,,Normal Time,A,4,-2,1,1513.82,1563.91,14.91,10,41,1-3 (1-1),2016-17/cl.txt,172,abfaeddc2ee3d14f99ecc163c9ddb46cb4d67cef
UCL-2016-17-M-0073,UEFA Champions League,2016-17,2016-11-23,18:00,2016-11-23T18:00:00,Group D,group_stage,3,,D,not_applicable,0,0,ucl-fk-rostov,ucl-bayern-munich,FK Rostov,Bayern Munich,FK Rostov,Bayern München,RUS,GER,3,2,3,2,1,1,,,Normal Time,H,5,1,1,1478.6,1610.42,-66.82,4,66,3-2 (1-1),2016-17/cl.txt,87,abfaeddc2ee3d14f99ecc163c9ddb46cb4d67cef
UCL-2016-17-M-0074,UEFA Champions League,2016-17,2016-11-23,18:45,2016-11-23T18:45:00,Group B,group_stage,3,,B,not_applicable,0,0,ucl-besiktas,ucl-benfica,Beşiktaş,Benfica,Beşiktaş,SL Benfica,TUR,POR,3,3,3,3,0,3,,,Normal Time,D,6,0,1,1511.61,1526.76,49.84,4,42,3-3 (0-3),2016-17/cl.txt,44,abfaeddc2ee3d14f99ecc163c9ddb46cb4d67cef
UCL-2016-17-M-0075,UEFA Champions League,2016-17,2016-11-23,20:45,2016-11-23T20:45:00,Group A,group_stage,3,,A,not_applicable,0,0,ucl-arsenal-fc,ucl-paris-saint-germain,Arsenal FC,Paris Saint-Germain,Arsenal FC,Paris Saint-Germain,ENG,FRA,2,2,2,2,1,1,,,Normal Time,D,4,0,1,1548.79,1592.73,21.07,44,44,2-2 (1-1),2016-17/cl.txt,23,abfaeddc2ee3d14f99ecc163c9ddb46cb4d67cef
UCL-2016-17-M-0076,UEFA Champions League,2016-17,2016-11-23,20:45,2016-11-23T20:45:00,Group A,group_stage,3,,A,not_applicable,0,0,ucl-pfc-ludogorets-razgrad,ucl-fc-basel-1893,PFC Ludogorets Razgrad,FC Basel 1893,PFC Ludogorets Razgrad,FC Basel 1893,BUL,SUI,0,0,0,0,,,,,Normal Time,D,0,0,0,1460.78,1473.95,51.83,10,26,0-0,2016-17/cl.txt,24,abfaeddc2ee3d14f99ecc163c9ddb46cb4d67cef
UCL-2016-17-M-0077,UEFA Champions League,2016-17,2016-11-23,20:45,2016-11-23T20:45:00,Group B,group_stage,3,,B,not_applicable,0,0,ucl-ssc-napoli,ucl-dinamo-kiev,SSC Napoli,Dinamo Kiev,SSC Napoli,Dinamo Kiev,ITA,UKR,0,0,0,0,,,,,Normal Time,D,0,0,0,1527.21,1475.38,116.83,18,18,0-0,2016-17/cl.txt,45,abfaeddc2ee3d14f99ecc163c9ddb46cb4d67cef
UCL-2016-17-M-0078,UEFA Champions League,2016-17,2016-11-23,20:45,2016-11-23T20:45:00,Group C,group_stage,3,,C,not_applicable,0,0,ucl-bor-monchengladbach,ucl-manchester-city,Bor. Mönchengladbach,Manchester City,Bor. Mönchengladbach,Manchester City,GER,ENG,1,1,1,1,1,1,,,Normal Time,D,2,0,1,1481.69,1544.23,2.46,10,44,1-1 (1-1),2016-17/cl.txt,66,abfaeddc2ee3d14f99ecc163c9ddb46cb4d67cef
UCL-2016-17-M-0079,UEFA Champions League,2016-17,2016-11-23,20:45,2016-11-23T20:45:00,Group C,group_stage,3,,C,not_applicable,0,0,ucl-celtic-fc,ucl-fc-barcelona,Celtic FC,FC Barcelona,Celtic FC,FC Barcelona,SCO,ESP,0,2,0,2,0,1,,,Normal Time,A,2,-2,0,1461.07,1624.86,-98.79,18,61,0-2 (0-1),2016-17/cl.txt,67,abfaeddc2ee3d14f99ecc163c9ddb46cb4d67cef
UCL-2016-17-M-0080,UEFA Champions League,2016-17,2016-11-23,20:45,2016-11-23T20:45:00,Group D,group_stage,3,,D,not_applicable,0,0,ucl-atletico-madrid,ucl-psv-eindhoven,Atlético Madrid,PSV Eindhoven,Atlético Madrid,PSV Eindhoven,ESP,NED,2,0,2,0,0,0,,,Normal Time,H,2,2,0,1607.45,1488.4,184.05,40,12,2-0 (0-0),2016-17/cl.txt,88,abfaeddc2ee3d14f99ecc163c9ddb46cb4d67cef
UCL-2016-17-M-0081,UEFA Champions League,2016-17,2016-12-06,20:45,2016-12-06T20:45:00,Group A,group_stage,3,,A,not_applicable,0,0,ucl-fc-basel-1893,ucl-arsenal-fc,FC Basel 1893,Arsenal FC,FC Basel 1893,Arsenal FC,SUI,ENG,1,4,1,4,0,2,,,Normal Time,A,5,-3,1,1475.43,1548.19,-7.76,27,45,1-4 (0-2),2016-17/cl.txt,26,abfaeddc2ee3d14f99ecc163c9ddb46cb4d67cef
UCL-2016-17-M-0082,UEFA Champions League,2016-17,2016-12-06,20:45,2016-12-06T20:45:00,Group A,group_stage,3,,A,not_applicable,0,0,ucl-paris-saint-germain,ucl-pfc-ludogorets-razgrad,Paris Saint-Germain,PFC Ludogorets Razgrad,Paris Saint-Germain,PFC Ludogorets Razgrad,FRA,BUL,2,2,2,2,0,1,,,Normal Time,D,4,0,1,1593.33,1459.3,199.04,45,11,2-2 (0-1),2016-17/cl.txt,27,abfaeddc2ee3d14f99ecc163c9ddb46cb4d67cef
UCL-2016-17-M-0083,UEFA Champions League,2016-17,2016-12-06,20:45,2016-12-06T20:45:00,Group B,group_stage,3,,B,not_applicable,0,0,ucl-dinamo-kiev,ucl-besiktas,Dinamo Kiev,Beşiktaş,Dinamo Kiev,Beşiktaş,UKR,TUR,6,0,6,0,4,0,,,Normal Time,H,6,6,0,1478.62,1510.18,33.44,19,5,6-0 (4-0),2016-17/cl.txt,47,abfaeddc2ee3d14f99ecc163c9ddb46cb4d67cef
UCL-2016-17-M-0084,UEFA Champions League,2016-17,2016-12-06,20:45,2016-12-06T20:45:00,Group B,group_stage,3,,B,not_applicable,0,0,ucl-benfica,ucl-ssc-napoli,Benfica,SSC Napoli,SL Benfica,SSC Napoli,POR,ITA,1,2,1,2,0,0,,,Normal Time,A,3,-1,1,1528.19,1523.97,69.22,43,19,1-2 (0-0),2016-17/cl.txt,48,abfaeddc2ee3d14f99ecc163c9ddb46cb4d67cef
UCL-2016-17-M-0085,UEFA Champions League,2016-17,2016-12-06,20:45,2016-12-06T20:45:00,Group C,group_stage,3,,C,not_applicable,0,0,ucl-fc-barcelona,ucl-bor-monchengladbach,FC Barcelona,Bor. Mönchengladbach,FC Barcelona,Bor. Mönchengladbach,ESP,GER,4,0,4,0,1,0,,,Normal Time,H,4,4,0,1632.1,1481.62,215.48,62,11,4-0 (1-0),2016-17/cl.txt,69,abfaeddc2ee3d14f99ecc163c9ddb46cb4d67cef
UCL-2016-17-M-0086,UEFA Champions League,2016-17,2016-12-06,20:45,2016-12-06T20:45:00,Group C,group_stage,3,,C,not_applicable,0,0,ucl-manchester-city,ucl-celtic-fc,Manchester City,Celtic FC,Manchester City,Celtic FC,ENG,SCO,1,1,1,1,1,1,,,Normal Time,D,2,0,1,1544.3,1453.84,155.46,45,19,1-1 (1-1),2016-17/cl.txt,70,abfaeddc2ee3d14f99ecc163c9ddb46cb4d67cef
UCL-2016-17-M-0087,UEFA Champions League,2016-17,2016-12-06,20:45,2016-12-06T20:45:00,Group D,group_stage,3,,D,not_applicable,0,0,ucl-bayern-munich,ucl-atletico-madrid,Bayern Munich,Atlético Madrid,Bayern München,Atlético Madrid,GER,ESP,1,0,1,0,1,0,,,Normal Time,H,1,1,0,1598.52,1612.59,50.92,67,41,1-0 (1-0),2016-17/cl.txt,90,abfaeddc2ee3d14f99ecc163c9ddb46cb4d67cef
UCL-2016-17-M-0088,UEFA Champions League,2016-17,2016-12-06,20:45,2016-12-06T20:45:00,Group D,group_stage,3,,D,not_applicable,0,0,ucl-psv-eindhoven,ucl-fk-rostov,PSV Eindhoven,FK Rostov,PSV Eindhoven,FK Rostov,NED,RUS,0,0,0,0,,,,,Normal Time,D,0,0,0,1483.25,1490.5,57.75,13,5,0-0,2016-17/cl.txt,91,abfaeddc2ee3d14f99ecc163c9ddb46cb4d67cef
UCL-2016-17-M-0089,UEFA Champions League,2016-17,2016-12-07,20:45,2016-12-07T20:45:00,Group E,group_stage,3,,E,not_applicable,0,0,ucl-bayer-leverkusen,ucl-as-monaco,Bayer Leverkusen,AS Monaco,Bayer Leverkusen,AS Monaco,GER,FRA,3,0,3,0,1,0,,,Normal Time,H,3,3,0,1506.34,1530.76,40.58,35,15,3-0 (1-0),2016-17/cl.txt,111,abfaeddc2ee3d14f99ecc163c9ddb46cb4d67cef
UCL-2016-17-M-0090,UEFA Champions League,2016-17,2016-12-07,20:45,2016-12-07T20:45:00,Group E,group_stage,3,,E,not_applicable,0,0,ucl-tottenham-hotspur,ucl-cska-moskva,Tottenham Hotspur,CSKA Moskva,Tottenham Hotspur,CSKA Moskva,ENG,RUS,3,1,3,1,2,1,,,Normal Time,H,4,2,1,1481.8,1437.82,108.98,5,31,3-1 (2-1),2016-17/cl.txt,112,abfaeddc2ee3d14f99ecc163c9ddb46cb4d67cef
UCL-2016-17-M-0091,UEFA Champions League,2016-17,2016-12-07,20:45,2016-12-07T20:45:00,Group F,group_stage,3,,F,not_applicable,0,0,ucl-legia-warszawa,ucl-sporting-cp,Legia Warszawa,Sporting CP,Legia Warszawa,Sporting CP,POL,POR,1,0,1,0,1,0,,,Normal Time,H,1,1,0,1472.96,1474.41,63.55,5,11,1-0 (1-0),2016-17/cl.txt,132,abfaeddc2ee3d14f99ecc163c9ddb46cb4d67cef
UCL-2016-17-M-0092,UEFA Champions League,2016-17,2016-12-07,20:45,2016-12-07T20:45:00,Group F,group_stage,3,,F,not_applicable,0,0,ucl-real-madrid,ucl-borussia-dortmund,Real Madrid,Borussia Dortmund,Real Madrid,Borussia Dortmund,ESP,GER,2,2,2,2,1,0,,,Normal Time,D,4,0,1,1643.37,1561.65,146.73,67,42,2-2 (1-0),2016-17/cl.txt,133,abfaeddc2ee3d14f99ecc163c9ddb46cb4d67cef
UCL-2016-17-M-0093,UEFA Champions League,2016-17,2016-12-07,20:45,2016-12-07T20:45:00,Group G,group_stage,3,,G,not_applicable,0,0,ucl-club-brugge-kv,ucl-fc-k-benhavn,Club Brugge KV,FC København,Club Brugge KV,FC København,BEL,DEN,0,2,0,2,0,2,,,Normal Time,A,2,-2,0,1456.61,1489.09,32.53,5,11,0-2 (0-2),2016-17/cl.txt,153,abfaeddc2ee3d14f99ecc163c9ddb46cb4d67cef
UCL-2016-17-M-0094,UEFA Champions League,2016-17,2016-12-07,20:45,2016-12-07T20:45:00,Group G,group_stage,3,,G,not_applicable,0,0,ucl-fc-porto,ucl-leicester-city,FC Porto,Leicester City,FC Porto,Leicester City,POR,ENG,5,0,5,0,3,0,,,Normal Time,H,5,5,0,1541.38,1535.29,71.08,41,5,5-0 (3-0),2016-17/cl.txt,154,abfaeddc2ee3d14f99ecc163c9ddb46cb4d67cef
UCL-2016-17-M-0095,UEFA Champions League,2016-17,2016-12-07,20:45,2016-12-07T20:45:00,Group H,group_stage,3,,H,not_applicable,0,0,ucl-juventus,ucl-dinamo-zagreb,Juventus,Dinamo Zagreb,Juventus,Dinamo Zagreb,ITA,CRO,2,0,2,0,0,0,,,Normal Time,H,2,2,0,1574.34,1395.27,244.07,42,23,2-0 (0-0),2016-17/cl.txt,174,abfaeddc2ee3d14f99ecc163c9ddb46cb4d67cef
UCL-2016-17-M-0096,UEFA Champions League,2016-17,2016-12-07,20:45,2016-12-07T20:45:00,Group H,group_stage,3,,H,not_applicable,0,0,ucl-olympique-lyonnais,ucl-sevilla-fc,Olympique Lyonnais,Sevilla FC,Olympique Lyonnais,Sevilla FC,FRA,ESP,0,0,0,0,,,,,Normal Time,D,0,0,0,1481.22,1503.39,42.83,19,11,0-0,2016-17/cl.txt,175,abfaeddc2ee3d14f99ecc163c9ddb46cb4d67cef
UCL-2016-17-M-0097,UEFA Champions League,2016-17,2017-02-14,20:45,2017-02-14T20:45:00,Round of 16,round_of_16,5,,,1,0,0,ucl-benfica,ucl-borussia-dortmund,Benfica,Borussia Dortmund,SL Benfica,Borussia Dortmund,POR,GER,1,0,1,0,0,0,,,Normal Time,H,1,1,0,1516.22,1565.64,15.59,44,43,1-0 (0-0),2016-17/cl.txt,180,abfaeddc2ee3d14f99ecc163c9ddb46cb4d67cef
UCL-2016-17-M-0098,UEFA Champions League,2016-17,2017-02-14,20:45,2017-02-14T20:45:00,Round of 16,round_of_16,5,,,1,0,0,ucl-paris-saint-germain,ucl-fc-barcelona,Paris Saint-Germain,FC Barcelona,Paris Saint-Germain,FC Barcelona,FRA,ESP,4,0,4,0,2,0,,,Normal Time,H,4,4,0,1588.16,1636.58,16.57,46,63,4-0 (2-0),2016-17/cl.txt,181,abfaeddc2ee3d14f99ecc163c9ddb46cb4d67cef
UCL-2016-17-M-0099,UEFA Champions League,2016-17,2017-02-15,20:45,2017-02-15T20:45:00,Round of 16,round_of_16,5,,,1,0,0,ucl-real-madrid,ucl-ssc-napoli,Real Madrid,SSC Napoli,Real Madrid,SSC Napoli,ESP,ITA,3,1,3,1,1,1,,,Normal Time,H,4,2,1,1639.39,1535.93,168.45,68,20,3-1 (1-1),2016-17/cl.txt,183,abfaeddc2ee3d14f99ecc163c9ddb46cb4d67cef
UCL-2016-17-M-0100,UEFA Champions League,2016-17,2017-02-15,20:45,2017-02-15T20:45:00,Round of 16,round_of_16,5,,,1,0,0,ucl-bayern-munich,ucl-arsenal-fc,Bayern Munich,Arsenal FC,Bayern München,Arsenal FC,GER,ENG,5,1,5,1,1,1,,,Normal Time,H,6,4,1,1607.06,1557.97,114.1,68,46,5-1 (1-1),2016-17/cl.txt,184,abfaeddc2ee3d14f99ecc163c9ddb46cb4d67cef
UCL-2016-17-M-0101,UEFA Champions League,2016-17,2017-02-21,20:45,2017-02-21T20:45:00,Round of 16,round_of_16,5,,,1,0,0,ucl-manchester-city,ucl-as-monaco,Manchester City,AS Monaco,Manchester City,AS Monaco,ENG,FRA,5,3,5,3,1,2,,,Normal Time,H,8,2,1,1540.1,1521.92,83.18,46,16,5-3 (1-2),2016-17/cl.txt,186,abfaeddc2ee3d14f99ecc163c9ddb46cb4d67cef
UCL-2016-17-M-0102,UEFA Champions League,2016-17,2017-02-21,20:45,2017-02-21T20:45:00,Round of 16,round_of_16,5,,,1,0,0,ucl-bayer-leverkusen,ucl-atletico-madrid,Bayer Leverkusen,Atlético Madrid,Bayer Leverkusen,Atlético Madrid,GER,ESP,2,4,2,4,0,2,,,Normal Time,A,6,-2,1,1515.18,1604.05,-23.87,36,42,2-4 (0-2),2016-17/cl.txt,187,abfaeddc2ee3d14f99ecc163c9ddb46cb4d67cef
UCL-2016-17-M-0103,UEFA Champions League,2016-17,2017-02-22,20:45,2017-02-22T20:45:00,Round of 16,round_of_16,5,,,1,0,0,ucl-fc-porto,ucl-juventus,FC Porto,Juventus,FC Porto,Juventus,POR,ITA,0,2,0,2,0,0,,,Normal Time,A,2,-2,0,1549.36,1578.28,36.08,42,43,0-2 (0-0),2016-17/cl.txt,189,abfaeddc2ee3d14f99ecc163c9ddb46cb4d67cef
UCL-2016-17-M-0104,UEFA Champions League,2016-17,2017-02-22,20:45,2017-02-22T20:45:00,Round of 16,round_of_16,5,,,1,0,0,ucl-sevilla-fc,ucl-leicester-city,Sevilla FC,Leicester City,Sevilla FC,Leicester City,ESP,ENG,2,1,2,1,1,0,,,Normal Time,H,3,1,1,1504.62,1527.31,42.31,12,6,2-1 (1-0),2016-17/cl.txt,190,abfaeddc2ee3d14f99ecc163c9ddb46cb4d67cef
UCL-2016-17-M-0105,UEFA Champions League,2016-17,2017-03-07,20:45,2017-03-07T20:45:00,Round of 16,round_of_16,5,,,2,0,0,ucl-ssc-napoli,ucl-real-madrid,SSC Napoli,Real Madrid,SSC Napoli,Real Madrid,ITA,ESP,1,3,1,3,1,0,,,Normal Time,A,4,-2,1,1530.43,1644.88,-49.45,21,69,1-3 (1-0),2016-17/cl.txt,192,abfaeddc2ee3d14f99ecc163c9ddb46cb4d67cef
UCL-2016-17-M-0106,UEFA Champions League,2016-17,2017-03-07,20:45,2017-03-07T20:45:00,Round of 16,round_of_16,5,,,2,0,0,ucl-arsenal-fc,ucl-bayern-munich,Arsenal FC,Bayern Munich,Arsenal FC,Bayern München,ENG,GER,1,5,1,5,1,0,,,Normal Time,A,6,-4,1,1551.14,1613.89,2.24,47,69,1-5 (1-0),2016-17/cl.txt,193,abfaeddc2ee3d14f99ecc163c9ddb46cb4d67cef
UCL-2016-17-M-0107,UEFA Champions League,2016-17,2017-03-08,20:45,2017-03-08T20:45:00,Round of 16,round_of_16,5,,,2,0,0,ucl-borussia-dortmund,ucl-benfica,Borussia Dortmund,Benfica,Borussia Dortmund,SL Benfica,GER,POR,4,0,4,0,1,0,,,Normal Time,H,4,4,0,1556.09,1525.77,95.31,44,45,4-0 (1-0),2016-17/cl.txt,195,abfaeddc2ee3d14f99ecc163c9ddb46cb4d67cef
UCL-2016-17-M-0108,UEFA Champions League,2016-17,2017-03-08,20:45,2017-03-08T20:45:00,Round of 16,round_of_16,5,,,2,0,0,ucl-fc-barcelona,ucl-paris-saint-germain,FC Barcelona,Paris Saint-Germain,FC Barcelona,Paris Saint-Germain,ESP,FRA,6,1,6,1,2,0,,,Normal Time,H,7,5,1,1627.06,1597.68,94.38,64,47,6-1 (2-0),2016-17/cl.txt,196,abfaeddc2ee3d14f99ecc163c9ddb46cb4d67cef
UCL-2016-17-M-0109,UEFA Champions League,2016-17,2017-03-14,20:45,2017-03-14T20:45:00,Round of 16,round_of_16,5,,,2,0,0,ucl-juventus,ucl-fc-porto,Juventus,FC Porto,Juventus,FC Porto,ITA,POR,1,0,1,0,1,0,,,Normal Time,H,1,1,0,1589.32,1538.32,115.99,44,43,1-0 (1-0),2016-17/cl.txt,198,abfaeddc2ee3d14f99ecc163c9ddb46cb4d67cef
UCL-2016-17-M-0110,UEFA Champions League,2016-17,2017-03-14,20:45,2017-03-14T20:45:00,Round of 16,round_of_16,5,,,2,0,0,ucl-leicester-city,ucl-sevilla-fc,Leicester City,Sevilla FC,Leicester City,Sevilla FC,ENG,ESP,2,0,2,0,1,0,,,Normal Time,H,2,2,0,1518.52,1513.41,70.11,7,13,2-0 (1-0),2016-17/cl.txt,199,abfaeddc2ee3d14f99ecc163c9ddb46cb4d67cef
UCL-2016-17-M-0111,UEFA Champions League,2016-17,2017-03-15,20:45,2017-03-15T20:45:00,Round of 16,round_of_16,5,,,2,0,0,ucl-as-monaco,ucl-manchester-city,AS Monaco,Manchester City,AS Monaco,Manchester City,FRA,ENG,3,1,3,1,2,0,,,Normal Time,H,4,2,1,1514.27,1547.75,31.52,17,47,3-1 (2-0),2016-17/cl.txt,201,abfaeddc2ee3d14f99ecc163c9ddb46cb4d67cef
UCL-2016-17-M-0112,UEFA Champions League,2016-17,2017-03-15,20:45,2017-03-15T20:45:00,Round of 16,round_of_16,5,,,2,0,0,ucl-atletico-madrid,ucl-bayer-leverkusen,Atlético Madrid,Bayer Leverkusen,Atlético Madrid,Bayer Leverkusen,ESP,GER,0,0,0,0,,,,,Normal Time,D,0,0,0,1613.36,1505.86,172.5,43,37,0-0,2016-17/cl.txt,202,abfaeddc2ee3d14f99ecc163c9ddb46cb4d67cef
UCL-2016-17-M-0113,UEFA Champions League,2016-17,2017-04-11,20:45,2017-04-11T20:45:00,Quarterfinals,quarterfinal,6,,,1,0,0,ucl-juventus,ucl-fc-barcelona,Juventus,FC Barcelona,Juventus,FC Barcelona,ITA,ESP,3,0,3,0,2,0,,,Normal Time,H,3,3,0,1596.1,1634.41,26.69,45,65,3-0 (2-0),2016-17/cl.txt,207,abfaeddc2ee3d14f99ecc163c9ddb46cb4d67cef
UCL-2016-17-M-0114,UEFA Champions League,2016-17,2017-04-12,18:45,2017-04-12T18:45:00,Quarterfinals,quarterfinal,6,,,1,0,0,ucl-borussia-dortmund,ucl-as-monaco,Borussia Dortmund,AS Monaco,Borussia Dortmund,AS Monaco,GER,FRA,2,3,2,3,0,2,,,Normal Time,A,5,-1,1,1563.41,1523.37,105.04,45,18,2-3 (0-2),2016-17/cl.txt,209,abfaeddc2ee3d14f99ecc163c9ddb46cb4d67cef
UCL-2016-17-M-0115,UEFA Champions League,2016-17,2017-04-12,20:45,2017-04-12T20:45:00,Quarterfinals,quarterfinal,6,,,1,0,0,ucl-atletico-madrid,ucl-leicester-city,Atlético Madrid,Leicester City,Atlético Madrid,Leicester City,ESP,ENG,1,0,1,0,1,0,,,Normal Time,H,1,1,0,1608.77,1526.53,147.24,44,8,1-0 (1-0),2016-17/cl.txt,210,abfaeddc2ee3d14f99ecc163c9ddb46cb4d67cef
UCL-2016-17-M-0116,UEFA Champions League,2016-17,2017-04-12,20:45,2017-04-12T20:45:00,Quarterfinals,quarterfinal,6,,,1,0,0,ucl-bayern-munich,ucl-real-madrid,Bayern Munich,Real Madrid,Bayern München,Real Madrid,GER,ESP,1,2,1,2,1,0,,,Normal Time,A,3,-1,1,1623.96,1653.47,35.49,70,70,1-2 (1-0),2016-17/cl.txt,211,abfaeddc2ee3d14f99ecc163c9ddb46cb4d67cef
UCL-2016-17-M-0117,UEFA Champions League,2016-17,2017-04-18,20:45,2017-04-18T20:45:00,Quarterfinals,quarterfinal,6,,,2,0,0,ucl-leicester-city,ucl-atletico-madrid,Leicester City,Atlético Madrid,Leicester City,Atlético Madrid,ENG,ESP,1,1,1,1,0,1,,,Normal Time,D,2,0,1,1520.53,1614.77,-29.24,9,45,1-1 (0-1),2016-17/cl.txt,213,abfaeddc2ee3d14f99ecc163c9ddb46cb4d67cef
UCL-2016-17-M-0118,UEFA Champions League,2016-17,2017-04-18,20:45,2017-04-18T20:45:00,Quarterfinals,quarterfinal,6,,,2,0,0,ucl-real-madrid,ucl-bayern-munich,Real Madrid,Bayern Munich,Real Madrid,Bayern München,ESP,GER,1,2,4,2,0,0,,,Extra Time,A,3,-1,1,1664.49,1612.94,116.55,71,71,"4-2 a.e.t. (1-2, 0-0)",2016-17/cl.txt,214,abfaeddc2ee3d14f99ecc163c9ddb46cb4d67cef
UCL-2016-17-M-0119,UEFA Champions League,2016-17,2017-04-19,20:45,2017-04-19T20:45:00,Quarterfinals,quarterfinal,6,,,2,0,0,ucl-fc-barcelona,ucl-juventus,FC Barcelona,Juventus,FC Barcelona,Juventus,ESP,ITA,0,0,0,0,,,,,Normal Time,D,0,0,0,1625.17,1605.33,84.84,66,46,0-0,2016-17/cl.txt,216,abfaeddc2ee3d14f99ecc163c9ddb46cb4d67cef
UCL-2016-17-M-0120,UEFA Champions League,2016-17,2017-04-19,20:50,2017-04-19T20:50:00,Quarterfinals,quarterfinal,6,,,2,0,0,ucl-as-monaco,ucl-borussia-dortmund,AS Monaco,Borussia Dortmund,AS Monaco,Borussia Dortmund,FRA,GER,3,1,3,1,2,0,,,Normal Time,H,4,2,1,1536.3,1550.47,50.83,19,46,3-1 (2-0),2016-17/cl.txt,217,abfaeddc2ee3d14f99ecc163c9ddb46cb4d67cef
UCL-2016-17-M-0121,UEFA Champions League,2016-17,2017-05-02,20:45,2017-05-02T20:45:00,Semifinals,semifinal,7,,,1,0,0,ucl-real-madrid,ucl-atletico-madrid,Real Madrid,Atlético Madrid,Real Madrid,Atlético Madrid,ESP,ESP,3,0,3,0,1,0,,,Normal Time,H,3,3,0,1651.25,1613.93,102.32,72,46,3-0 (1-0),2016-17/cl.txt,222,abfaeddc2ee3d14f99ecc163c9ddb46cb4d67cef
UCL-2016-17-M-0122,UEFA Champions League,2016-17,2017-05-03,20:45,2017-05-03T20:45:00,Semifinals,semifinal,7,,,1,0,0,ucl-as-monaco,ucl-juventus,AS Monaco,Juventus,AS Monaco,Juventus,FRA,ITA,0,2,0,2,0,1,,,Normal Time,A,2,-2,0,1544.85,1607.73,2.12,20,47,0-2 (0-1),2016-17/cl.txt,224,abfaeddc2ee3d14f99ecc163c9ddb46cb4d67cef
UCL-2016-17-M-0123,UEFA Champions League,2016-17,2017-05-09,20:45,2017-05-09T20:45:00,Semifinals,semifinal,7,,,2,0,0,ucl-juventus,ucl-as-monaco,Juventus,AS Monaco,Juventus,AS Monaco,ITA,FRA,2,1,2,1,2,0,,,Normal Time,H,3,1,1,1617.79,1534.79,148.0,48,21,2-1 (2-0),2016-17/cl.txt,226,abfaeddc2ee3d14f99ecc163c9ddb46cb4d67cef
UCL-2016-17-M-0124,UEFA Champions League,2016-17,2017-05-10,20:45,2017-05-10T20:45:00,Semifinals,semifinal,7,,,2,0,0,ucl-atletico-madrid,ucl-real-madrid,Atlético Madrid,Real Madrid,Atlético Madrid,Real Madrid,ESP,ESP,2,1,2,1,2,1,,,Normal Time,H,3,1,1,1606.79,1658.39,13.4,47,73,2-1 (2-1),2016-17/cl.txt,228,abfaeddc2ee3d14f99ecc163c9ddb46cb4d67cef
UCL-2016-17-M-0125,UEFA Champions League,2016-17,2017-06-03,20:45,2017-06-03T20:45:00,Final,final,8,,,single,0,1,ucl-juventus,ucl-real-madrid,Juventus,Real Madrid,Juventus,Real Madrid,ITA,ESP,1,4,1,4,1,1,,,Normal Time,A,5,-3,1,1623.77,1648.78,-25.01,49,74,1-4 (1-1),2016-17/cl.txt,233,abfaeddc2ee3d14f99ecc163c9ddb46cb4d67cef
UCL-2017-18-M-0001,UEFA Champions League,2017-18,2017-09-12,20:45,2017-09-12T20:45:00,Group A,group_stage,3,,A,not_applicable,0,0,ucl-manchester-united,ucl-fc-basel-1893,Manchester United,FC Basel 1893,Manchester United,FC Basel 1893,ENG,SUI,3,0,3,0,1,0,,,Normal Time,H,3,3,0,1516.3,1470.8,110.5,30,28,3-0 (1-0),2017-18/cl.txt,11,abfaeddc2ee3d14f99ecc163c9ddb46cb4d67cef
UCL-2017-18-M-0002,UEFA Champions League,2017-18,2017-09-12,20:45,2017-09-12T20:45:00,Group A,group_stage,3,,A,not_applicable,0,0,ucl-benfica,ucl-cska-moskva,Benfica,CSKA Moskva,SL Benfica,CSKA Moskva,POR,RUS,1,2,1,2,0,0,,,Normal Time,A,3,-1,1,1515.68,1441.23,139.45,46,32,1-2 (0-0),2017-18/cl.txt,12,abfaeddc2ee3d14f99ecc163c9ddb46cb4d67cef
UCL-2017-18-M-0003,UEFA Champions League,2017-18,2017-09-12,20:45,2017-09-12T20:45:00,Group B,group_stage,3,,B,not_applicable,0,0,ucl-bayern-munich,ucl-rsc-anderlecht,Bayern Munich,RSC Anderlecht,Bayern München,RSC Anderlecht,GER,BEL,3,0,3,0,1,0,,,Normal Time,H,3,3,0,1607.25,1472.4,199.85,72,18,3-0 (1-0),2017-18/cl.txt,32,abfaeddc2ee3d14f99ecc163c9ddb46cb4d67cef
UCL-2017-18-M-0004,UEFA Champions League,2017-18,2017-09-12,20:45,2017-09-12T20:45:00,Group B,group_stage,3,,B,not_applicable,0,0,ucl-celtic-fc,ucl-paris-saint-germain,Celtic FC,Paris Saint-Germain,Celtic FC,Paris Saint-Germain,SCO,FRA,0,5,0,5,0,3,,,Normal Time,A,5,-5,0,1464.33,1576.78,-47.45,20,48,0-5 (0-3),2017-18/cl.txt,33,abfaeddc2ee3d14f99ecc163c9ddb46cb4d67cef
UCL-2017-18-M-0005,UEFA Champions League,2017-18,2017-09-12,20:45,2017-09-12T20:45:00,Group C,group_stage,3,,C,not_applicable,0,0,ucl-as-roma,ucl-atletico-madrid,AS Roma,Atlético Madrid,AS Roma,Atlético Madrid,ITA,ESP,0,0,0,0,,,,,Normal Time,D,0,0,0,1478.61,1598.95,-55.34,14,48,0-0,2017-18/cl.txt,53,abfaeddc2ee3d14f99ecc163c9ddb46cb4d67cef
UCL-2017-18-M-0006,UEFA Champions League,2017-18,2017-09-12,20:45,2017-09-12T20:45:00,Group C,group_stage,3,,C,not_applicable,0,0,ucl-chelsea-fc,ucl-qarabag-fk,Chelsea FC,Qarabağ FK,Chelsea FC,Qarabağ FK,ENG,AZE,6,0,6,0,2,0,,,Normal Time,H,6,6,0,1546.74,1500.0,111.74,47,0,6-0 (2-0),2017-18/cl.txt,54,abfaeddc2ee3d14f99ecc163c9ddb46cb4d67cef
UCL-2017-18-M-0007,UEFA Champions League,2017-18,2017-09-12,20:45,2017-09-12T20:45:00,Group D,group_stage,3,,D,not_applicable,0,0,ucl-fc-barcelona,ucl-juventus,FC Barcelona,Juventus,FC Barcelona,Juventus,ESP,ITA,3,0,3,0,1,0,,,Normal Time,H,3,3,0,1604.36,1597.31,72.05,67,50,3-0 (1-0),2017-18/cl.txt,74,abfaeddc2ee3d14f99ecc163c9ddb46cb4d67cef
UCL-2017-18-M-0008,UEFA Champions League,2017-18,2017-09-12,20:45,2017-09-12T20:45:00,Group D,group_stage,3,,D,not_applicable,0,0,ucl-olympiacos,ucl-sporting-cp,Olympiacos,Sporting CP,Olympiakos Piraeus,Sporting CP,GRE,POR,2,3,2,3,0,3,,,Normal Time,A,5,-1,1,1509.68,1471.28,103.39,32,12,2-3 (0-3),2017-18/cl.txt,75,abfaeddc2ee3d14f99ecc163c9ddb46cb4d67cef
UCL-2017-18-M-0009,UEFA Champions League,2017-18,2017-09-13,20:45,2017-09-13T20:45:00,Group E,group_stage,3,,E,not_applicable,0,0,ucl-liverpool-fc,ucl-sevilla-fc,Liverpool FC,Sevilla FC,Liverpool FC,Sevilla FC,ENG,ESP,2,2,2,2,2,1,,,Normal Time,D,4,0,1,1492.26,1504.59,52.67,6,14,2-2 (2-1),2017-18/cl.txt,95,abfaeddc2ee3d14f99ecc163c9ddb46cb4d67cef
UCL-2017-18-M-0010,UEFA Champions League,2017-18,2017-09-13,20:45,2017-09-13T20:45:00,Group E,group_stage,3,,E,not_applicable,0,0,ucl-nk-maribor,ucl-spartak-moskva,NK Maribor,Spartak Moskva,NK Maribor,Spartak Moskva,SVN,RUS,1,1,1,1,0,0,,,Normal Time,D,2,0,1,1483.94,1484.53,64.42,6,6,1-1 (0-0),2017-18/cl.txt,96,abfaeddc2ee3d14f99ecc163c9ddb46cb4d67cef
UCL-2017-18-M-0011,UEFA Champions League,2017-18,2017-09-13,20:45,2017-09-13T20:45:00,Group F,group_stage,3,,F,not_applicable,0,0,ucl-shakhtar-donetsk,ucl-ssc-napoli,Shakhtar Donetsk,SSC Napoli,Shakhtar Donetsk,SSC Napoli,UKR,ITA,2,1,2,1,1,0,,,Normal Time,H,3,1,1,1477.38,1518.57,23.81,34,22,2-1 (1-0),2017-18/cl.txt,116,abfaeddc2ee3d14f99ecc163c9ddb46cb4d67cef
UCL-2017-18-M-0012,UEFA Champions League,2017-18,2017-09-13,20:45,2017-09-13T20:45:00,Group F,group_stage,3,,F,not_applicable,0,0,ucl-feyenoord,ucl-manchester-city,Feyenoord,Manchester City,Feyenoord,Manchester City,NED,ENG,0,4,0,4,0,3,,,Normal Time,A,4,-4,0,1500.0,1532.86,32.14,0,48,0-4 (0-3),2017-18/cl.txt,117,abfaeddc2ee3d14f99ecc163c9ddb46cb4d67cef
UCL-2017-18-M-0013,UEFA Champions League,2017-18,2017-09-13,20:45,2017-09-13T20:45:00,Group G,group_stage,3,,G,not_applicable,0,0,ucl-fc-porto,ucl-besiktas,FC Porto,Beşiktaş,FC Porto,Beşiktaş,POR,TUR,1,3,1,3,1,2,,,Normal Time,A,4,-2,1,1526.81,1500.97,90.84,44,6,1-3 (1-2),2017-18/cl.txt,137,abfaeddc2ee3d14f99ecc163c9ddb46cb4d67cef
UCL-2017-18-M-0014,UEFA Champions League,2017-18,2017-09-13,20:45,2017-09-13T20:45:00,Group G,group_stage,3,,G,not_applicable,0,0,ucl-rb-leipzig,ucl-as-monaco,RB Leipzig,AS Monaco,RB Leipzig,AS Monaco,GER,FRA,1,1,1,1,1,1,,,Normal Time,D,2,0,1,1500.0,1524.49,40.51,0,22,1-1 (1-1),2017-18/cl.txt,138,abfaeddc2ee3d14f99ecc163c9ddb46cb4d67cef
UCL-2017-18-M-0015,UEFA Champions League,2017-18,2017-09-13,20:45,2017-09-13T20:45:00,Group H,group_stage,3,,H,not_applicable,0,0,ucl-tottenham-hotspur,ucl-borussia-dortmund,Tottenham Hotspur,Borussia Dortmund,Tottenham Hotspur,Borussia Dortmund,ENG,GER,3,1,3,1,2,1,,,Normal Time,H,4,2,1,1490.45,1535.64,19.81,6,47,3-1 (2-1),2017-18/cl.txt,158,abfaeddc2ee3d14f99ecc163c9ddb46cb4d67cef
UCL-2017-18-M-0016,UEFA Champions League,2017-18,2017-09-13,20:45,2017-09-13T20:45:00,Group H,group_stage,3,,H,not_applicable,0,0,ucl-real-madrid,ucl-apoel-nikosia,Real Madrid,APOEL Nikosia,Real Madrid,APOEL Nikosia,ESP,CYP,3,0,3,0,1,0,,,Normal Time,H,3,3,0,1634.35,1471.83,227.52,75,16,3-0 (1-0),2017-18/cl.txt,159,abfaeddc2ee3d14f99ecc163c9ddb46cb4d67cef
UCL-2017-18-M-0017,UEFA Champions League,2017-18,2017-09-26,20:45,2017-09-26T20:45:00,Group E,group_stage,3,,E,not_applicable,0,0,ucl-spartak-moskva,ucl-liverpool-fc,Spartak Moskva,Liverpool FC,Spartak Moskva,Liverpool FC,RUS,ENG,1,1,1,1,1,1,,,Normal Time,D,2,0,1,1486.36,1490.76,60.6,7,7,1-1 (1-1),2017-18/cl.txt,98,abfaeddc2ee3d14f99ecc163c9ddb46cb4d67cef
UCL-2017-18-M-0018,UEFA Champions League,2017-18,2017-09-26,20:45,2017-09-26T20:45:00,Group E,group_stage,3,,E,not_applicable,0,0,ucl-sevilla-fc,ucl-nk-maribor,Sevilla FC,NK Maribor,Sevilla FC,NK Maribor,ESP,SVN,3,0,3,0,2,0,,,Normal Time,H,3,3,0,1506.09,1482.11,88.98,15,7,3-0 (2-0),2017-18/cl.txt,99,abfaeddc2ee3d14f99ecc163c9ddb46cb4d67cef
UCL-2017-18-M-0019,UEFA Champions League,2017-18,2017-09-26,20:45,2017-09-26T20:45:00,Group F,group_stage,3,,F,not_applicable,0,0,ucl-manchester-city,ucl-shakhtar-donetsk,Manchester City,Shakhtar Donetsk,Manchester City,Shakhtar Donetsk,ENG,UKR,2,0,2,0,0,0,,,Normal Time,H,2,2,0,1543.78,1486.7,122.08,49,35,2-0 (0-0),2017-18/cl.txt,119,abfaeddc2ee3d14f99ecc163c9ddb46cb4d67cef
UCL-2017-18-M-0020,UEFA Champions League,2017-18,2017-09-26,20:45,2017-09-26T20:45:00,Group F,group_stage,3,,F,not_applicable,0,0,ucl-ssc-napoli,ucl-feyenoord,SSC Napoli,Feyenoord,SSC Napoli,Feyenoord,ITA,NED,3,1,3,1,1,0,,,Normal Time,H,4,2,1,1509.26,1489.08,85.18,23,1,3-1 (1-0),2017-18/cl.txt,120,abfaeddc2ee3d14f99ecc163c9ddb46cb4d67cef
UCL-2017-18-M-0021,UEFA Champions League,2017-18,2017-09-26,20:45,2017-09-26T20:45:00,Group G,group_stage,3,,G,not_applicable,0,0,ucl-as-monaco,ucl-fc-porto,AS Monaco,FC Porto,AS Monaco,FC Porto,FRA,POR,0,3,0,3,0,1,,,Normal Time,A,3,-3,0,1525.65,1514.26,76.39,23,45,0-3 (0-1),2017-18/cl.txt,140,abfaeddc2ee3d14f99ecc163c9ddb46cb4d67cef
UCL-2017-18-M-0022,UEFA Champions League,2017-18,2017-09-26,20:45,2017-09-26T20:45:00,Group G,group_stage,3,,G,not_applicable,0,0,ucl-besiktas,ucl-rb-leipzig,Beşiktaş,RB Leipzig,Beşiktaş,RB Leipzig,TUR,GER,2,0,2,0,2,0,,,Normal Time,H,2,2,0,1513.53,1498.84,79.69,7,1,2-0 (2-0),2017-18/cl.txt,141,abfaeddc2ee3d14f99ecc163c9ddb46cb4d67cef
UCL-2017-18-M-0023,UEFA Champions League,2017-18,2017-09-26,20:45,2017-09-26T20:45:00,Group H,group_stage,3,,H,not_applicable,0,0,ucl-borussia-dortmund,ucl-real-madrid,Borussia Dortmund,Real Madrid,Borussia Dortmund,Real Madrid,GER,ESP,1,3,1,3,0,1,,,Normal Time,A,4,-2,1,1526.21,1638.6,-47.39,48,76,1-3 (0-1),2017-18/cl.txt,161,abfaeddc2ee3d14f99ecc163c9ddb46cb4d67cef
UCL-2017-18-M-0024,UEFA Champions League,2017-18,2017-09-26,20:45,2017-09-26T20:45:00,Group H,group_stage,3,,H,not_applicable,0,0,ucl-apoel-nikosia,ucl-tottenham-hotspur,APOEL Nikosia,Tottenham Hotspur,APOEL Nikosia,Tottenham Hotspur,CYP,ENG,0,3,0,3,0,1,,,Normal Time,A,3,-3,0,1467.58,1499.88,32.7,17,7,0-3 (0-1),2017-18/cl.txt,162,abfaeddc2ee3d14f99ecc163c9ddb46cb4d67cef
UCL-2017-18-M-0025,UEFA Champions League,2017-18,2017-09-27,18:00,2017-09-27T18:00:00,Group C,group_stage,3,,C,not_applicable,0,0,ucl-qarabag-fk,ucl-as-roma,Qarabağ FK,AS Roma,Qarabağ FK,AS Roma,AZE,ITA,1,2,1,2,1,2,,,Normal Time,A,3,-1,1,1493.11,1480.19,77.92,1,15,1-2 (1-2),2017-18/cl.txt,56,abfaeddc2ee3d14f99ecc163c9ddb46cb4d67cef
UCL-2017-18-M-0026,UEFA Champions League,2017-18,2017-09-27,20:45,2017-09-27T20:45:00,Group A,group_stage,3,,A,not_applicable,0,0,ucl-fc-basel-1893,ucl-benfica,FC Basel 1893,Benfica,FC Basel 1893,SL Benfica,SUI,POR,5,0,5,0,2,0,,,Normal Time,H,5,5,0,1463.88,1501.87,27.01,29,47,5-0 (2-0),2017-18/cl.txt,14,abfaeddc2ee3d14f99ecc163c9ddb46cb4d67cef
UCL-2017-18-M-0027,UEFA Champions League,2017-18,2017-09-27,20:45,2017-09-27T20:45:00,Group A,group_stage,3,,A,not_applicable,0,0,ucl-cska-moskva,ucl-manchester-united,CSKA Moskva,Manchester United,CSKA Moskva,Manchester United,RUS,ENG,1,4,1,4,0,3,,,Normal Time,A,5,-3,1,1455.04,1523.22,-3.18,33,31,1-4 (0-3),2017-18/cl.txt,15,abfaeddc2ee3d14f99ecc163c9ddb46cb4d67cef
UCL-2017-18-M-0028,UEFA Champions League,2017-18,2017-09-27,20:45,2017-09-27T20:45:00,Group B,group_stage,3,,B,not_applicable,0,0,ucl-paris-saint-germain,ucl-bayern-munich,Paris Saint-Germain,Bayern Munich,Paris Saint-Germain,Bayern München,FRA,GER,3,0,3,0,2,0,,,Normal Time,H,3,3,0,1585.42,1612.06,38.37,49,73,3-0 (2-0),2017-18/cl.txt,35,abfaeddc2ee3d14f99ecc163c9ddb46cb4d67cef
UCL-2017-18-M-0029,UEFA Champions League,2017-18,2017-09-27,20:45,2017-09-27T20:45:00,Group B,group_stage,3,,B,not_applicable,0,0,ucl-rsc-anderlecht,ucl-celtic-fc,RSC Anderlecht,Celtic FC,RSC Anderlecht,Celtic FC,BEL,SCO,0,3,0,3,0,1,,,Normal Time,A,3,-3,0,1467.59,1455.69,76.9,19,21,0-3 (0-1),2017-18/cl.txt,36,abfaeddc2ee3d14f99ecc163c9ddb46cb4d67cef
UCL-2017-18-M-0030,UEFA Champions League,2017-18,2017-09-27,20:45,2017-09-27T20:45:00,Group C,group_stage,3,,C,not_applicable,0,0,ucl-atletico-madrid,ucl-chelsea-fc,Atlético Madrid,Chelsea FC,Atlético Madrid,Chelsea FC,ESP,ENG,1,2,1,2,1,0,,,Normal Time,A,3,-1,1,1597.37,1553.63,108.73,49,48,1-2 (1-0),2017-18/cl.txt,57,abfaeddc2ee3d14f99ecc163c9ddb46cb4d67cef
UCL-2017-18-M-0031,UEFA Champions League,2017-18,2017-09-27,20:45,2017-09-27T20:45:00,Group D,group_stage,3,,D,not_applicable,0,0,ucl-juventus,ucl-olympiacos,Juventus,Olympiacos,Juventus,Olympiakos Piraeus,ITA,GRE,2,0,2,0,0,0,,,Normal Time,H,2,2,0,1589.36,1496.79,157.57,51,33,2-0 (0-0),2017-18/cl.txt,77,abfaeddc2ee3d14f99ecc163c9ddb46cb4d67cef
UCL-2017-18-M-0032,UEFA Champions League,2017-18,2017-09-27,20:45,2017-09-27T20:45:00,Group D,group_stage,3,,D,not_applicable,0,0,ucl-sporting-cp,ucl-fc-barcelona,Sporting CP,FC Barcelona,Sporting CP,FC Barcelona,POR,ESP,0,1,0,1,0,0,,,Normal Time,A,1,-1,0,1484.17,1612.32,-63.14,13,68,0-1 (0-0),2017-18/cl.txt,78,abfaeddc2ee3d14f99ecc163c9ddb46cb4d67cef
UCL-2017-18-M-0033,UEFA Champions League,2017-18,2017-10-17,20:45,2017-10-17T20:45:00,Group E,group_stage,3,,E,not_applicable,0,0,ucl-spartak-moskva,ucl-sevilla-fc,Spartak Moskva,Sevilla FC,Spartak Moskva,Sevilla FC,RUS,ESP,5,1,5,1,1,1,,,Normal Time,H,6,4,1,1484.63,1513.59,36.05,8,16,5-1 (1-1),2017-18/cl.txt,101,abfaeddc2ee3d14f99ecc163c9ddb46cb4d67cef
UCL-2017-18-M-0034,UEFA Champions League,2017-18,2017-10-17,20:45,2017-10-17T20:45:00,Group E,group_stage,3,,E,not_applicable,0,0,ucl-nk-maribor,ucl-liverpool-fc,NK Maribor,Liverpool FC,NK Maribor,Liverpool FC,SVN,ENG,0,7,0,7,0,4,,,Normal Time,A,7,-7,0,1474.62,1492.48,47.13,8,8,0-7 (0-4),2017-18/cl.txt,102,abfaeddc2ee3d14f99ecc163c9ddb46cb4d67cef
UCL-2017-18-M-0035,UEFA Champions League,2017-18,2017-10-17,20:45,2017-10-17T20:45:00,Group F,group_stage,3,,F,not_applicable,0,0,ucl-manchester-city,ucl-ssc-napoli,Manchester City,SSC Napoli,Manchester City,SSC Napoli,ENG,ITA,2,1,2,1,2,0,,,Normal Time,H,3,1,1,1550.4,1516.85,98.55,50,24,2-1 (2-0),2017-18/cl.txt,122,abfaeddc2ee3d14f99ecc163c9ddb46cb4d67cef
UCL-2017-18-M-0036,UEFA Champions League,2017-18,2017-10-17,20:45,2017-10-17T20:45:00,Group F,group_stage,3,,F,not_applicable,0,0,ucl-feyenoord,ucl-shakhtar-donetsk,Feyenoord,Shakhtar Donetsk,Feyenoord,Shakhtar Donetsk,NED,UKR,1,2,1,2,1,1,,,Normal Time,A,3,-1,1,1481.48,1480.07,66.41,2,36,1-2 (1-1),2017-18/cl.txt,123,abfaeddc2ee3d14f99ecc163c9ddb46cb4d67cef
UCL-2017-18-M-0037,UEFA Champions League,2017-18,2017-10-17,20:45,2017-10-17T20:45:00,Group G,group_stage,3,,G,not_applicable,0,0,ucl-as-monaco,ucl-besiktas,AS Monaco,Beşiktaş,AS Monaco,Beşiktaş,FRA,TUR,1,2,1,2,1,1,,,Normal Time,A,3,-1,1,1513.48,1521.27,57.21,24,8,1-2 (1-1),2017-18/cl.txt,143,abfaeddc2ee3d14f99ecc163c9ddb46cb4d67cef
UCL-2017-18-M-0038,UEFA Champions League,2017-18,2017-10-17,20:45,2017-10-17T20:45:00,Group G,group_stage,3,,G,not_applicable,0,0,ucl-rb-leipzig,ucl-fc-porto,RB Leipzig,FC Porto,RB Leipzig,FC Porto,GER,POR,3,2,3,2,3,2,,,Normal Time,H,5,1,1,1491.09,1526.42,29.67,2,46,3-2 (3-2),2017-18/cl.txt,144,abfaeddc2ee3d14f99ecc163c9ddb46cb4d67cef
UCL-2017-18-M-0039,UEFA Champions League,2017-18,2017-10-17,20:45,2017-10-17T20:45:00,Group H,group_stage,3,,H,not_applicable,0,0,ucl-real-madrid,ucl-tottenham-hotspur,Real Madrid,Tottenham Hotspur,Real Madrid,Tottenham Hotspur,ESP,ENG,1,1,1,1,1,1,,,Normal Time,D,2,0,1,1647.24,1510.82,201.43,77,8,1-1 (1-1),2017-18/cl.txt,164,abfaeddc2ee3d14f99ecc163c9ddb46cb4d67cef
UCL-2017-18-M-0040,UEFA Champions League,2017-18,2017-10-17,20:45,2017-10-17T20:45:00,Group H,group_stage,3,,H,not_applicable,0,0,ucl-apoel-nikosia,ucl-borussia-dortmund,APOEL Nikosia,Borussia Dortmund,APOEL Nikosia,Borussia Dortmund,CYP,GER,1,1,1,1,0,0,,,Normal Time,D,2,0,1,1456.64,1517.56,4.08,18,49,1-1 (0-0),2017-18/cl.txt,165,abfaeddc2ee3d14f99ecc163c9ddb46cb4d67cef
UCL-2017-18-M-0041,UEFA Champions League,2017-18,2017-10-18,18:00,2017-10-18T18:00:00,Group C,group_stage,3,,C,not_applicable,0,0,ucl-qarabag-fk,ucl-atletico-madrid,Qarabağ FK,Atlético Madrid,Qarabağ FK,Atlético Madrid,AZE,ESP,0,0,0,0,,,,,Normal Time,D,0,0,0,1480.9,1584.34,-38.43,2,50,0-0,2017-18/cl.txt,59,abfaeddc2ee3d14f99ecc163c9ddb46cb4d67cef
UCL-2017-18-M-0042,UEFA Champions League,2017-18,2017-10-18,20:45,2017-10-18T20:45:00,Group A,group_stage,3,,A,not_applicable,0,0,ucl-benfica,ucl-manchester-united,Benfica,Manchester United,SL Benfica,Manchester United,POR,ENG,0,1,0,1,0,0,,,Normal Time,A,1,-1,0,1492.65,1533.13,24.51,48,32,0-1 (0-0),2017-18/cl.txt,17,abfaeddc2ee3d14f99ecc163c9ddb46cb4d67cef
UCL-2017-18-M-0043,UEFA Champions League,2017-18,2017-10-18,20:45,2017-10-18T20:45:00,Group A,group_stage,3,,A,not_applicable,0,0,ucl-cska-moskva,ucl-fc-basel-1893,CSKA Moskva,FC Basel 1893,CSKA Moskva,FC Basel 1893,RUS,SUI,0,2,0,2,0,1,,,Normal Time,A,2,-2,0,1445.14,1473.11,37.03,34,30,0-2 (0-1),2017-18/cl.txt,18,abfaeddc2ee3d14f99ecc163c9ddb46cb4d67cef
UCL-2017-18-M-0044,UEFA Champions League,2017-18,2017-10-18,20:45,2017-10-18T20:45:00,Group B,group_stage,3,,B,not_applicable,0,0,ucl-rsc-anderlecht,ucl-paris-saint-germain,RSC Anderlecht,Paris Saint-Germain,RSC Anderlecht,Paris Saint-Germain,BEL,FRA,0,4,0,4,0,2,,,Normal Time,A,4,-4,0,1455.41,1594.32,-73.91,20,50,0-4 (0-2),2017-18/cl.txt,38,abfaeddc2ee3d14f99ecc163c9ddb46cb4d67cef
UCL-2017-18-M-0045,UEFA Champions League,2017-18,2017-10-18,20:45,2017-10-18T20:45:00,Group B,group_stage,3,,B,not_applicable,0,0,ucl-bayern-munich,ucl-celtic-fc,Bayern Munich,Celtic FC,Bayern München,Celtic FC,GER,SCO,3,0,3,0,2,0,,,Normal Time,H,3,3,0,1603.16,1467.87,200.29,74,22,3-0 (2-0),2017-18/cl.txt,39,abfaeddc2ee3d14f99ecc163c9ddb46cb4d67cef
UCL-2017-18-M-0046,UEFA Champions League,2017-18,2017-10-18,20:45,2017-10-18T20:45:00,Group C,group_stage,3,,C,not_applicable,0,0,ucl-chelsea-fc,ucl-as-roma,Chelsea FC,AS Roma,Chelsea FC,AS Roma,ENG,ITA,3,3,3,3,2,1,,,Normal Time,D,6,0,1,1566.66,1492.4,139.27,49,16,3-3 (2-1),2017-18/cl.txt,60,abfaeddc2ee3d14f99ecc163c9ddb46cb4d67cef
UCL-2017-18-M-0047,UEFA Champions League,2017-18,2017-10-18,20:45,2017-10-18T20:45:00,Group D,group_stage,3,,D,not_applicable,0,0,ucl-fc-barcelona,ucl-olympiacos,FC Barcelona,Olympiacos,FC Barcelona,Olympiakos Piraeus,ESP,GRE,3,1,3,1,1,0,,,Normal Time,H,4,2,1,1620.52,1491.03,194.49,69,34,3-1 (1-0),2017-18/cl.txt,80,abfaeddc2ee3d14f99ecc163c9ddb46cb4d67cef
UCL-2017-18-M-0048,UEFA Champions League,2017-18,2017-10-18,20:45,2017-10-18T20:45:00,Group D,group_stage,3,,D,not_applicable,0,0,ucl-juventus,ucl-sporting-cp,Juventus,Sporting CP,Juventus,Sporting CP,ITA,POR,2,1,2,1,1,1,,,Normal Time,H,3,1,1,1595.11,1475.97,184.14,52,14,2-1 (1-1),2017-18/cl.txt,81,abfaeddc2ee3d14f99ecc163c9ddb46cb4d67cef
UCL-2017-18-M-0049,UEFA Champions League,2017-18,2017-10-31,20:45,2017-10-31T20:45:00,Group A,group_stage,3,,A,not_applicable,0,0,ucl-manchester-united,ucl-benfica,Manchester United,Benfica,Manchester United,SL Benfica,ENG,POR,2,0,2,0,1,0,,,Normal Time,H,2,2,0,1543.84,1481.94,126.89,33,49,2-0 (1-0),2017-18/cl.txt,20,abfaeddc2ee3d14f99ecc163c9ddb46cb4d67cef
UCL-2017-18-M-0050,UEFA Champions League,2017-18,2017-10-31,20:45,2017-10-31T20:45:00,Group A,group_stage,3,,A,not_applicable,0,0,ucl-fc-basel-1893,ucl-cska-moskva,FC Basel 1893,CSKA Moskva,FC Basel 1893,CSKA Moskva,SUI,RUS,1,2,1,2,1,0,,,Normal Time,A,3,-1,1,1484.17,1434.07,115.09,31,35,1-2 (1-0),2017-18/cl.txt,21,abfaeddc2ee3d14f99ecc163c9ddb46cb4d67cef
UCL-2017-18-M-0051,UEFA Champions League,2017-18,2017-10-31,20:45,2017-10-31T20:45:00,Group B,group_stage,3,,B,not_applicable,0,0,ucl-paris-saint-germain,ucl-rsc-anderlecht,Paris Saint-Germain,RSC Anderlecht,Paris Saint-Germain,RSC Anderlecht,FRA,BEL,5,0,5,0,2,0,,,Normal Time,H,5,5,0,1602.23,1447.51,219.72,51,21,5-0 (2-0),2017-18/cl.txt,41,abfaeddc2ee3d14f99ecc163c9ddb46cb4d67cef
UCL-2017-18-M-0052,UEFA Champions League,2017-18,2017-10-31,20:45,2017-10-31T20:45:00,Group B,group_stage,3,,B,not_applicable,0,0,ucl-celtic-fc,ucl-bayern-munich,Celtic FC,Bayern Munich,Celtic FC,Bayern München,SCO,GER,1,2,1,2,0,1,,,Normal Time,A,3,-1,1,1463.07,1607.96,-79.89,23,75,1-2 (0-1),2017-18/cl.txt,42,abfaeddc2ee3d14f99ecc163c9ddb46cb4d67cef
UCL-2017-18-M-0053,UEFA Champions League,2017-18,2017-10-31,20:45,2017-10-31T20:45:00,Group C,group_stage,3,,C,not_applicable,0,0,ucl-as-roma,ucl-chelsea-fc,AS Roma,Chelsea FC,AS Roma,Chelsea FC,ITA,ENG,3,0,3,0,2,0,,,Normal Time,H,3,3,0,1496.2,1562.86,-1.66,17,50,3-0 (2-0),2017-18/cl.txt,62,abfaeddc2ee3d14f99ecc163c9ddb46cb4d67cef
UCL-2017-18-M-0054,UEFA Champions League,2017-18,2017-10-31,20:45,2017-10-31T20:45:00,Group C,group_stage,3,,C,not_applicable,0,0,ucl-atletico-madrid,ucl-qarabag-fk,Atlético Madrid,Qarabağ FK,Atlético Madrid,Qarabağ FK,ESP,AZE,1,1,1,1,0,1,,,Normal Time,D,2,0,1,1583.23,1482.01,166.23,51,3,1-1 (0-1),2017-18/cl.txt,63,abfaeddc2ee3d14f99ecc163c9ddb46cb4d67cef
UCL-2017-18-M-0055,UEFA Champions League,2017-18,2017-10-31,20:45,2017-10-31T20:45:00,Group D,group_stage,3,,D,not_applicable,0,0,ucl-olympiacos,ucl-fc-barcelona,Olympiacos,FC Barcelona,Olympiakos Piraeus,FC Barcelona,GRE,ESP,0,0,0,0,,,,,Normal Time,D,0,0,0,1486.11,1625.44,-74.33,35,70,0-0,2017-18/cl.txt,83,abfaeddc2ee3d14f99ecc163c9ddb46cb4d67cef
UCL-2017-18-M-0056,UEFA Champions League,2017-18,2017-10-31,20:45,2017-10-31T20:45:00,Group D,group_stage,3,,D,not_applicable,0,0,ucl-sporting-cp,ucl-juventus,Sporting CP,Juventus,Sporting CP,Juventus,POR,ITA,1,1,1,1,1,0,,,Normal Time,D,2,0,1,1470.83,1600.26,-64.43,15,53,1-1 (1-0),2017-18/cl.txt,84,abfaeddc2ee3d14f99ecc163c9ddb46cb4d67cef
UCL-2017-18-M-0057,UEFA Champions League,2017-18,2017-11-01,18:00,2017-11-01T18:00:00,Group G,group_stage,3,,G,not_applicable,0,0,ucl-besiktas,ucl-as-monaco,Beşiktaş,AS Monaco,Beşiktaş,AS Monaco,TUR,FRA,1,1,1,1,0,1,,,Normal Time,D,2,0,1,1532.9,1501.85,96.05,9,25,1-1 (0-1),2017-18/cl.txt,146,abfaeddc2ee3d14f99ecc163c9ddb46cb4d67cef
UCL-2017-18-M-0058,UEFA Champions League,2017-18,2017-11-01,20:45,2017-11-01T20:45:00,Group E,group_stage,3,,E,not_applicable,0,0,ucl-sevilla-fc,ucl-spartak-moskva,Sevilla FC,Spartak Moskva,Sevilla FC,Spartak Moskva,ESP,RUS,2,1,2,1,1,0,,,Normal Time,H,3,1,1,1504.62,1493.6,76.02,17,9,2-1 (1-0),2017-18/cl.txt,104,abfaeddc2ee3d14f99ecc163c9ddb46cb4d67cef
UCL-2017-18-M-0059,UEFA Champions League,2017-18,2017-11-01,20:45,2017-11-01T20:45:00,Group E,group_stage,3,,E,not_applicable,0,0,ucl-liverpool-fc,ucl-nk-maribor,Liverpool FC,NK Maribor,Liverpool FC,NK Maribor,ENG,SVN,3,0,3,0,0,0,,,Normal Time,H,3,3,0,1503.83,1463.27,105.56,9,9,3-0 (0-0),2017-18/cl.txt,105,abfaeddc2ee3d14f99ecc163c9ddb46cb4d67cef
UCL-2017-18-M-0060,UEFA Champions League,2017-18,2017-11-01,20:45,2017-11-01T20:45:00,Group F,group_stage,3,,F,not_applicable,0,0,ucl-ssc-napoli,ucl-manchester-city,SSC Napoli,Manchester City,SSC Napoli,Manchester City,ITA,ENG,2,4,2,4,1,1,,,Normal Time,A,6,-2,1,1509.61,1557.64,16.97,25,51,2-4 (1-1),2017-18/cl.txt,125,abfaeddc2ee3d14f99ecc163c9ddb46cb4d67cef
UCL-2017-18-M-0061,UEFA Champions League,2017-18,2017-11-01,20:45,2017-11-01T20:45:00,Group F,group_stage,3,,F,not_applicable,0,0,ucl-shakhtar-donetsk,ucl-feyenoord,Shakhtar Donetsk,Feyenoord,Shakhtar Donetsk,Feyenoord,UKR,NED,3,1,3,1,2,1,,,Normal Time,H,4,2,1,1491.96,1469.59,87.37,37,3,3-1 (2-1),2017-18/cl.txt,126,abfaeddc2ee3d14f99ecc163c9ddb46cb4d67cef
UCL-2017-18-M-0062,UEFA Champions League,2017-18,2017-11-01,20:45,2017-11-01T20:45:00,Group G,group_stage,3,,G,not_applicable,0,0,ucl-fc-porto,ucl-rb-leipzig,FC Porto,RB Leipzig,FC Porto,RB Leipzig,POR,GER,3,1,3,1,1,0,,,Normal Time,H,4,2,1,1517.27,1500.24,82.03,47,3,3-1 (1-0),2017-18/cl.txt,147,abfaeddc2ee3d14f99ecc163c9ddb46cb4d67cef
UCL-2017-18-M-0063,UEFA Champions League,2017-18,2017-11-01,20:45,2017-11-01T20:45:00,Group H,group_stage,3,,H,not_applicable,0,0,ucl-tottenham-hotspur,ucl-real-madrid,Tottenham Hotspur,Real Madrid,Tottenham Hotspur,Real Madrid,ENG,ESP,3,1,3,1,1,0,,,Normal Time,H,4,2,1,1516.04,1642.02,-60.98,9,78,3-1 (1-0),2017-18/cl.txt,167,abfaeddc2ee3d14f99ecc163c9ddb46cb4d67cef
UCL-2017-18-M-0064,UEFA Champions League,2017-18,2017-11-01,20:45,2017-11-01T20:45:00,Group H,group_stage,3,,H,not_applicable,0,0,ucl-borussia-dortmund,ucl-apoel-nikosia,Borussia Dortmund,APOEL Nikosia,Borussia Dortmund,APOEL Nikosia,GER,CYP,1,1,1,1,1,0,,,Normal Time,D,2,0,1,1517.68,1456.52,126.16,50,19,1-1 (1-0),2017-18/cl.txt,168,abfaeddc2ee3d14f99ecc163c9ddb46cb4d67cef
UCL-2017-18-M-0065,UEFA Champions League,2017-18,2017-11-21,18:00,2017-11-21T18:00:00,Group E,group_stage,3,,E,not_applicable,0,0,ucl-spartak-moskva,ucl-nk-maribor,Spartak Moskva,NK Maribor,Spartak Moskva,NK Maribor,RUS,SVN,1,1,1,1,0,0,,,Normal Time,D,2,0,1,1485.75,1456.22,94.54,10,10,1-1 (0-0),2017-18/cl.txt,107,abfaeddc2ee3d14f99ecc163c9ddb46cb4d67cef
UCL-2017-18-M-0066,UEFA Champions League,2017-18,2017-11-21,18:00,2017-11-21T18:00:00,Group G,group_stage,3,,G,not_applicable,0,0,ucl-besiktas,ucl-fc-porto,Beşiktaş,FC Porto,Beşiktaş,FC Porto,TUR,POR,1,1,1,1,1,1,,,Normal Time,D,2,0,1,1530.21,1524.95,70.25,10,48,1-1 (1-1),2017-18/cl.txt,149,abfaeddc2ee3d14f99ecc163c9ddb46cb4d67cef
UCL-2017-18-M-0067,UEFA Champions League,2017-18,2017-11-21,20:45,2017-11-21T20:45:00,Group E,group_stage,3,,E,not_applicable,0,0,ucl-sevilla-fc,ucl-liverpool-fc,Sevilla FC,Liverpool FC,Sevilla FC,Liverpool FC,ESP,ENG,3,3,3,3,0,3,,,Normal Time,D,6,0,1,1512.47,1510.88,66.58,18,10,3-3 (0-3),2017-18/cl.txt,108,abfaeddc2ee3d14f99ecc163c9ddb46cb4d67cef
UCL-2017-18-M-0068,UEFA Champions League,2017-18,2017-11-21,20:45,2017-11-21T20:45:00,Group F,group_stage,3,,F,not_applicable,0,0,ucl-ssc-napoli,ucl-shakhtar-donetsk,SSC Napoli,Shakhtar Donetsk,SSC Napoli,Shakhtar Donetsk,ITA,UKR,3,0,3,0,0,0,,,Normal Time,H,3,3,0,1499.13,1499.5,64.63,26,38,3-0 (0-0),2017-18/cl.txt,128,abfaeddc2ee3d14f99ecc163c9ddb46cb4d67cef
UCL-2017-18-M-0069,UEFA Champions League,2017-18,2017-11-21,20:45,2017-11-21T20:45:00,Group F,group_stage,3,,F,not_applicable,0,0,ucl-manchester-city,ucl-feyenoord,Manchester City,Feyenoord,Manchester City,Feyenoord,ENG,NED,1,0,1,0,0,0,,,Normal Time,H,1,1,0,1568.13,1462.06,171.07,52,4,1-0 (0-0),2017-18/cl.txt,129,abfaeddc2ee3d14f99ecc163c9ddb46cb4d67cef
UCL-2017-18-M-0070,UEFA Champions League,2017-18,2017-11-21,20:45,2017-11-21T20:45:00,Group G,group_stage,3,,G,not_applicable,0,0,ucl-as-monaco,ucl-rb-leipzig,AS Monaco,RB Leipzig,AS Monaco,RB Leipzig,FRA,GER,1,4,1,4,1,4,,,Normal Time,A,5,-3,1,1504.55,1492.56,76.99,26,4,1-4 (1-4),2017-18/cl.txt,150,abfaeddc2ee3d14f99ecc163c9ddb46cb4d67cef
UCL-2017-18-M-0071,UEFA Champions League,2017-18,2017-11-21,20:45,2017-11-21T20:45:00,Group H,group_stage,3,,H,not_applicable,0,0,ucl-borussia-dortmund,ucl-tottenham-hotspur,Borussia Dortmund,Tottenham Hotspur,Borussia Dortmund,Tottenham Hotspur,GER,ENG,1,2,1,2,1,0,,,Normal Time,A,3,-1,1,1514.2,1527.78,51.42,51,10,1-2 (1-0),2017-18/cl.txt,170,abfaeddc2ee3d14f99ecc163c9ddb46cb4d67cef
UCL-2017-18-M-0072,UEFA Champions League,2017-18,2017-11-21,20:45,2017-11-21T20:45:00,Group H,group_stage,3,,H,not_applicable,0,0,ucl-apoel-nikosia,ucl-real-madrid,APOEL Nikosia,Real Madrid,APOEL Nikosia,Real Madrid,CYP,ESP,0,6,0,6,0,4,,,Normal Time,A,6,-6,0,1460.0,1630.28,-105.28,20,79,0-6 (0-4),2017-18/cl.txt,171,abfaeddc2ee3d14f99ecc163c9ddb46cb4d67cef
UCL-2017-18-M-0073,UEFA Champions League,2017-18,2017-11-22,18:00,2017-11-22T18:00:00,Group A,group_stage,3,,A,not_applicable,0,0,ucl-cska-moskva,ucl-benfica,CSKA Moskva,Benfica,CSKA Moskva,SL Benfica,RUS,POR,2,0,2,0,1,0,,,Normal Time,H,2,2,0,1447.27,1475.44,36.83,36,50,2-0 (1-0),2017-18/cl.txt,23,abfaeddc2ee3d14f99ecc163c9ddb46cb4d67cef
UCL-2017-18-M-0074,UEFA Champions League,2017-18,2017-11-22,18:00,2017-11-22T18:00:00,Group C,group_stage,3,,C,not_applicable,0,0,ucl-qarabag-fk,ucl-chelsea-fc,Qarabağ FK,Chelsea FC,Qarabağ FK,Chelsea FC,AZE,ENG,0,4,0,4,0,2,,,Normal Time,A,4,-4,0,1486.46,1552.81,-1.35,4,51,0-4 (0-2),2017-18/cl.txt,65,abfaeddc2ee3d14f99ecc163c9ddb46cb4d67cef
UCL-2017-18-M-0075,UEFA Champions League,2017-18,2017-11-22,20:45,2017-11-22T20:45:00,Group A,group_stage,3,,A,not_applicable,0,0,ucl-fc-basel-1893,ucl-manchester-united,FC Basel 1893,Manchester United,FC Basel 1893,Manchester United,SUI,ENG,1,0,1,0,0,0,,,Normal Time,H,1,1,0,1470.97,1550.34,-14.37,32,34,1-0 (0-0),2017-18/cl.txt,24,abfaeddc2ee3d14f99ecc163c9ddb46cb4d67cef
UCL-2017-18-M-0076,UEFA Champions League,2017-18,2017-11-22,20:45,2017-11-22T20:45:00,Group B,group_stage,3,,B,not_applicable,0,0,ucl-rsc-anderlecht,ucl-bayern-munich,RSC Anderlecht,Bayern Munich,RSC Anderlecht,Bayern München,BEL,GER,1,2,1,2,0,0,,,Normal Time,A,3,-1,1,1443.1,1615.7,-107.59,22,76,1-2 (0-0),2017-18/cl.txt,44,abfaeddc2ee3d14f99ecc163c9ddb46cb4d67cef
UCL-2017-18-M-0077,UEFA Champions League,2017-18,2017-11-22,20:45,2017-11-22T20:45:00,Group B,group_stage,3,,B,not_applicable,0,0,ucl-paris-saint-germain,ucl-celtic-fc,Paris Saint-Germain,Celtic FC,Paris Saint-Germain,Celtic FC,FRA,SCO,7,1,7,1,4,1,,,Normal Time,H,8,6,1,1606.63,1455.33,216.3,52,24,7-1 (4-1),2017-18/cl.txt,45,abfaeddc2ee3d14f99ecc163c9ddb46cb4d67cef
UCL-2017-18-M-0078,UEFA Champions League,2017-18,2017-11-22,20:45,2017-11-22T20:45:00,Group C,group_stage,3,,C,not_applicable,0,0,ucl-atletico-madrid,ucl-as-roma,Atlético Madrid,AS Roma,Atlético Madrid,AS Roma,ESP,ITA,2,0,2,0,0,0,,,Normal Time,H,2,2,0,1578.78,1506.25,137.53,52,18,2-0 (0-0),2017-18/cl.txt,66,abfaeddc2ee3d14f99ecc163c9ddb46cb4d67cef
UCL-2017-18-M-0079,UEFA Champions League,2017-18,2017-11-22,20:45,2017-11-22T20:45:00,Group D,group_stage,3,,D,not_applicable,0,0,ucl-juventus,ucl-fc-barcelona,Juventus,FC Barcelona,Juventus,FC Barcelona,ITA,ESP,0,0,0,0,,,,,Normal Time,D,0,0,0,1598.42,1623.34,40.09,54,71,0-0,2017-18/cl.txt,86,abfaeddc2ee3d14f99ecc163c9ddb46cb4d67cef
UCL-2017-18-M-0080,UEFA Champions League,2017-18,2017-11-22,20:45,2017-11-22T20:45:00,Group D,group_stage,3,,D,not_applicable,0,0,ucl-sporting-cp,ucl-olympiacos,Sporting CP,Olympiacos,Sporting CP,Olympiakos Piraeus,POR,GRE,3,1,3,1,2,0,,,Normal Time,H,4,2,1,1472.66,1488.22,49.44,16,36,3-1 (2-0),2017-18/cl.txt,87,abfaeddc2ee3d14f99ecc163c9ddb46cb4d67cef
UCL-2017-18-M-0081,UEFA Champions League,2017-18,2017-12-05,20:45,2017-12-05T20:45:00,Group A,group_stage,3,,A,not_applicable,0,0,ucl-benfica,ucl-fc-basel-1893,Benfica,FC Basel 1893,SL Benfica,FC Basel 1893,POR,SUI,0,2,0,2,0,1,,,Normal Time,A,2,-2,0,1466.5,1481.38,50.11,51,33,0-2 (0-1),2017-18/cl.txt,26,abfaeddc2ee3d14f99ecc163c9ddb46cb4d67cef
UCL-2017-18-M-0082,UEFA Champions League,2017-18,2017-12-05,20:45,2017-12-05T20:45:00,Group A,group_stage,3,,A,not_applicable,0,0,ucl-manchester-united,ucl-cska-moskva,Manchester United,CSKA Moskva,Manchester United,CSKA Moskva,ENG,RUS,2,1,2,1,0,1,,,Normal Time,H,3,1,1,1539.93,1456.21,148.71,35,37,2-1 (0-1),2017-18/cl.txt,27,abfaeddc2ee3d14f99ecc163c9ddb46cb4d67cef
UCL-2017-18-M-0083,UEFA Champions League,2017-18,2017-12-05,20:45,2017-12-05T20:45:00,Group B,group_stage,3,,B,not_applicable,0,0,ucl-bayern-munich,ucl-paris-saint-germain,Bayern Munich,Paris Saint-Germain,Bayern München,Paris Saint-Germain,GER,FRA,3,1,3,1,2,0,,,Normal Time,H,4,2,1,1622.69,1611.1,76.59,77,53,3-1 (2-0),2017-18/cl.txt,47,abfaeddc2ee3d14f99ecc163c9ddb46cb4d67cef
UCL-2017-18-M-0084,UEFA Champions League,2017-18,2017-12-05,20:45,2017-12-05T20:45:00,Group B,group_stage,3,,B,not_applicable,0,0,ucl-celtic-fc,ucl-rsc-anderlecht,Celtic FC,RSC Anderlecht,Celtic FC,RSC Anderlecht,SCO,BEL,0,1,0,1,0,0,,,Normal Time,A,1,-1,0,1450.86,1436.1,79.75,25,23,0-1 (0-0),2017-18/cl.txt,48,abfaeddc2ee3d14f99ecc163c9ddb46cb4d67cef
UCL-2017-18-M-0085,UEFA Champions League,2017-18,2017-12-05,20:45,2017-12-05T20:45:00,Group C,group_stage,3,,C,not_applicable,0,0,ucl-chelsea-fc,ucl-atletico-madrid,Chelsea FC,Atlético Madrid,Chelsea FC,Atlético Madrid,ENG,ESP,1,1,1,1,0,0,,,Normal Time,D,2,0,1,1562.77,1585.02,42.75,52,53,1-1 (0-0),2017-18/cl.txt,68,abfaeddc2ee3d14f99ecc163c9ddb46cb4d67cef
UCL-2017-18-M-0086,UEFA Champions League,2017-18,2017-12-05,20:45,2017-12-05T20:45:00,Group C,group_stage,3,,C,not_applicable,0,0,ucl-as-roma,ucl-qarabag-fk,AS Roma,Qarabağ FK,AS Roma,Qarabağ FK,ITA,AZE,1,0,1,0,0,0,,,Normal Time,H,1,1,0,1500.01,1476.49,88.52,19,5,1-0 (0-0),2017-18/cl.txt,69,abfaeddc2ee3d14f99ecc163c9ddb46cb4d67cef
UCL-2017-18-M-0087,UEFA Champions League,2017-18,2017-12-05,20:45,2017-12-05T20:45:00,Group D,group_stage,3,,D,not_applicable,0,0,ucl-fc-barcelona,ucl-sporting-cp,FC Barcelona,Sporting CP,FC Barcelona,Sporting CP,ESP,POR,2,0,2,0,0,0,,,Normal Time,H,2,2,0,1624.48,1481.25,208.24,72,17,2-0 (0-0),2017-18/cl.txt,89,abfaeddc2ee3d14f99ecc163c9ddb46cb4d67cef
UCL-2017-18-M-0088,UEFA Champions League,2017-18,2017-12-05,20:45,2017-12-05T20:45:00,Group D,group_stage,3,,D,not_applicable,0,0,ucl-olympiacos,ucl-juventus,Olympiacos,Juventus,Olympiakos Piraeus,Juventus,GRE,ITA,0,2,0,2,0,1,,,Normal Time,A,2,-2,0,1479.63,1597.27,-52.64,37,55,0-2 (0-1),2017-18/cl.txt,90,abfaeddc2ee3d14f99ecc163c9ddb46cb4d67cef
UCL-2017-18-M-0089,UEFA Champions League,2017-18,2017-12-06,20:45,2017-12-06T20:45:00,Group E,group_stage,3,,E,not_applicable,0,0,ucl-liverpool-fc,ucl-spartak-moskva,Liverpool FC,Spartak Moskva,Liverpool FC,Spartak Moskva,ENG,RUS,7,0,7,0,3,0,,,Normal Time,H,7,7,0,1512.78,1483.1,94.68,11,11,7-0 (3-0),2017-18/cl.txt,110,abfaeddc2ee3d14f99ecc163c9ddb46cb4d67cef
UCL-2017-18-M-0090,UEFA Champions League,2017-18,2017-12-06,20:45,2017-12-06T20:45:00,Group E,group_stage,3,,E,not_applicable,0,0,ucl-nk-maribor,ucl-sevilla-fc,NK Maribor,Sevilla FC,NK Maribor,Sevilla FC,SVN,ESP,1,1,1,1,1,0,,,Normal Time,D,2,0,1,1458.87,1510.57,13.3,11,19,1-1 (1-0),2017-18/cl.txt,111,abfaeddc2ee3d14f99ecc163c9ddb46cb4d67cef
UCL-2017-18-M-0091,UEFA Champions League,2017-18,2017-12-06,20:45,2017-12-06T20:45:00,Group F,group_stage,3,,F,not_applicable,0,0,ucl-shakhtar-donetsk,ucl-manchester-city,Shakhtar Donetsk,Manchester City,Shakhtar Donetsk,Manchester City,UKR,ENG,2,1,2,1,2,0,,,Normal Time,H,3,1,1,1491.34,1573.57,-17.23,39,53,2-1 (2-0),2017-18/cl.txt,131,abfaeddc2ee3d14f99ecc163c9ddb46cb4d67cef
UCL-2017-18-M-0092,UEFA Champions League,2017-18,2017-12-06,20:45,2017-12-06T20:45:00,Group F,group_stage,3,,F,not_applicable,0,0,ucl-feyenoord,ucl-ssc-napoli,Feyenoord,SSC Napoli,Feyenoord,SSC Napoli,NED,ITA,2,1,2,1,1,1,,,Normal Time,H,3,1,1,1456.62,1507.29,14.33,5,27,2-1 (1-1),2017-18/cl.txt,132,abfaeddc2ee3d14f99ecc163c9ddb46cb4d67cef
UCL-2017-18-M-0093,UEFA Champions League,2017-18,2017-12-06,20:45,2017-12-06T20:45:00,Group G,group_stage,3,,G,not_applicable,0,0,ucl-fc-porto,ucl-as-monaco,FC Porto,AS Monaco,FC Porto,AS Monaco,POR,FRA,5,2,5,2,3,0,,,Normal Time,H,7,3,1,1526.95,1492.37,99.58,49,27,5-2 (3-0),2017-18/cl.txt,152,abfaeddc2ee3d14f99ecc163c9ddb46cb4d67cef
UCL-2017-18-M-0094,UEFA Champions League,2017-18,2017-12-06,20:45,2017-12-06T20:45:00,Group G,group_stage,3,,G,not_applicable,0,0,ucl-rb-leipzig,ucl-besiktas,RB Leipzig,Beşiktaş,RB Leipzig,Beşiktaş,GER,TUR,1,2,1,2,0,1,,,Normal Time,A,3,-1,1,1504.74,1528.21,41.53,5,11,1-2 (0-1),2017-18/cl.txt,153,abfaeddc2ee3d14f99ecc163c9ddb46cb4d67cef
UCL-2017-18-M-0095,UEFA Champions League,2017-18,2017-12-06,20:45,2017-12-06T20:45:00,Group H,group_stage,3,,H,not_applicable,0,0,ucl-real-madrid,ucl-borussia-dortmund,Real Madrid,Borussia Dortmund,Real Madrid,Borussia Dortmund,ESP,GER,3,2,3,2,2,1,,,Normal Time,H,5,1,1,1637.34,1502.73,199.61,80,52,3-2 (2-1),2017-18/cl.txt,173,abfaeddc2ee3d14f99ecc163c9ddb46cb4d67cef
UCL-2017-18-M-0096,UEFA Champions League,2017-18,2017-12-06,20:45,2017-12-06T20:45:00,Group H,group_stage,3,,H,not_applicable,0,0,ucl-tottenham-hotspur,ucl-apoel-nikosia,Tottenham Hotspur,APOEL Nikosia,Tottenham Hotspur,APOEL Nikosia,ENG,CYP,3,0,3,0,2,0,,,Normal Time,H,3,3,0,1539.25,1452.94,151.31,11,21,3-0 (2-0),2017-18/cl.txt,174,abfaeddc2ee3d14f99ecc163c9ddb46cb4d67cef
UCL-2017-18-M-0097,UEFA Champions League,2017-18,2018-02-13,20:45,2018-02-13T20:45:00,Round of 16,round_of_16,5,,,1,0,0,ucl-juventus,ucl-tottenham-hotspur,Juventus,Tottenham Hotspur,Juventus,Tottenham Hotspur,ITA,ENG,2,2,2,2,2,1,,,Normal Time,D,4,0,1,1605.77,1545.15,125.62,56,12,2-2 (2-1),2017-18/cl.txt,179,abfaeddc2ee3d14f99ecc163c9ddb46cb4d67cef
UCL-2017-18-M-0098,UEFA Champions League,2017-18,2018-02-13,20:45,2018-02-13T20:45:00,Round of 16,round_of_16,5,,,1,0,0,ucl-fc-basel-1893,ucl-manchester-city,FC Basel 1893,Manchester City,FC Basel 1893,Manchester City,SUI,ENG,0,4,0,4,0,3,,,Normal Time,A,4,-4,0,1492.82,1563.07,-5.26,34,54,0-4 (0-3),2017-18/cl.txt,180,abfaeddc2ee3d14f99ecc163c9ddb46cb4d67cef
UCL-2017-18-M-0099,UEFA Champions League,2017-18,2018-02-14,20:45,2018-02-14T20:45:00,Round of 16,round_of_16,5,,,1,0,0,ucl-fc-porto,ucl-liverpool-fc,FC Porto,Liverpool FC,FC Porto,Liverpool FC,POR,ENG,0,5,0,5,0,2,,,Normal Time,A,5,-5,0,1534.16,1520.12,79.04,50,12,0-5 (0-2),2017-18/cl.txt,182,abfaeddc2ee3d14f99ecc163c9ddb46cb4d67cef
UCL-2017-18-M-0100,UEFA Champions League,2017-18,2018-02-14,20:45,2018-02-14T20:45:00,Round of 16,round_of_16,5,,,1,0,0,ucl-real-madrid,ucl-paris-saint-germain,Real Madrid,Paris Saint-Germain,Real Madrid,Paris Saint-Germain,ESP,FRA,3,1,3,1,1,1,,,Normal Time,H,4,2,1,1642.16,1603.27,103.88,81,54,3-1 (1-1),2017-18/cl.txt,183,abfaeddc2ee3d14f99ecc163c9ddb46cb4d67cef
UCL-2017-18-M-0101,UEFA Champions League,2017-18,2018-02-20,20:45,2018-02-20T20:45:00,Round of 16,round_of_16,5,,,1,0,0,ucl-chelsea-fc,ucl-fc-barcelona,Chelsea FC,FC Barcelona,Chelsea FC,FC Barcelona,ENG,ESP,1,1,1,1,0,0,,,Normal Time,D,2,0,1,1561.55,1629.12,-2.57,53,73,1-1 (0-0),2017-18/cl.txt,185,abfaeddc2ee3d14f99ecc163c9ddb46cb4d67cef
UCL-2017-18-M-0102,UEFA Champions League,2017-18,2018-02-20,20:45,2018-02-20T20:45:00,Round of 16,round_of_16,5,,,1,0,0,ucl-bayern-munich,ucl-besiktas,Bayern Munich,Beşiktaş,Bayern München,Beşiktaş,GER,TUR,5,0,5,0,1,0,,,Normal Time,H,5,5,0,1630.52,1539.4,156.12,78,12,5-0 (1-0),2017-18/cl.txt,186,abfaeddc2ee3d14f99ecc163c9ddb46cb4d67cef
UCL-2017-18-M-0103,UEFA Champions League,2017-18,2018-02-21,20:45,2018-02-21T20:45:00,Round of 16,round_of_16,5,,,1,0,0,ucl-sevilla-fc,ucl-manchester-united,Sevilla FC,Manchester United,Sevilla FC,Manchester United,ESP,ENG,0,0,0,0,,,,,Normal Time,D,0,0,0,1510.96,1545.89,30.07,20,36,0-0,2017-18/cl.txt,188,abfaeddc2ee3d14f99ecc163c9ddb46cb4d67cef
UCL-2017-18-M-0104,UEFA Champions League,2017-18,2018-02-21,20:45,2018-02-21T20:45:00,Round of 16,round_of_16,5,,,1,0,0,ucl-shakhtar-donetsk,ucl-as-roma,Shakhtar Donetsk,AS Roma,Shakhtar Donetsk,AS Roma,UKR,ITA,2,1,2,1,0,1,,,Normal Time,H,3,1,1,1501.83,1507.52,59.31,40,20,2-1 (0-1),2017-18/cl.txt,189,abfaeddc2ee3d14f99ecc163c9ddb46cb4d67cef
UCL-2017-18-M-0105,UEFA Champions League,2017-18,2018-03-06,20:45,2018-03-06T20:45:00,Round of 16,round_of_16,5,,,2,0,0,ucl-liverpool-fc,ucl-fc-porto,Liverpool FC,FC Porto,Liverpool FC,FC Porto,ENG,POR,0,0,0,0,,,,,Normal Time,D,0,0,0,1532.35,1521.92,75.43,13,51,0-0,2017-18/cl.txt,191,abfaeddc2ee3d14f99ecc163c9ddb46cb4d67cef
UCL-2017-18-M-0106,UEFA Champions League,2017-18,2018-03-06,20:45,2018-03-06T20:45:00,Round of 16,round_of_16,5,,,2,0,0,ucl-paris-saint-germain,ucl-real-madrid,Paris Saint-Germain,Real Madrid,Paris Saint-Germain,Real Madrid,FRA,ESP,1,2,1,2,0,0,,,Normal Time,A,3,-1,1,1596.18,1649.25,11.92,55,82,1-2 (0-0),2017-18/cl.txt,192,abfaeddc2ee3d14f99ecc163c9ddb46cb4d67cef
UCL-2017-18-M-0107,UEFA Champions League,2017-18,2018-03-07,20:45,2018-03-07T20:45:00,Round of 16,round_of_16,5,,,2,0,0,ucl-tottenham-hotspur,ucl-juventus,Tottenham Hotspur,Juventus,Tottenham Hotspur,Juventus,ENG,ITA,1,2,1,2,1,0,,,Normal Time,A,3,-1,1,1548.62,1602.3,11.31,13,57,1-2 (1-0),2017-18/cl.txt,194,abfaeddc2ee3d14f99ecc163c9ddb46cb4d67cef
UCL-2017-18-M-0108,UEFA Champions League,2017-18,2018-03-07,20:45,2018-03-07T20:45:00,Round of 16,round_of_16,5,,,2,0,0,ucl-manchester-city,ucl-fc-basel-1893,Manchester City,FC Basel 1893,Manchester City,FC Basel 1893,ENG,SUI,1,2,1,2,1,1,,,Normal Time,A,3,-1,1,1572.92,1482.97,154.95,55,35,1-2 (1-1),2017-18/cl.txt,195,abfaeddc2ee3d14f99ecc163c9ddb46cb4d67cef
UCL-2017-18-M-0109,UEFA Champions League,2017-18,2018-03-13,20:45,2018-03-13T20:45:00,Round of 16,round_of_16,5,,,2,0,0,ucl-manchester-united,ucl-sevilla-fc,Manchester United,Sevilla FC,Manchester United,Sevilla FC,ENG,ESP,1,2,1,2,0,0,,,Normal Time,A,3,-1,1,1546.75,1510.09,101.66,37,21,1-2 (0-0),2017-18/cl.txt,197,abfaeddc2ee3d14f99ecc163c9ddb46cb4d67cef
UCL-2017-18-M-0110,UEFA Champions League,2017-18,2018-03-13,20:45,2018-03-13T20:45:00,Round of 16,round_of_16,5,,,2,0,0,ucl-as-roma,ucl-shakhtar-donetsk,AS Roma,Shakhtar Donetsk,AS Roma,Shakhtar Donetsk,ITA,UKR,1,0,1,0,0,0,,,Normal Time,H,1,1,0,1499.21,1510.14,54.07,21,41,1-0 (0-0),2017-18/cl.txt,198,abfaeddc2ee3d14f99ecc163c9ddb46cb4d67cef
UCL-2017-18-M-0111,UEFA Champions League,2017-18,2018-03-14,18:00,2018-03-14T18:00:00,Round of 16,round_of_16,5,,,2,0,0,ucl-besiktas,ucl-bayern-munich,Beşiktaş,Bayern Munich,Beşiktaş,Bayern München,TUR,GER,1,3,1,3,0,1,,,Normal Time,A,4,-2,1,1533.62,1636.31,-37.69,13,79,1-3 (0-1),2017-18/cl.txt,200,abfaeddc2ee3d14f99ecc163c9ddb46cb4d67cef
UCL-2017-18-M-0112,UEFA Champions League,2017-18,2018-03-14,20:45,2018-03-14T20:45:00,Round of 16,round_of_16,5,,,2,0,0,ucl-fc-barcelona,ucl-chelsea-fc,FC Barcelona,Chelsea FC,FC Barcelona,Chelsea FC,ESP,ENG,3,0,3,0,2,0,,,Normal Time,H,3,3,0,1629.04,1561.62,132.42,74,54,3-0 (2-0),2017-18/cl.txt,201,abfaeddc2ee3d14f99ecc163c9ddb46cb4d67cef
UCL-2017-18-M-0113,UEFA Champions League,2017-18,2018-04-03,20:45,2018-04-03T20:45:00,Quarterfinals,quarterfinal,6,,,1,0,0,ucl-sevilla-fc,ucl-bayern-munich,Sevilla FC,Bayern Munich,Sevilla FC,Bayern München,ESP,GER,1,2,1,2,1,1,,,Normal Time,A,3,-1,1,1522.94,1645.23,-57.29,22,80,1-2 (1-1),2017-18/cl.txt,206,abfaeddc2ee3d14f99ecc163c9ddb46cb4d67cef
UCL-2017-18-M-0114,UEFA Champions League,2017-18,2018-04-03,20:45,2018-04-03T20:45:00,Quarterfinals,quarterfinal,6,,,1,0,0,ucl-juventus,ucl-real-madrid,Juventus,Real Madrid,Juventus,Real Madrid,ITA,ESP,0,3,0,3,0,1,,,Normal Time,A,3,-3,0,1612.63,1659.59,18.04,58,83,0-3 (0-1),2017-18/cl.txt,207,abfaeddc2ee3d14f99ecc163c9ddb46cb4d67cef
UCL-2017-18-M-0115,UEFA Champions League,2017-18,2018-04-04,20:45,2018-04-04T20:45:00,Quarterfinals,quarterfinal,6,,,1,0,0,ucl-fc-barcelona,ucl-as-roma,FC Barcelona,AS Roma,FC Barcelona,AS Roma,ESP,ITA,4,1,4,1,1,0,,,Normal Time,H,5,3,1,1635.41,1507.67,192.74,75,22,4-1 (1-0),2017-18/cl.txt,209,abfaeddc2ee3d14f99ecc163c9ddb46cb4d67cef
UCL-2017-18-M-0116,UEFA Champions League,2017-18,2018-04-04,20:45,2018-04-04T20:45:00,Quarterfinals,quarterfinal,6,,,1,0,0,ucl-liverpool-fc,ucl-manchester-city,Liverpool FC,Manchester City,Liverpool FC,Manchester City,ENG,ENG,3,0,3,0,3,0,,,Normal Time,H,3,3,0,1530.22,1558.73,36.48,14,56,3-0 (3-0),2017-18/cl.txt,210,abfaeddc2ee3d14f99ecc163c9ddb46cb4d67cef
UCL-2017-18-M-0117,UEFA Champions League,2017-18,2018-04-10,20:45,2018-04-10T20:45:00,Quarterfinals,quarterfinal,6,,,2,0,0,ucl-as-roma,ucl-fc-barcelona,AS Roma,FC Barcelona,AS Roma,FC Barcelona,ITA,ESP,3,0,3,0,1,0,,,Normal Time,H,3,3,0,1502.71,1640.37,-72.66,23,76,3-0 (1-0),2017-18/cl.txt,212,abfaeddc2ee3d14f99ecc163c9ddb46cb4d67cef
UCL-2017-18-M-0118,UEFA Champions League,2017-18,2018-04-10,20:45,2018-04-10T20:45:00,Quarterfinals,quarterfinal,6,,,2,0,0,ucl-manchester-city,ucl-liverpool-fc,Manchester City,Liverpool FC,Manchester City,Liverpool FC,ENG,ENG,1,2,1,2,1,0,,,Normal Time,A,3,-1,1,1549.78,1539.17,75.61,57,15,1-2 (1-0),2017-18/cl.txt,213,abfaeddc2ee3d14f99ecc163c9ddb46cb4d67cef
UCL-2017-18-M-0119,UEFA Champions League,2017-18,2018-04-11,20:45,2018-04-11T20:45:00,Quarterfinals,quarterfinal,6,,,2,0,0,ucl-bayern-munich,ucl-sevilla-fc,Bayern Munich,Sevilla FC,Bayern München,Sevilla FC,GER,ESP,0,0,0,0,,,,,Normal Time,D,0,0,0,1653.6,1514.57,204.02,81,23,0-0,2017-18/cl.txt,215,abfaeddc2ee3d14f99ecc163c9ddb46cb4d67cef
UCL-2017-18-M-0120,UEFA Champions League,2017-18,2018-04-11,20:45,2018-04-11T20:45:00,Quarterfinals,quarterfinal,6,,,2,0,0,ucl-real-madrid,ucl-juventus,Real Madrid,Juventus,Real Madrid,Juventus,ESP,ITA,1,3,1,3,0,2,,,Normal Time,A,4,-2,1,1670.11,1602.11,133.0,84,59,1-3 (0-2),2017-18/cl.txt,216,abfaeddc2ee3d14f99ecc163c9ddb46cb4d67cef
UCL-2017-18-M-0121,UEFA Champions League,2017-18,2018-04-24,20:45,2018-04-24T20:45:00,Semifinals,semifinal,7,,,1,0,0,ucl-liverpool-fc,ucl-as-roma,Liverpool FC,AS Roma,Liverpool FC,AS Roma,ENG,ITA,5,2,5,2,2,0,,,Normal Time,H,7,3,1,1551.31,1514.77,101.54,16,24,5-2 (2-0),2017-18/cl.txt,221,abfaeddc2ee3d14f99ecc163c9ddb46cb4d67cef
UCL-2017-18-M-0122,UEFA Champions League,2017-18,2018-04-25,20:45,2018-04-25T20:45:00,Semifinals,semifinal,7,,,1,0,0,ucl-bayern-munich,ucl-real-madrid,Bayern Munich,Real Madrid,Bayern München,Real Madrid,GER,ESP,1,2,1,2,1,1,,,Normal Time,A,3,-1,1,1648.32,1656.46,56.86,82,85,1-2 (1-1),2017-18/cl.txt,223,abfaeddc2ee3d14f99ecc163c9ddb46cb4d67cef
UCL-2017-18-M-0123,UEFA Champions League,2017-18,2018-05-01,20:45,2018-05-01T20:45:00,Semifinals,semifinal,7,,,2,0,0,ucl-real-madrid,ucl-bayern-munich,Real Madrid,Bayern Munich,Real Madrid,Bayern München,ESP,GER,2,2,2,2,1,1,,,Normal Time,D,4,0,1,1668.08,1636.69,96.39,86,83,2-2 (1-1),2017-18/cl.txt,225,abfaeddc2ee3d14f99ecc163c9ddb46cb4d67cef
UCL-2017-18-M-0124,UEFA Champions League,2017-18,2018-05-02,20:45,2018-05-02T20:45:00,Semifinals,semifinal,7,,,2,0,0,ucl-as-roma,ucl-liverpool-fc,AS Roma,Liverpool FC,AS Roma,Liverpool FC,ITA,ENG,4,2,4,2,1,2,,,Normal Time,H,6,2,1,1507.61,1558.47,14.14,25,17,4-2 (1-2),2017-18/cl.txt,227,abfaeddc2ee3d14f99ecc163c9ddb46cb4d67cef
UCL-2017-18-M-0125,UEFA Champions League,2017-18,2018-05-26,20:45,2018-05-26T20:45:00,Final,final,8,,,single,0,1,ucl-real-madrid,ucl-liverpool-fc,Real Madrid,Liverpool FC,Real Madrid,Liverpool FC,ESP,ENG,3,1,3,1,0,0,,,Normal Time,H,4,2,1,1665.38,1548.88,116.5,87,18,3-1 (0-0),2017-18/cl.txt,232,abfaeddc2ee3d14f99ecc163c9ddb46cb4d67cef
UCL-2018-19-M-0001,UEFA Champions League,2018-19,2018-09-18,18:55,2018-09-18T18:55:00,Group B,group_stage,3,,B,not_applicable,0,0,ucl-fc-barcelona,ucl-psv-eindhoven,FC Barcelona,PSV Eindhoven,FC Barcelona,PSV Eindhoven,ESP,NED,4,0,4,0,1,0,,,Normal Time,H,4,4,0,1609.06,1486.71,187.35,77,14,4-0 (1-0),2018-19/cl.txt,32,abfaeddc2ee3d14f99ecc163c9ddb46cb4d67cef
UCL-2018-19-M-0002,UEFA Champions League,2018-19,2018-09-18,18:55,2018-09-18T18:55:00,Group B,group_stage,3,,B,not_applicable,0,0,ucl-inter-milan,ucl-tottenham-hotspur,Inter Milan,Tottenham Hotspur,Inter,Tottenham Hotspur,ITA,ENG,2,1,2,1,0,0,,,Normal Time,H,3,1,1,1502.79,1532.55,35.25,8,14,2-1 (0-0),2018-19/cl.txt,33,abfaeddc2ee3d14f99ecc163c9ddb46cb4d67cef
UCL-2018-19-M-0003,UEFA Champions League,2018-19,2018-09-18,21:00,2018-09-18T21:00:00,Group A,group_stage,3,,A,not_applicable,0,0,ucl-as-monaco,ucl-atletico-madrid,AS Monaco,Atlético Madrid,AS Monaco,Atlético Madrid,FRA,ESP,1,2,1,2,1,2,,,Normal Time,A,3,-1,1,1487.38,1573.31,-20.92,28,54,1-2 (1-2),2018-19/cl.txt,11,abfaeddc2ee3d14f99ecc163c9ddb46cb4d67cef
UCL-2018-19-M-0004,UEFA Champions League,2018-19,2018-09-18,21:00,2018-09-18T21:00:00,Group A,group_stage,3,,A,not_applicable,0,0,ucl-club-brugge-kv,ucl-borussia-dortmund,Club Brugge KV,Borussia Dortmund,Club Brugge KV,Borussia Dortmund,BEL,GER,0,1,0,1,0,0,,,Normal Time,A,1,-1,0,1460.75,1498.23,27.52,6,53,0-1 (0-0),2018-19/cl.txt,12,abfaeddc2ee3d14f99ecc163c9ddb46cb4d67cef
UCL-2018-19-M-0005,UEFA Champions League,2018-19,2018-09-18,21:00,2018-09-18T21:00:00,Group C,group_stage,3,,C,not_applicable,0,0,ucl-liverpool-fc,ucl-paris-saint-germain,Liverpool FC,Paris Saint-Germain,Liverpool FC,Paris Saint-Germain,ENG,FRA,3,2,3,2,2,1,,,Normal Time,H,5,1,1,1535.79,1572.96,27.84,19,56,3-2 (2-1),2018-19/cl.txt,53,abfaeddc2ee3d14f99ecc163c9ddb46cb4d67cef
UCL-2018-19-M-0006,UEFA Champions League,2018-19,2018-09-18,21:00,2018-09-18T21:00:00,Group C,group_stage,3,,C,not_applicable,0,0,ucl-crvena-zvezda,ucl-ssc-napoli,Crvena Zvezda,SSC Napoli,Crvena Zvezda,SSC Napoli,SRB,ITA,0,0,0,0,,,,,Normal Time,D,0,0,0,1500.0,1498.04,66.96,0,28,0-0,2018-19/cl.txt,54,abfaeddc2ee3d14f99ecc163c9ddb46cb4d67cef
UCL-2018-19-M-0007,UEFA Champions League,2018-19,2018-09-18,21:00,2018-09-18T21:00:00,Group D,group_stage,3,,D,not_applicable,0,0,ucl-fc-schalke-04,ucl-fc-porto,FC Schalke 04,FC Porto,FC Schalke 04,FC Porto,GER,POR,1,1,1,1,0,0,,,Normal Time,D,2,0,1,1508.25,1520.45,52.8,24,52,1-1 (0-0),2018-19/cl.txt,74,abfaeddc2ee3d14f99ecc163c9ddb46cb4d67cef
UCL-2018-19-M-0008,UEFA Champions League,2018-19,2018-09-18,21:00,2018-09-18T21:00:00,Group D,group_stage,3,,D,not_applicable,0,0,ucl-galatasaray,ucl-lokomotiv-moskva,Galatasaray,Lokomotiv Moskva,Galatasaray,Lokomotiv Moskva,TUR,RUS,3,0,3,0,1,0,,,Normal Time,H,3,3,0,1472.87,1500.0,37.87,30,0,3-0 (1-0),2018-19/cl.txt,75,abfaeddc2ee3d14f99ecc163c9ddb46cb4d67cef
UCL-2018-19-M-0009,UEFA Champions League,2018-19,2018-09-19,18:55,2018-09-19T18:55:00,Group E,group_stage,3,,E,not_applicable,0,0,ucl-afc-ajax,ucl-aek-athen,AFC Ajax,AEK Athen,AFC Ajax,AEK Athen,NED,GRE,3,0,3,0,0,0,,,Normal Time,H,3,3,0,1487.61,1500.0,52.61,24,0,3-0 (0-0),2018-19/cl.txt,95,abfaeddc2ee3d14f99ecc163c9ddb46cb4d67cef
UCL-2018-19-M-0010,UEFA Champions League,2018-19,2018-09-19,18:55,2018-09-19T18:55:00,Group F,group_stage,3,,F,not_applicable,0,0,ucl-shakhtar-donetsk,ucl-1899-hoffenheim,Shakhtar Donetsk,1899 Hoffenheim,Shakhtar Donetsk,1899 Hoffenheim,UKR,GER,2,2,2,2,1,2,,,Normal Time,D,4,0,1,1501.43,1500.0,66.43,42,0,2-2 (1-2),2018-19/cl.txt,116,abfaeddc2ee3d14f99ecc163c9ddb46cb4d67cef
UCL-2018-19-M-0011,UEFA Champions League,2018-19,2018-09-19,21:00,2018-09-19T21:00:00,Group E,group_stage,3,,E,not_applicable,0,0,ucl-benfica,ucl-bayern-munich,Benfica,Bayern Munich,SL Benfica,Bayern München,POR,GER,0,2,0,2,0,1,,,Normal Time,A,2,-2,0,1461.81,1618.49,-91.68,52,84,0-2 (0-1),2018-19/cl.txt,96,abfaeddc2ee3d14f99ecc163c9ddb46cb4d67cef
UCL-2018-19-M-0012,UEFA Champions League,2018-19,2018-09-19,21:00,2018-09-19T21:00:00,Group F,group_stage,3,,F,not_applicable,0,0,ucl-manchester-city,ucl-olympique-lyonnais,Manchester City,Olympique Lyonnais,Manchester City,Olympique Lyonnais,ENG,FRA,1,2,1,2,0,2,,,Normal Time,A,3,-1,1,1531.99,1485.55,111.44,58,20,1-2 (0-2),2018-19/cl.txt,117,abfaeddc2ee3d14f99ecc163c9ddb46cb4d67cef
UCL-2018-19-M-0013,UEFA Champions League,2018-19,2018-09-19,21:00,2018-09-19T21:00:00,Group G,group_stage,3,,G,not_applicable,0,0,ucl-real-madrid,ucl-as-roma,Real Madrid,AS Roma,Real Madrid,AS Roma,ESP,ITA,3,0,3,0,1,0,,,Normal Time,H,3,3,0,1646.32,1514.62,196.7,88,26,3-0 (1-0),2018-19/cl.txt,137,abfaeddc2ee3d14f99ecc163c9ddb46cb4d67cef
UCL-2018-19-M-0014,UEFA Champions League,2018-19,2018-09-19,21:00,2018-09-19T21:00:00,Group G,group_stage,3,,G,not_applicable,0,0,ucl-viktoria-plzen,ucl-cska-moskva,Viktoria Plzeň,CSKA Moskva,Viktoria Plzeň,CSKA Moskva,CZE,RUS,2,2,2,2,2,0,,,Normal Time,D,4,0,1,1480.99,1457.71,88.27,12,38,2-2 (2-0),2018-19/cl.txt,138,abfaeddc2ee3d14f99ecc163c9ddb46cb4d67cef
UCL-2018-19-M-0015,UEFA Champions League,2018-19,2018-09-19,21:00,2018-09-19T21:00:00,Group H,group_stage,3,,H,not_applicable,0,0,ucl-valencia-cf,ucl-juventus,Valencia CF,Juventus,Valencia CF,Juventus,ESP,ITA,0,2,0,2,0,1,,,Normal Time,A,2,-2,0,1493.55,1598.4,-39.85,20,60,0-2 (0-1),2018-19/cl.txt,158,abfaeddc2ee3d14f99ecc163c9ddb46cb4d67cef
UCL-2018-19-M-0016,UEFA Champions League,2018-19,2018-09-19,21:00,2018-09-19T21:00:00,Group H,group_stage,3,,H,not_applicable,0,0,ucl-bsc-young-boys,ucl-manchester-united,BSC Young Boys,Manchester United,BSC Young Boys,Manchester United,SUI,ENG,0,3,0,3,0,2,,,Normal Time,A,3,-3,0,1500.0,1528.82,36.18,0,38,0-3 (0-2),2018-19/cl.txt,159,abfaeddc2ee3d14f99ecc163c9ddb46cb4d67cef
UCL-2018-19-M-0017,UEFA Champions League,2018-19,2018-10-02,18:55,2018-10-02T18:55:00,Group F,group_stage,3,,F,not_applicable,0,0,ucl-1899-hoffenheim,ucl-manchester-city,1899 Hoffenheim,Manchester City,1899 Hoffenheim,Manchester City,GER,ENG,1,2,1,2,1,1,,,Normal Time,A,3,-1,1,1501.89,1518.89,48.0,1,59,1-2 (1-1),2018-19/cl.txt,119,abfaeddc2ee3d14f99ecc163c9ddb46cb4d67cef
UCL-2018-19-M-0018,UEFA Champions League,2018-19,2018-10-02,18:55,2018-10-02T18:55:00,Group H,group_stage,3,,H,not_applicable,0,0,ucl-juventus,ucl-bsc-young-boys,Juventus,BSC Young Boys,Juventus,BSC Young Boys,ITA,SUI,3,0,3,0,2,0,,,Normal Time,H,3,3,0,1607.26,1488.96,183.29,61,1,3-0 (2-0),2018-19/cl.txt,161,abfaeddc2ee3d14f99ecc163c9ddb46cb4d67cef
UCL-2018-19-M-0019,UEFA Champions League,2018-19,2018-10-02,21:00,2018-10-02T21:00:00,Group E,group_stage,3,,E,not_applicable,0,0,ucl-bayern-munich,ucl-afc-ajax,Bayern Munich,AFC Ajax,Bayern München,AFC Ajax,GER,NED,1,1,1,1,1,1,,,Normal Time,D,2,0,1,1625.91,1496.11,194.81,85,25,1-1 (1-1),2018-19/cl.txt,98,abfaeddc2ee3d14f99ecc163c9ddb46cb4d67cef
UCL-2018-19-M-0020,UEFA Champions League,2018-19,2018-10-02,21:00,2018-10-02T21:00:00,Group E,group_stage,3,,E,not_applicable,0,0,ucl-aek-athen,ucl-benfica,AEK Athen,Benfica,AEK Athen,SL Benfica,GRE,POR,2,3,2,3,0,2,,,Normal Time,A,5,-1,1,1491.5,1454.38,102.12,1,53,2-3 (0-2),2018-19/cl.txt,99,abfaeddc2ee3d14f99ecc163c9ddb46cb4d67cef
UCL-2018-19-M-0021,UEFA Champions League,2018-19,2018-10-02,21:00,2018-10-02T21:00:00,Group F,group_stage,3,,F,not_applicable,0,0,ucl-olympique-lyonnais,ucl-shakhtar-donetsk,Olympique Lyonnais,Shakhtar Donetsk,Olympique Lyonnais,Shakhtar Donetsk,FRA,UKR,2,2,2,2,0,1,,,Normal Time,D,4,0,1,1498.65,1499.54,64.11,21,43,2-2 (0-1),2018-19/cl.txt,120,abfaeddc2ee3d14f99ecc163c9ddb46cb4d67cef
UCL-2018-19-M-0022,UEFA Champions League,2018-19,2018-10-02,21:00,2018-10-02T21:00:00,Group G,group_stage,3,,G,not_applicable,0,0,ucl-cska-moskva,ucl-real-madrid,CSKA Moskva,Real Madrid,CSKA Moskva,Real Madrid,RUS,ESP,1,0,1,0,1,0,,,Normal Time,H,1,1,0,1460.2,1651.2,-126.0,39,89,1-0 (1-0),2018-19/cl.txt,140,abfaeddc2ee3d14f99ecc163c9ddb46cb4d67cef
UCL-2018-19-M-0023,UEFA Champions League,2018-19,2018-10-02,21:00,2018-10-02T21:00:00,Group G,group_stage,3,,G,not_applicable,0,0,ucl-as-roma,ucl-viktoria-plzen,AS Roma,Viktoria Plzeň,AS Roma,Viktoria Plzeň,ITA,CZE,5,0,5,0,2,0,,,Normal Time,H,5,5,0,1509.75,1478.5,96.25,27,13,5-0 (2-0),2018-19/cl.txt,141,abfaeddc2ee3d14f99ecc163c9ddb46cb4d67cef
UCL-2018-19-M-0024,UEFA Champions League,2018-19,2018-10-02,21:00,2018-10-02T21:00:00,Group H,group_stage,3,,H,not_applicable,0,0,ucl-manchester-united,ucl-valencia-cf,Manchester United,Valencia CF,Manchester United,Valencia CF,ENG,ESP,0,0,0,0,,,,,Normal Time,D,0,0,0,1539.86,1484.69,120.17,39,21,0-0,2018-19/cl.txt,162,abfaeddc2ee3d14f99ecc163c9ddb46cb4d67cef
UCL-2018-19-M-0025,UEFA Champions League,2018-19,2018-10-03,18:55,2018-10-03T18:55:00,Group C,group_stage,3,,C,not_applicable,0,0,ucl-paris-saint-germain,ucl-crvena-zvezda,Paris Saint-Germain,Crvena Zvezda,Paris Saint-Germain,Crvena Zvezda,FRA,SRB,6,1,6,1,4,0,,,Normal Time,H,7,5,1,1563.76,1498.1,130.66,57,1,6-1 (4-0),2018-19/cl.txt,56,abfaeddc2ee3d14f99ecc163c9ddb46cb4d67cef
UCL-2018-19-M-0026,UEFA Champions League,2018-19,2018-10-03,18:55,2018-10-03T18:55:00,Group D,group_stage,3,,D,not_applicable,0,0,ucl-lokomotiv-moskva,ucl-fc-schalke-04,Lokomotiv Moskva,FC Schalke 04,Lokomotiv Moskva,FC Schalke 04,RUS,GER,0,1,0,1,0,0,,,Normal Time,A,1,-1,0,1491.09,1506.74,49.34,1,25,0-1 (0-0),2018-19/cl.txt,77,abfaeddc2ee3d14f99ecc163c9ddb46cb4d67cef
UCL-2018-19-M-0027,UEFA Champions League,2018-19,2018-10-03,21:00,2018-10-03T21:00:00,Group A,group_stage,3,,A,not_applicable,0,0,ucl-borussia-dortmund,ucl-as-monaco,Borussia Dortmund,AS Monaco,Borussia Dortmund,AS Monaco,GER,FRA,3,0,3,0,0,0,,,Normal Time,H,3,3,0,1509.02,1477.98,96.04,54,29,3-0 (0-0),2018-19/cl.txt,14,abfaeddc2ee3d14f99ecc163c9ddb46cb4d67cef
UCL-2018-19-M-0028,UEFA Champions League,2018-19,2018-10-03,21:00,2018-10-03T21:00:00,Group A,group_stage,3,,A,not_applicable,0,0,ucl-atletico-madrid,ucl-club-brugge-kv,Atlético Madrid,Club Brugge KV,Atlético Madrid,Club Brugge KV,ESP,BEL,3,1,3,1,1,1,,,Normal Time,H,4,2,1,1582.71,1449.96,197.74,55,7,3-1 (1-1),2018-19/cl.txt,15,abfaeddc2ee3d14f99ecc163c9ddb46cb4d67cef
UCL-2018-19-M-0029,UEFA Champions League,2018-19,2018-10-03,21:00,2018-10-03T21:00:00,Group B,group_stage,3,,B,not_applicable,0,0,ucl-tottenham-hotspur,ucl-fc-barcelona,Tottenham Hotspur,FC Barcelona,Tottenham Hotspur,FC Barcelona,ENG,ESP,2,4,2,4,0,2,,,Normal Time,A,6,-2,1,1523.56,1614.14,-25.58,15,78,2-4 (0-2),2018-19/cl.txt,35,abfaeddc2ee3d14f99ecc163c9ddb46cb4d67cef
UCL-2018-19-M-0030,UEFA Champions League,2018-19,2018-10-03,21:00,2018-10-03T21:00:00,Group B,group_stage,3,,B,not_applicable,0,0,ucl-psv-eindhoven,ucl-inter-milan,PSV Eindhoven,Inter Milan,PSV Eindhoven,Inter,NED,ITA,1,2,1,2,1,1,,,Normal Time,A,3,-1,1,1481.63,1511.78,34.85,15,9,1-2 (1-1),2018-19/cl.txt,36,abfaeddc2ee3d14f99ecc163c9ddb46cb4d67cef
UCL-2018-19-M-0031,UEFA Champions League,2018-19,2018-10-03,21:00,2018-10-03T21:00:00,Group C,group_stage,3,,C,not_applicable,0,0,ucl-ssc-napoli,ucl-liverpool-fc,SSC Napoli,Liverpool FC,SSC Napoli,Liverpool FC,ITA,ENG,1,0,1,0,0,0,,,Normal Time,H,1,1,0,1499.95,1544.99,19.95,29,20,1-0 (0-0),2018-19/cl.txt,57,abfaeddc2ee3d14f99ecc163c9ddb46cb4d67cef
UCL-2018-19-M-0032,UEFA Champions League,2018-19,2018-10-03,21:00,2018-10-03T21:00:00,Group D,group_stage,3,,D,not_applicable,0,0,ucl-fc-porto,ucl-galatasaray,FC Porto,Galatasaray,FC Porto,Galatasaray,POR,TUR,1,0,1,0,0,0,,,Normal Time,H,1,1,0,1521.96,1481.79,105.17,53,31,1-0 (0-0),2018-19/cl.txt,78,abfaeddc2ee3d14f99ecc163c9ddb46cb4d67cef
UCL-2018-19-M-0033,UEFA Champions League,2018-19,2018-10-23,18:55,2018-10-23T18:55:00,Group E,group_stage,3,,E,not_applicable,0,0,ucl-aek-athen,ucl-bayern-munich,AEK Athen,Bayern Munich,AEK Athen,Bayern München,GRE,GER,0,2,0,2,0,0,,,Normal Time,A,2,-2,0,1478.65,1620.83,-77.18,2,86,0-2 (0-0),2018-19/cl.txt,101,abfaeddc2ee3d14f99ecc163c9ddb46cb4d67cef
UCL-2018-19-M-0034,UEFA Champions League,2018-19,2018-10-23,18:55,2018-10-23T18:55:00,Group H,group_stage,3,,H,not_applicable,0,0,ucl-bsc-young-boys,ucl-valencia-cf,BSC Young Boys,Valencia CF,BSC Young Boys,Valencia CF,SUI,ESP,1,1,1,1,0,1,,,Normal Time,D,2,0,1,1483.8,1488.01,60.78,2,22,1-1 (0-1),2018-19/cl.txt,164,abfaeddc2ee3d14f99ecc163c9ddb46cb4d67cef
UCL-2018-19-M-0035,UEFA Champions League,2018-19,2018-10-23,21:00,2018-10-23T21:00:00,Group E,group_stage,3,,E,not_applicable,0,0,ucl-afc-ajax,ucl-benfica,AFC Ajax,Benfica,AFC Ajax,SL Benfica,NED,POR,1,0,1,0,0,0,,,Normal Time,H,1,1,0,1501.19,1467.24,98.95,26,54,1-0 (0-0),2018-19/cl.txt,102,abfaeddc2ee3d14f99ecc163c9ddb46cb4d67cef
UCL-2018-19-M-0036,UEFA Champions League,2018-19,2018-10-23,21:00,2018-10-23T21:00:00,Group F,group_stage,3,,F,not_applicable,0,0,ucl-shakhtar-donetsk,ucl-manchester-city,Shakhtar Donetsk,Manchester City,Shakhtar Donetsk,Manchester City,UKR,ENG,0,3,0,3,0,2,,,Normal Time,A,3,-3,0,1501.37,1530.26,36.11,44,60,0-3 (0-2),2018-19/cl.txt,122,abfaeddc2ee3d14f99ecc163c9ddb46cb4d67cef
UCL-2018-19-M-0037,UEFA Champions League,2018-19,2018-10-23,21:00,2018-10-23T21:00:00,Group F,group_stage,3,,F,not_applicable,0,0,ucl-1899-hoffenheim,ucl-olympique-lyonnais,1899 Hoffenheim,Olympique Lyonnais,1899 Hoffenheim,Olympique Lyonnais,GER,FRA,3,3,3,3,1,1,,,Normal Time,D,6,0,1,1490.52,1496.83,58.69,2,22,3-3 (1-1),2018-19/cl.txt,123,abfaeddc2ee3d14f99ecc163c9ddb46cb4d67cef
UCL-2018-19-M-0038,UEFA Champions League,2018-19,2018-10-23,21:00,2018-10-23T21:00:00,Group G,group_stage,3,,G,not_applicable,0,0,ucl-as-roma,ucl-cska-moskva,AS Roma,CSKA Moskva,AS Roma,CSKA Moskva,ITA,RUS,3,0,3,0,2,0,,,Normal Time,H,3,3,0,1517.05,1473.68,108.37,28,40,3-0 (2-0),2018-19/cl.txt,143,abfaeddc2ee3d14f99ecc163c9ddb46cb4d67cef
UCL-2018-19-M-0039,UEFA Champions League,2018-19,2018-10-23,21:00,2018-10-23T21:00:00,Group G,group_stage,3,,G,not_applicable,0,0,ucl-real-madrid,ucl-viktoria-plzen,Real Madrid,Viktoria Plzeň,Real Madrid,Viktoria Plzeň,ESP,CZE,2,1,2,1,1,0,,,Normal Time,H,3,1,1,1637.72,1471.2,231.52,90,14,2-1 (1-0),2018-19/cl.txt,144,abfaeddc2ee3d14f99ecc163c9ddb46cb4d67cef
UCL-2018-19-M-0040,UEFA Champions League,2018-19,2018-10-23,21:00,2018-10-23T21:00:00,Group H,group_stage,3,,H,not_applicable,0,0,ucl-manchester-united,ucl-juventus,Manchester United,Juventus,Manchester United,Juventus,ENG,ITA,0,1,0,1,0,1,,,Normal Time,A,1,-1,0,1536.53,1612.42,-10.89,40,62,0-1 (0-1),2018-19/cl.txt,165,abfaeddc2ee3d14f99ecc163c9ddb46cb4d67cef
UCL-2018-19-M-0041,UEFA Champions League,2018-19,2018-10-24,18:55,2018-10-24T18:55:00,Group A,group_stage,3,,A,not_applicable,0,0,ucl-club-brugge-kv,ucl-as-monaco,Club Brugge KV,AS Monaco,Club Brugge KV,AS Monaco,BEL,FRA,1,1,1,1,1,1,,,Normal Time,D,2,0,1,1445.11,1470.68,39.43,8,30,1-1 (1-1),2018-19/cl.txt,17,abfaeddc2ee3d14f99ecc163c9ddb46cb4d67cef
UCL-2018-19-M-0042,UEFA Champions League,2018-19,2018-10-24,18:55,2018-10-24T18:55:00,Group B,group_stage,3,,B,not_applicable,0,0,ucl-psv-eindhoven,ucl-tottenham-hotspur,PSV Eindhoven,Tottenham Hotspur,PSV Eindhoven,Tottenham Hotspur,NED,ENG,2,2,2,2,1,1,,,Normal Time,D,4,0,1,1470.63,1514.29,21.34,16,16,2-2 (1-1),2018-19/cl.txt,38,abfaeddc2ee3d14f99ecc163c9ddb46cb4d67cef
UCL-2018-19-M-0043,UEFA Champions League,2018-19,2018-10-24,21:00,2018-10-24T21:00:00,Group A,group_stage,3,,A,not_applicable,0,0,ucl-borussia-dortmund,ucl-atletico-madrid,Borussia Dortmund,Atlético Madrid,Borussia Dortmund,Atlético Madrid,GER,ESP,4,0,4,0,1,0,,,Normal Time,H,4,4,0,1516.33,1587.56,-6.23,55,56,4-0 (1-0),2018-19/cl.txt,18,abfaeddc2ee3d14f99ecc163c9ddb46cb4d67cef
UCL-2018-19-M-0044,UEFA Champions League,2018-19,2018-10-24,21:00,2018-10-24T21:00:00,Group B,group_stage,3,,B,not_applicable,0,0,ucl-fc-barcelona,ucl-inter-milan,FC Barcelona,Inter Milan,FC Barcelona,Inter,ESP,ITA,2,0,2,0,1,0,,,Normal Time,H,2,2,0,1623.4,1522.78,165.62,79,10,2-0 (1-0),2018-19/cl.txt,39,abfaeddc2ee3d14f99ecc163c9ddb46cb4d67cef
UCL-2018-19-M-0045,UEFA Champions League,2018-19,2018-10-24,21:00,2018-10-24T21:00:00,Group C,group_stage,3,,C,not_applicable,0,0,ucl-paris-saint-germain,ucl-ssc-napoli,Paris Saint-Germain,SSC Napoli,Paris Saint-Germain,SSC Napoli,FRA,ITA,2,2,2,2,0,1,,,Normal Time,D,4,0,1,1570.16,1509.37,125.79,58,30,2-2 (0-1),2018-19/cl.txt,59,abfaeddc2ee3d14f99ecc163c9ddb46cb4d67cef
UCL-2018-19-M-0046,UEFA Champions League,2018-19,2018-10-24,21:00,2018-10-24T21:00:00,Group C,group_stage,3,,C,not_applicable,0,0,ucl-liverpool-fc,ucl-crvena-zvezda,Liverpool FC,Crvena Zvezda,Liverpool FC,Crvena Zvezda,ENG,SRB,4,0,4,0,2,0,,,Normal Time,H,4,4,0,1535.57,1491.69,108.88,21,2,4-0 (2-0),2018-19/cl.txt,60,abfaeddc2ee3d14f99ecc163c9ddb46cb4d67cef
UCL-2018-19-M-0047,UEFA Champions League,2018-19,2018-10-24,21:00,2018-10-24T21:00:00,Group D,group_stage,3,,D,not_applicable,0,0,ucl-lokomotiv-moskva,ucl-fc-porto,Lokomotiv Moskva,FC Porto,Lokomotiv Moskva,FC Porto,RUS,POR,1,3,1,3,1,2,,,Normal Time,A,4,-2,1,1479.68,1529.02,15.65,2,54,1-3 (1-2),2018-19/cl.txt,80,abfaeddc2ee3d14f99ecc163c9ddb46cb4d67cef
UCL-2018-19-M-0048,UEFA Champions League,2018-19,2018-10-24,21:00,2018-10-24T21:00:00,Group D,group_stage,3,,D,not_applicable,0,0,ucl-galatasaray,ucl-fc-schalke-04,Galatasaray,FC Schalke 04,Galatasaray,FC Schalke 04,TUR,GER,0,0,0,0,,,,,Normal Time,D,0,0,0,1474.72,1518.16,21.57,32,26,0-0,2018-19/cl.txt,81,abfaeddc2ee3d14f99ecc163c9ddb46cb4d67cef
UCL-2018-19-M-0049,UEFA Champions League,2018-19,2018-11-06,18:55,2018-11-06T18:55:00,Group A,group_stage,3,,A,not_applicable,0,0,ucl-as-monaco,ucl-club-brugge-kv,AS Monaco,Club Brugge KV,AS Monaco,Club Brugge KV,FRA,BEL,0,4,0,4,0,3,,,Normal Time,A,4,-4,0,1471.81,1443.98,92.83,31,9,0-4 (0-3),2018-19/cl.txt,20,abfaeddc2ee3d14f99ecc163c9ddb46cb4d67cef
UCL-2018-19-M-0050,UEFA Champions League,2018-19,2018-11-06,18:55,2018-11-06T18:55:00,Group C,group_stage,3,,C,not_applicable,0,0,ucl-crvena-zvezda,ucl-liverpool-fc,Crvena Zvezda,Liverpool FC,Crvena Zvezda,Liverpool FC,SRB,ENG,2,0,2,0,2,0,,,Normal Time,H,2,2,0,1484.72,1542.53,7.19,3,22,2-0 (2-0),2018-19/cl.txt,62,abfaeddc2ee3d14f99ecc163c9ddb46cb4d67cef
UCL-2018-19-M-0051,UEFA Champions League,2018-19,2018-11-06,21:00,2018-11-06T21:00:00,Group A,group_stage,3,,A,not_applicable,0,0,ucl-atletico-madrid,ucl-borussia-dortmund,Atlético Madrid,Borussia Dortmund,Atlético Madrid,Borussia Dortmund,ESP,GER,2,0,2,0,1,0,,,Normal Time,H,2,2,0,1577.38,1526.5,115.87,57,56,2-0 (1-0),2018-19/cl.txt,21,abfaeddc2ee3d14f99ecc163c9ddb46cb4d67cef
UCL-2018-19-M-0052,UEFA Champions League,2018-19,2018-11-06,21:00,2018-11-06T21:00:00,Group B,group_stage,3,,B,not_applicable,0,0,ucl-tottenham-hotspur,ucl-psv-eindhoven,Tottenham Hotspur,PSV Eindhoven,Tottenham Hotspur,PSV Eindhoven,ENG,NED,2,1,2,1,0,1,,,Normal Time,H,3,1,1,1514.91,1470.02,109.89,17,17,2-1 (0-1),2018-19/cl.txt,41,abfaeddc2ee3d14f99ecc163c9ddb46cb4d67cef
UCL-2018-19-M-0053,UEFA Champions League,2018-19,2018-11-06,21:00,2018-11-06T21:00:00,Group B,group_stage,3,,B,not_applicable,0,0,ucl-inter-milan,ucl-fc-barcelona,Inter Milan,FC Barcelona,Inter,FC Barcelona,ITA,ESP,1,1,1,1,0,0,,,Normal Time,D,2,0,1,1517.22,1628.96,-46.75,11,80,1-1 (0-0),2018-19/cl.txt,42,abfaeddc2ee3d14f99ecc163c9ddb46cb4d67cef
UCL-2018-19-M-0054,UEFA Champions League,2018-19,2018-11-06,21:00,2018-11-06T21:00:00,Group C,group_stage,3,,C,not_applicable,0,0,ucl-ssc-napoli,ucl-paris-saint-germain,SSC Napoli,Paris Saint-Germain,SSC Napoli,Paris Saint-Germain,ITA,FRA,1,1,1,1,0,1,,,Normal Time,D,2,0,1,1512.84,1566.69,11.15,31,59,1-1 (0-1),2018-19/cl.txt,63,abfaeddc2ee3d14f99ecc163c9ddb46cb4d67cef
UCL-2018-19-M-0055,UEFA Champions League,2018-19,2018-11-06,21:00,2018-11-06T21:00:00,Group D,group_stage,3,,D,not_applicable,0,0,ucl-fc-porto,ucl-lokomotiv-moskva,FC Porto,Lokomotiv Moskva,FC Porto,Lokomotiv Moskva,POR,RUS,4,1,4,1,2,0,,,Normal Time,H,5,3,1,1539.47,1469.22,135.25,55,3,4-1 (2-0),2018-19/cl.txt,83,abfaeddc2ee3d14f99ecc163c9ddb46cb4d67cef
UCL-2018-19-M-0056,UEFA Champions League,2018-19,2018-11-06,21:00,2018-11-06T21:00:00,Group D,group_stage,3,,D,not_applicable,0,0,ucl-fc-schalke-04,ucl-galatasaray,FC Schalke 04,Galatasaray,FC Schalke 04,Galatasaray,GER,TUR,2,0,2,0,1,0,,,Normal Time,H,2,2,0,1518.78,1474.1,109.67,27,33,2-0 (1-0),2018-19/cl.txt,84,abfaeddc2ee3d14f99ecc163c9ddb46cb4d67cef
UCL-2018-19-M-0057,UEFA Champions League,2018-19,2018-11-07,18:55,2018-11-07T18:55:00,Group G,group_stage,3,,G,not_applicable,0,0,ucl-cska-moskva,ucl-as-roma,CSKA Moskva,AS Roma,CSKA Moskva,AS Roma,RUS,ITA,1,2,1,2,0,1,,,Normal Time,A,3,-1,1,1466.7,1524.03,7.67,41,29,1-2 (0-1),2018-19/cl.txt,146,abfaeddc2ee3d14f99ecc163c9ddb46cb4d67cef
UCL-2018-19-M-0058,UEFA Champions League,2018-19,2018-11-07,18:55,2018-11-07T18:55:00,Group H,group_stage,3,,H,not_applicable,0,0,ucl-valencia-cf,ucl-bsc-young-boys,Valencia CF,BSC Young Boys,Valencia CF,BSC Young Boys,ESP,SUI,3,1,3,1,2,1,,,Normal Time,H,4,2,1,1489.75,1482.07,72.68,23,3,3-1 (2-1),2018-19/cl.txt,167,abfaeddc2ee3d14f99ecc163c9ddb46cb4d67cef
UCL-2018-19-M-0059,UEFA Champions League,2018-19,2018-11-07,21:00,2018-11-07T21:00:00,Group E,group_stage,3,,E,not_applicable,0,0,ucl-benfica,ucl-afc-ajax,Benfica,AFC Ajax,SL Benfica,AFC Ajax,POR,NED,1,1,1,1,1,0,,,Normal Time,D,2,0,1,1460.02,1508.42,16.6,55,27,1-1 (1-0),2018-19/cl.txt,104,abfaeddc2ee3d14f99ecc163c9ddb46cb4d67cef
UCL-2018-19-M-0060,UEFA Champions League,2018-19,2018-11-07,21:00,2018-11-07T21:00:00,Group E,group_stage,3,,E,not_applicable,0,0,ucl-bayern-munich,ucl-aek-athen,Bayern Munich,AEK Athen,Bayern München,AEK Athen,GER,GRE,2,0,2,0,1,0,,,Normal Time,H,2,2,0,1628.64,1470.83,222.81,87,3,2-0 (1-0),2018-19/cl.txt,105,abfaeddc2ee3d14f99ecc163c9ddb46cb4d67cef
UCL-2018-19-M-0061,UEFA Champions League,2018-19,2018-11-07,21:00,2018-11-07T21:00:00,Group F,group_stage,3,,F,not_applicable,0,0,ucl-manchester-city,ucl-shakhtar-donetsk,Manchester City,Shakhtar Donetsk,Manchester City,Shakhtar Donetsk,ENG,UKR,6,0,6,0,2,0,,,Normal Time,H,6,6,0,1541.3,1490.33,115.97,61,45,6-0 (2-0),2018-19/cl.txt,125,abfaeddc2ee3d14f99ecc163c9ddb46cb4d67cef
UCL-2018-19-M-0062,UEFA Champions League,2018-19,2018-11-07,21:00,2018-11-07T21:00:00,Group F,group_stage,3,,F,not_applicable,0,0,ucl-olympique-lyonnais,ucl-1899-hoffenheim,Olympique Lyonnais,1899 Hoffenheim,Olympique Lyonnais,1899 Hoffenheim,FRA,GER,2,2,2,2,2,0,,,Normal Time,D,4,0,1,1498.5,1488.84,74.66,23,3,2-2 (2-0),2018-19/cl.txt,126,abfaeddc2ee3d14f99ecc163c9ddb46cb4d67cef
UCL-2018-19-M-0063,UEFA Champions League,2018-19,2018-11-07,21:00,2018-11-07T21:00:00,Group G,group_stage,3,,G,not_applicable,0,0,ucl-viktoria-plzen,ucl-real-madrid,Viktoria Plzeň,Real Madrid,Viktoria Plzeň,Real Madrid,CZE,ESP,0,5,0,5,0,4,,,Normal Time,A,5,-5,0,1467.03,1641.9,-109.87,15,91,0-5 (0-4),2018-19/cl.txt,147,abfaeddc2ee3d14f99ecc163c9ddb46cb4d67cef
UCL-2018-19-M-0064,UEFA Champions League,2018-19,2018-11-07,21:00,2018-11-07T21:00:00,Group H,group_stage,3,,H,not_applicable,0,0,ucl-juventus,ucl-manchester-united,Juventus,Manchester United,Juventus,Manchester United,ITA,ENG,1,2,1,2,0,0,,,Normal Time,A,3,-1,1,1622.11,1526.84,160.26,63,41,1-2 (0-0),2018-19/cl.txt,168,abfaeddc2ee3d14f99ecc163c9ddb46cb4d67cef
UCL-2018-19-M-0065,UEFA Champions League,2018-19,2018-11-27,18:55,2018-11-27T18:55:00,Group E,group_stage,3,,E,not_applicable,0,0,ucl-aek-athen,ucl-afc-ajax,AEK Athen,AFC Ajax,AEK Athen,AFC Ajax,GRE,NED,0,2,0,2,0,0,,,Normal Time,A,2,-2,0,1466.49,1508.89,22.59,4,28,0-2 (0-0),2018-19/cl.txt,107,abfaeddc2ee3d14f99ecc163c9ddb46cb4d67cef
UCL-2018-19-M-0066,UEFA Champions League,2018-19,2018-11-27,18:55,2018-11-27T18:55:00,Group G,group_stage,3,,G,not_applicable,0,0,ucl-cska-moskva,ucl-viktoria-plzen,CSKA Moskva,Viktoria Plzeň,CSKA Moskva,Viktoria Plzeň,RUS,CZE,1,2,1,2,1,0,,,Normal Time,A,3,-1,1,1456.48,1460.09,61.39,42,16,1-2 (1-0),2018-19/cl.txt,149,abfaeddc2ee3d14f99ecc163c9ddb46cb4d67cef
UCL-2018-19-M-0067,UEFA Champions League,2018-19,2018-11-27,21:00,2018-11-27T21:00:00,Group E,group_stage,3,,E,not_applicable,0,0,ucl-bayern-munich,ucl-benfica,Bayern Munich,Benfica,Bayern München,SL Benfica,GER,POR,5,1,5,1,3,0,,,Normal Time,H,6,4,1,1632.98,1459.54,238.44,88,56,5-1 (3-0),2018-19/cl.txt,108,abfaeddc2ee3d14f99ecc163c9ddb46cb4d67cef
UCL-2018-19-M-0068,UEFA Champions League,2018-19,2018-11-27,21:00,2018-11-27T21:00:00,Group F,group_stage,3,,F,not_applicable,0,0,ucl-olympique-lyonnais,ucl-manchester-city,Olympique Lyonnais,Manchester City,Olympique Lyonnais,Manchester City,FRA,ENG,2,2,2,2,0,0,,,Normal Time,D,4,0,1,1496.38,1548.08,13.3,24,62,2-2 (0-0),2018-19/cl.txt,128,abfaeddc2ee3d14f99ecc163c9ddb46cb4d67cef
UCL-2018-19-M-0069,UEFA Champions League,2018-19,2018-11-27,21:00,2018-11-27T21:00:00,Group F,group_stage,3,,F,not_applicable,0,0,ucl-1899-hoffenheim,ucl-shakhtar-donetsk,1899 Hoffenheim,Shakhtar Donetsk,1899 Hoffenheim,Shakhtar Donetsk,GER,UKR,2,3,2,3,2,2,,,Normal Time,A,5,-1,1,1490.96,1483.55,72.41,4,46,2-3 (2-2),2018-19/cl.txt,129,abfaeddc2ee3d14f99ecc163c9ddb46cb4d67cef
UCL-2018-19-M-0070,UEFA Champions League,2018-19,2018-11-27,21:00,2018-11-27T21:00:00,Group G,group_stage,3,,G,not_applicable,0,0,ucl-as-roma,ucl-real-madrid,AS Roma,Real Madrid,AS Roma,Real Madrid,ITA,ESP,0,2,0,2,0,0,,,Normal Time,A,2,-2,0,1534.25,1648.84,-49.59,30,92,0-2 (0-0),2018-19/cl.txt,150,abfaeddc2ee3d14f99ecc163c9ddb46cb4d67cef
UCL-2018-19-M-0071,UEFA Champions League,2018-19,2018-11-27,21:00,2018-11-27T21:00:00,Group H,group_stage,3,,H,not_applicable,0,0,ucl-juventus,ucl-valencia-cf,Juventus,Valencia CF,Juventus,Valencia CF,ITA,ESP,1,0,1,0,0,0,,,Normal Time,H,1,1,0,1607.8,1497.68,175.11,64,24,1-0 (0-0),2018-19/cl.txt,170,abfaeddc2ee3d14f99ecc163c9ddb46cb4d67cef
UCL-2018-19-M-0072,UEFA Champions League,2018-19,2018-11-27,21:00,2018-11-27T21:00:00,Group H,group_stage,3,,H,not_applicable,0,0,ucl-manchester-united,ucl-bsc-young-boys,Manchester United,BSC Young Boys,Manchester United,BSC Young Boys,ENG,SUI,1,0,1,0,0,0,,,Normal Time,H,1,1,0,1541.16,1474.13,132.03,42,4,1-0 (0-0),2018-19/cl.txt,171,abfaeddc2ee3d14f99ecc163c9ddb46cb4d67cef
UCL-2018-19-M-0073,UEFA Champions League,2018-19,2018-11-28,18:55,2018-11-28T18:55:00,Group A,group_stage,3,,A,not_applicable,0,0,ucl-atletico-madrid,ucl-as-monaco,Atlético Madrid,AS Monaco,Atlético Madrid,AS Monaco,ESP,FRA,2,0,2,0,2,0,,,Normal Time,H,2,2,0,1584.16,1459.2,189.96,58,32,2-0 (2-0),2018-19/cl.txt,23,abfaeddc2ee3d14f99ecc163c9ddb46cb4d67cef
UCL-2018-19-M-0074,UEFA Champions League,2018-19,2018-11-28,18:55,2018-11-28T18:55:00,Group D,group_stage,3,,D,not_applicable,0,0,ucl-lokomotiv-moskva,ucl-galatasaray,Lokomotiv Moskva,Galatasaray,Lokomotiv Moskva,Galatasaray,RUS,TUR,2,0,2,0,1,0,,,Normal Time,H,2,2,0,1462.93,1467.16,60.77,4,34,2-0 (1-0),2018-19/cl.txt,86,abfaeddc2ee3d14f99ecc163c9ddb46cb4d67cef
UCL-2018-19-M-0075,UEFA Champions League,2018-19,2018-11-28,21:00,2018-11-28T21:00:00,Group A,group_stage,3,,A,not_applicable,0,0,ucl-borussia-dortmund,ucl-club-brugge-kv,Borussia Dortmund,Club Brugge KV,Borussia Dortmund,Club Brugge KV,GER,BEL,0,0,0,0,,,,,Normal Time,D,0,0,0,1519.72,1456.59,128.13,57,10,0-0,2018-19/cl.txt,24,abfaeddc2ee3d14f99ecc163c9ddb46cb4d67cef
UCL-2018-19-M-0076,UEFA Champions League,2018-19,2018-11-28,21:00,2018-11-28T21:00:00,Group B,group_stage,3,,B,not_applicable,0,0,ucl-psv-eindhoven,ucl-fc-barcelona,PSV Eindhoven,FC Barcelona,PSV Eindhoven,FC Barcelona,NED,ESP,1,2,1,2,0,0,,,Normal Time,A,3,-1,1,1463.08,1627.63,-99.55,18,81,1-2 (0-0),2018-19/cl.txt,44,abfaeddc2ee3d14f99ecc163c9ddb46cb4d67cef
UCL-2018-19-M-0077,UEFA Champions League,2018-19,2018-11-28,21:00,2018-11-28T21:00:00,Group B,group_stage,3,,B,not_applicable,0,0,ucl-tottenham-hotspur,ucl-inter-milan,Tottenham Hotspur,Inter Milan,Tottenham Hotspur,Inter,ENG,ITA,1,0,1,0,0,0,,,Normal Time,H,1,1,0,1521.85,1518.56,68.29,18,12,1-0 (0-0),2018-19/cl.txt,45,abfaeddc2ee3d14f99ecc163c9ddb46cb4d67cef
UCL-2018-19-M-0078,UEFA Champions League,2018-19,2018-11-28,21:00,2018-11-28T21:00:00,Group C,group_stage,3,,C,not_applicable,0,0,ucl-paris-saint-germain,ucl-liverpool-fc,Paris Saint-Germain,Liverpool FC,Paris Saint-Germain,Liverpool FC,FRA,ENG,2,1,2,1,2,1,,,Normal Time,H,3,1,1,1567.01,1532.74,99.27,60,23,2-1 (2-1),2018-19/cl.txt,65,abfaeddc2ee3d14f99ecc163c9ddb46cb4d67cef
UCL-2018-19-M-0079,UEFA Champions League,2018-19,2018-11-28,21:00,2018-11-28T21:00:00,Group C,group_stage,3,,C,not_applicable,0,0,ucl-ssc-napoli,ucl-crvena-zvezda,SSC Napoli,Crvena Zvezda,SSC Napoli,Crvena Zvezda,ITA,SRB,3,1,3,1,2,0,,,Normal Time,H,4,2,1,1512.52,1494.52,83.01,32,4,3-1 (2-0),2018-19/cl.txt,66,abfaeddc2ee3d14f99ecc163c9ddb46cb4d67cef
UCL-2018-19-M-0080,UEFA Champions League,2018-19,2018-11-28,21:00,2018-11-28T21:00:00,Group D,group_stage,3,,D,not_applicable,0,0,ucl-fc-porto,ucl-fc-schalke-04,FC Porto,FC Schalke 04,FC Porto,FC Schalke 04,POR,GER,3,1,3,1,0,0,,,Normal Time,H,4,2,1,1545.76,1525.72,85.04,56,28,3-1 (0-0),2018-19/cl.txt,87,abfaeddc2ee3d14f99ecc163c9ddb46cb4d67cef
UCL-2018-19-M-0081,UEFA Champions League,2018-19,2018-12-11,18:55,2018-12-11T18:55:00,Group D,group_stage,3,,D,not_applicable,0,0,ucl-fc-schalke-04,ucl-lokomotiv-moskva,FC Schalke 04,Lokomotiv Moskva,FC Schalke 04,Lokomotiv Moskva,GER,RUS,1,0,1,0,0,0,,,Normal Time,H,1,1,0,1518.12,1471.2,111.92,29,5,1-0 (0-0),2018-19/cl.txt,89,abfaeddc2ee3d14f99ecc163c9ddb46cb4d67cef
UCL-2018-19-M-0082,UEFA Champions League,2018-19,2018-12-11,18:55,2018-12-11T18:55:00,Group D,group_stage,3,,D,not_applicable,0,0,ucl-galatasaray,ucl-fc-porto,Galatasaray,FC Porto,Galatasaray,FC Porto,TUR,POR,2,3,2,3,1,2,,,Normal Time,A,5,-1,1,1458.89,1553.36,-29.47,35,57,2-3 (1-2),2018-19/cl.txt,90,abfaeddc2ee3d14f99ecc163c9ddb46cb4d67cef
UCL-2018-19-M-0083,UEFA Champions League,2018-19,2018-12-11,21:00,2018-12-11T21:00:00,Group A,group_stage,3,,A,not_applicable,0,0,ucl-as-monaco,ucl-borussia-dortmund,AS Monaco,Borussia Dortmund,AS Monaco,Borussia Dortmund,FRA,GER,0,2,0,2,0,1,,,Normal Time,A,2,-2,0,1454.18,1516.19,2.99,33,58,0-2 (0-1),2018-19/cl.txt,26,abfaeddc2ee3d14f99ecc163c9ddb46cb4d67cef
UCL-2018-19-M-0084,UEFA Champions League,2018-19,2018-12-11,21:00,2018-12-11T21:00:00,Group A,group_stage,3,,A,not_applicable,0,0,ucl-club-brugge-kv,ucl-atletico-madrid,Club Brugge KV,Atlético Madrid,Club Brugge KV,Atlético Madrid,BEL,ESP,0,0,0,0,,,,,Normal Time,D,0,0,0,1460.12,1589.18,-64.06,11,59,0-0,2018-19/cl.txt,27,abfaeddc2ee3d14f99ecc163c9ddb46cb4d67cef
UCL-2018-19-M-0085,UEFA Champions League,2018-19,2018-12-11,21:00,2018-12-11T21:00:00,Group B,group_stage,3,,B,not_applicable,0,0,ucl-fc-barcelona,ucl-tottenham-hotspur,FC Barcelona,Tottenham Hotspur,FC Barcelona,Tottenham Hotspur,ESP,ENG,1,1,1,1,1,0,,,Normal Time,D,2,0,1,1634.84,1529.91,169.93,82,19,1-1 (1-0),2018-19/cl.txt,47,abfaeddc2ee3d14f99ecc163c9ddb46cb4d67cef
UCL-2018-19-M-0086,UEFA Champions League,2018-19,2018-12-11,21:00,2018-12-11T21:00:00,Group B,group_stage,3,,B,not_applicable,0,0,ucl-inter-milan,ucl-psv-eindhoven,Inter Milan,PSV Eindhoven,Inter,PSV Eindhoven,ITA,NED,1,1,1,1,0,1,,,Normal Time,D,2,0,1,1510.5,1455.87,119.63,13,19,1-1 (0-1),2018-19/cl.txt,48,abfaeddc2ee3d14f99ecc163c9ddb46cb4d67cef
UCL-2018-19-M-0087,UEFA Champions League,2018-19,2018-12-11,21:00,2018-12-11T21:00:00,Group C,group_stage,3,,C,not_applicable,0,0,ucl-liverpool-fc,ucl-ssc-napoli,Liverpool FC,SSC Napoli,Liverpool FC,SSC Napoli,ENG,ITA,1,0,1,0,1,0,,,Normal Time,H,1,1,0,1525.52,1520.18,70.34,24,33,1-0 (1-0),2018-19/cl.txt,68,abfaeddc2ee3d14f99ecc163c9ddb46cb4d67cef
UCL-2018-19-M-0088,UEFA Champions League,2018-19,2018-12-11,21:00,2018-12-11T21:00:00,Group C,group_stage,3,,C,not_applicable,0,0,ucl-crvena-zvezda,ucl-paris-saint-germain,Crvena Zvezda,Paris Saint-Germain,Crvena Zvezda,Paris Saint-Germain,SRB,FRA,1,4,1,4,0,2,,,Normal Time,A,5,-3,1,1486.86,1574.23,-22.37,5,61,1-4 (0-2),2018-19/cl.txt,69,abfaeddc2ee3d14f99ecc163c9ddb46cb4d67cef
UCL-2018-19-M-0089,UEFA Champions League,2018-19,2018-12-12,18:55,2018-12-12T18:55:00,Group G,group_stage,3,,G,not_applicable,0,0,ucl-real-madrid,ucl-cska-moskva,Real Madrid,CSKA Moskva,Real Madrid,CSKA Moskva,ESP,RUS,0,3,0,3,0,2,,,Normal Time,A,3,-3,0,1657.42,1444.73,277.69,93,43,0-3 (0-2),2018-19/cl.txt,152,abfaeddc2ee3d14f99ecc163c9ddb46cb4d67cef
UCL-2018-19-M-0090,UEFA Champions League,2018-19,2018-12-12,18:55,2018-12-12T18:55:00,Group G,group_stage,3,,G,not_applicable,0,0,ucl-viktoria-plzen,ucl-as-roma,Viktoria Plzeň,AS Roma,Viktoria Plzeň,AS Roma,CZE,ITA,2,1,2,1,0,0,,,Normal Time,H,3,1,1,1471.84,1525.66,11.17,17,31,2-1 (0-0),2018-19/cl.txt,153,abfaeddc2ee3d14f99ecc163c9ddb46cb4d67cef
UCL-2018-19-M-0091,UEFA Champions League,2018-19,2018-12-12,21:00,2018-12-12T21:00:00,Group E,group_stage,3,,E,not_applicable,0,0,ucl-afc-ajax,ucl-bayern-munich,AFC Ajax,Bayern Munich,AFC Ajax,Bayern München,NED,GER,3,3,3,3,0,1,,,Normal Time,D,6,0,1,1519.54,1637.03,-52.48,29,89,3-3 (0-1),2018-19/cl.txt,110,abfaeddc2ee3d14f99ecc163c9ddb46cb4d67cef
UCL-2018-19-M-0092,UEFA Champions League,2018-19,2018-12-12,21:00,2018-12-12T21:00:00,Group E,group_stage,3,,E,not_applicable,0,0,ucl-benfica,ucl-aek-athen,Benfica,AEK Athen,SL Benfica,AEK Athen,POR,GRE,1,0,1,0,0,0,,,Normal Time,H,1,1,0,1455.49,1455.84,64.65,57,5,1-0 (0-0),2018-19/cl.txt,111,abfaeddc2ee3d14f99ecc163c9ddb46cb4d67cef
UCL-2018-19-M-0093,UEFA Champions League,2018-19,2018-12-12,21:00,2018-12-12T21:00:00,Group F,group_stage,3,,F,not_applicable,0,0,ucl-shakhtar-donetsk,ucl-olympique-lyonnais,Shakhtar Donetsk,Olympique Lyonnais,Shakhtar Donetsk,Olympique Lyonnais,UKR,FRA,1,1,1,1,1,0,,,Normal Time,D,2,0,1,1495.61,1496.0,64.61,47,25,1-1 (1-0),2018-19/cl.txt,131,abfaeddc2ee3d14f99ecc163c9ddb46cb4d67cef
UCL-2018-19-M-0094,UEFA Champions League,2018-19,2018-12-12,21:00,2018-12-12T21:00:00,Group F,group_stage,3,,F,not_applicable,0,0,ucl-manchester-city,ucl-1899-hoffenheim,Manchester City,1899 Hoffenheim,Manchester City,1899 Hoffenheim,ENG,GER,2,1,2,1,1,1,,,Normal Time,H,3,1,1,1548.46,1478.9,134.56,63,5,2-1 (1-1),2018-19/cl.txt,132,abfaeddc2ee3d14f99ecc163c9ddb46cb4d67cef
UCL-2018-19-M-0095,UEFA Champions League,2018-19,2018-12-12,21:00,2018-12-12T21:00:00,Group H,group_stage,3,,H,not_applicable,0,0,ucl-valencia-cf,ucl-manchester-united,Valencia CF,Manchester United,Valencia CF,Manchester United,ESP,ENG,2,1,2,1,1,0,,,Normal Time,H,3,1,1,1492.34,1547.53,9.81,25,43,2-1 (1-0),2018-19/cl.txt,173,abfaeddc2ee3d14f99ecc163c9ddb46cb4d67cef
UCL-2018-19-M-0096,UEFA Champions League,2018-19,2018-12-12,21:00,2018-12-12T21:00:00,Group H,group_stage,3,,H,not_applicable,0,0,ucl-bsc-young-boys,ucl-juventus,BSC Young Boys,Juventus,BSC Young Boys,Juventus,SUI,ITA,2,1,2,1,1,0,,,Normal Time,H,3,1,1,1467.75,1613.14,-80.39,5,65,2-1 (1-0),2018-19/cl.txt,174,abfaeddc2ee3d14f99ecc163c9ddb46cb4d67cef
UCL-2018-19-M-0097,UEFA Champions League,2018-19,2019-02-12,21:00,2019-02-12T21:00:00,Round of 16,round_of_16,5,,,1,0,0,ucl-manchester-united,ucl-paris-saint-germain,Manchester United,Paris Saint-Germain,Manchester United,Paris Saint-Germain,ENG,FRA,0,2,0,2,0,0,,,Normal Time,A,2,-2,0,1537.81,1583.59,19.22,44,62,0-2 (0-0),2018-19/cl.txt,179,abfaeddc2ee3d14f99ecc163c9ddb46cb4d67cef
UCL-2018-19-M-0098,UEFA Champions League,2018-19,2019-02-12,21:00,2019-02-12T21:00:00,Round of 16,round_of_16,5,,,1,0,0,ucl-as-roma,ucl-fc-porto,AS Roma,FC Porto,AS Roma,FC Porto,ITA,POR,2,1,2,1,0,0,,,Normal Time,H,3,1,1,1515.99,1562.52,18.47,32,58,2-1 (0-0),2018-19/cl.txt,180,abfaeddc2ee3d14f99ecc163c9ddb46cb4d67cef
UCL-2018-19-M-0099,UEFA Champions League,2018-19,2019-02-13,21:00,2019-02-13T21:00:00,Round of 16,round_of_16,5,,,1,0,0,ucl-tottenham-hotspur,ucl-borussia-dortmund,Tottenham Hotspur,Borussia Dortmund,Tottenham Hotspur,Borussia Dortmund,ENG,GER,3,0,3,0,0,0,,,Normal Time,H,3,3,0,1534.44,1526.28,73.16,20,59,3-0 (0-0),2018-19/cl.txt,182,abfaeddc2ee3d14f99ecc163c9ddb46cb4d67cef
UCL-2018-19-M-0100,UEFA Champions League,2018-19,2019-02-13,21:00,2019-02-13T21:00:00,Round of 16,round_of_16,5,,,1,0,0,ucl-afc-ajax,ucl-real-madrid,AFC Ajax,Real Madrid,AFC Ajax,Real Madrid,NED,ESP,1,2,1,2,0,0,,,Normal Time,A,3,-1,1,1521.04,1640.78,-54.74,30,94,1-2 (0-0),2018-19/cl.txt,183,abfaeddc2ee3d14f99ecc163c9ddb46cb4d67cef
UCL-2018-19-M-0101,UEFA Champions League,2018-19,2019-02-19,21:00,2019-02-19T21:00:00,Round of 16,round_of_16,5,,,1,0,0,ucl-olympique-lyonnais,ucl-fc-barcelona,Olympique Lyonnais,FC Barcelona,Olympique Lyonnais,FC Barcelona,FRA,ESP,0,0,0,0,,,,,Normal Time,D,0,0,0,1497.84,1630.3,-67.46,26,83,0-0,2018-19/cl.txt,185,abfaeddc2ee3d14f99ecc163c9ddb46cb4d67cef
UCL-2018-19-M-0102,UEFA Champions League,2018-19,2019-02-19,21:00,2019-02-19T21:00:00,Round of 16,round_of_16,5,,,1,0,0,ucl-liverpool-fc,ucl-bayern-munich,Liverpool FC,Bayern Munich,Liverpool FC,Bayern München,ENG,GER,0,0,0,0,,,,,Normal Time,D,0,0,0,1533.52,1635.53,-37.0,25,90,0-0,2018-19/cl.txt,186,abfaeddc2ee3d14f99ecc163c9ddb46cb4d67cef
UCL-2018-19-M-0103,UEFA Champions League,2018-19,2019-02-20,21:00,2019-02-20T21:00:00,Round of 16,round_of_16,5,,,1,0,0,ucl-fc-schalke-04,ucl-manchester-city,FC Schalke 04,Manchester City,FC Schalke 04,Manchester City,GER,ENG,2,3,2,3,2,1,,,Normal Time,A,5,-1,1,1525.01,1554.77,35.23,30,64,2-3 (2-1),2018-19/cl.txt,188,abfaeddc2ee3d14f99ecc163c9ddb46cb4d67cef
UCL-2018-19-M-0104,UEFA Champions League,2018-19,2019-02-20,21:00,2019-02-20T21:00:00,Round of 16,round_of_16,5,,,1,0,0,ucl-atletico-madrid,ucl-juventus,Atlético Madrid,Juventus,Atlético Madrid,Juventus,ESP,ITA,2,0,2,0,0,0,,,Normal Time,H,2,2,0,1587.36,1600.87,51.49,60,66,2-0 (0-0),2018-19/cl.txt,189,abfaeddc2ee3d14f99ecc163c9ddb46cb4d67cef
UCL-2018-19-M-0105,UEFA Champions League,2018-19,2019-03-05,21:00,2019-03-05T21:00:00,Round of 16,round_of_16,5,,,2,0,0,ucl-borussia-dortmund,ucl-tottenham-hotspur,Borussia Dortmund,Tottenham Hotspur,Borussia Dortmund,Tottenham Hotspur,GER,ENG,0,1,0,1,0,0,,,Normal Time,A,1,-1,0,1518.35,1542.37,40.99,60,21,0-1 (0-0),2018-19/cl.txt,191,abfaeddc2ee3d14f99ecc163c9ddb46cb4d67cef
UCL-2018-19-M-0106,UEFA Champions League,2018-19,2019-03-05,21:00,2019-03-05T21:00:00,Round of 16,round_of_16,5,,,2,0,0,ucl-real-madrid,ucl-afc-ajax,Real Madrid,AFC Ajax,Real Madrid,AFC Ajax,ESP,NED,1,4,1,4,0,2,,,Normal Time,A,5,-3,1,1649.22,1512.61,201.61,95,31,1-4 (0-2),2018-19/cl.txt,192,abfaeddc2ee3d14f99ecc163c9ddb46cb4d67cef
UCL-2018-19-M-0107,UEFA Champions League,2018-19,2019-03-06,21:00,2019-03-06T21:00:00,Round of 16,round_of_16,5,,,2,0,0,ucl-paris-saint-germain,ucl-manchester-united,Paris Saint-Germain,Manchester United,Paris Saint-Germain,Manchester United,FRA,ENG,1,3,1,3,1,2,,,Normal Time,A,4,-2,1,1594.14,1527.26,131.88,63,45,1-3 (1-2),2018-19/cl.txt,194,abfaeddc2ee3d14f99ecc163c9ddb46cb4d67cef
UCL-2018-19-M-0108,UEFA Champions League,2018-19,2019-03-06,21:00,2019-03-06T21:00:00,Round of 16,round_of_16,5,,,2,0,0,ucl-fc-porto,ucl-as-roma,FC Porto,AS Roma,FC Porto,AS Roma,POR,ITA,2,1,3,1,1,1,,,Extra Time,H,3,1,1,1553.05,1525.45,92.59,59,33,"3-1 a.e.t. (2-1, 1-1)",2018-19/cl.txt,195,abfaeddc2ee3d14f99ecc163c9ddb46cb4d67cef
UCL-2018-19-M-0109,UEFA Champions League,2018-19,2019-03-12,21:00,2019-03-12T21:00:00,Round of 16,round_of_16,5,,,2,0,0,ucl-manchester-city,ucl-fc-schalke-04,Manchester City,FC Schalke 04,Manchester City,FC Schalke 04,ENG,GER,7,0,7,0,3,0,,,Normal Time,H,7,7,0,1565.78,1513.99,116.79,65,31,7-0 (3-0),2018-19/cl.txt,197,abfaeddc2ee3d14f99ecc163c9ddb46cb4d67cef
UCL-2018-19-M-0110,UEFA Champions League,2018-19,2019-03-12,21:00,2019-03-12T21:00:00,Round of 16,round_of_16,5,,,2,0,0,ucl-juventus,ucl-atletico-madrid,Juventus,Atlético Madrid,Juventus,Atlético Madrid,ITA,ESP,3,0,3,0,1,0,,,Normal Time,H,3,3,0,1592.34,1595.89,61.45,67,61,3-0 (1-0),2018-19/cl.txt,198,abfaeddc2ee3d14f99ecc163c9ddb46cb4d67cef
UCL-2018-19-M-0111,UEFA Champions League,2018-19,2019-03-13,21:00,2019-03-13T21:00:00,Round of 16,round_of_16,5,,,2,0,0,ucl-fc-barcelona,ucl-olympique-lyonnais,FC Barcelona,Olympique Lyonnais,FC Barcelona,Olympique Lyonnais,ESP,FRA,5,1,5,1,2,0,,,Normal Time,H,6,4,1,1628.39,1499.76,193.63,84,27,5-1 (2-0),2018-19/cl.txt,200,abfaeddc2ee3d14f99ecc163c9ddb46cb4d67cef
UCL-2018-19-M-0112,UEFA Champions League,2018-19,2019-03-13,21:00,2019-03-13T21:00:00,Round of 16,round_of_16,5,,,2,0,0,ucl-bayern-munich,ucl-liverpool-fc,Bayern Munich,Liverpool FC,Bayern München,Liverpool FC,GER,ENG,1,3,1,3,1,1,,,Normal Time,A,4,-2,1,1634.47,1534.59,164.88,91,26,1-3 (1-1),2018-19/cl.txt,201,abfaeddc2ee3d14f99ecc163c9ddb46cb4d67cef
UCL-2018-19-M-0113,UEFA Champions League,2018-19,2019-04-09,21:00,2019-04-09T21:00:00,Quarterfinals,quarterfinal,6,,,1,0,0,ucl-liverpool-fc,ucl-fc-porto,Liverpool FC,FC Porto,Liverpool FC,FC Porto,ENG,POR,2,0,2,0,2,0,,,Normal Time,H,2,2,0,1549.0,1560.44,53.56,27,60,2-0 (2-0),2018-19/cl.txt,206,abfaeddc2ee3d14f99ecc163c9ddb46cb4d67cef
UCL-2018-19-M-0114,UEFA Champions League,2018-19,2019-04-09,21:00,2019-04-09T21:00:00,Quarterfinals,quarterfinal,6,,,1,0,0,ucl-tottenham-hotspur,ucl-manchester-city,Tottenham Hotspur,Manchester City,Tottenham Hotspur,Manchester City,ENG,ENG,1,0,1,0,0,0,,,Normal Time,H,1,1,0,1553.54,1572.54,46.0,22,66,1-0 (0-0),2018-19/cl.txt,207,abfaeddc2ee3d14f99ecc163c9ddb46cb4d67cef
UCL-2018-19-M-0115,UEFA Champions League,2018-19,2019-04-10,21:00,2019-04-10T21:00:00,Quarterfinals,quarterfinal,6,,,1,0,0,ucl-afc-ajax,ucl-juventus,AFC Ajax,Juventus,AFC Ajax,Juventus,NED,ITA,1,1,1,1,0,1,,,Normal Time,D,2,0,1,1527.83,1600.59,-7.76,32,68,1-1 (0-1),2018-19/cl.txt,209,abfaeddc2ee3d14f99ecc163c9ddb46cb4d67cef
UCL-2018-19-M-0116,UEFA Champions League,2018-19,2019-04-10,21:00,2019-04-10T21:00:00,Quarterfinals,quarterfinal,6,,,1,0,0,ucl-manchester-united,ucl-fc-barcelona,Manchester United,FC Barcelona,Manchester United,FC Barcelona,ENG,ESP,0,1,0,1,0,1,,,Normal Time,A,1,-1,0,1540.88,1633.33,-27.44,46,85,0-1 (0-1),2018-19/cl.txt,210,abfaeddc2ee3d14f99ecc163c9ddb46cb4d67cef
UCL-2018-19-M-0117,UEFA Champions League,2018-19,2019-04-16,21:00,2019-04-16T21:00:00,Quarterfinals,quarterfinal,6,,,2,0,0,ucl-juventus,ucl-afc-ajax,Juventus,AFC Ajax,Juventus,AFC Ajax,ITA,NED,1,2,1,2,1,1,,,Normal Time,A,3,-1,1,1600.37,1528.06,137.31,69,33,1-2 (1-1),2018-19/cl.txt,212,abfaeddc2ee3d14f99ecc163c9ddb46cb4d67cef
UCL-2018-19-M-0118,UEFA Champions League,2018-19,2019-04-16,21:00,2019-04-16T21:00:00,Quarterfinals,quarterfinal,6,,,2,0,0,ucl-fc-barcelona,ucl-manchester-united,FC Barcelona,Manchester United,FC Barcelona,Manchester United,ESP,ENG,3,0,3,0,2,0,,,Normal Time,H,3,3,0,1642.54,1531.67,175.87,86,47,3-0 (2-0),2018-19/cl.txt,213,abfaeddc2ee3d14f99ecc163c9ddb46cb4d67cef
UCL-2018-19-M-0119,UEFA Champions League,2018-19,2019-04-17,21:00,2019-04-17T21:00:00,Quarterfinals,quarterfinal,6,,,2,0,0,ucl-fc-porto,ucl-liverpool-fc,FC Porto,Liverpool FC,FC Porto,Liverpool FC,POR,ENG,1,4,1,4,0,1,,,Normal Time,A,5,-3,1,1551.97,1557.48,59.5,61,28,1-4 (0-1),2018-19/cl.txt,215,abfaeddc2ee3d14f99ecc163c9ddb46cb4d67cef
UCL-2018-19-M-0120,UEFA Champions League,2018-19,2019-04-17,21:00,2019-04-17T21:00:00,Quarterfinals,quarterfinal,6,,,2,0,0,ucl-manchester-city,ucl-tottenham-hotspur,Manchester City,Tottenham Hotspur,Manchester City,Tottenham Hotspur,ENG,ENG,4,3,4,3,3,2,,,Normal Time,H,7,1,1,1563.86,1562.22,66.64,67,23,4-3 (3-2),2018-19/cl.txt,216,abfaeddc2ee3d14f99ecc163c9ddb46cb4d67cef
UCL-2018-19-M-0121,UEFA Champions League,2018-19,2019-04-30,21:00,2019-04-30T21:00:00,Semifinals,semifinal,7,,,1,0,0,ucl-tottenham-hotspur,ucl-afc-ajax,Tottenham Hotspur,AFC Ajax,Tottenham Hotspur,AFC Ajax,ENG,NED,0,1,0,1,0,1,,,Normal Time,A,1,-1,0,1554.12,1541.82,77.3,24,34,0-1 (0-1),2018-19/cl.txt,221,abfaeddc2ee3d14f99ecc163c9ddb46cb4d67cef
UCL-2018-19-M-0122,UEFA Champions League,2018-19,2019-05-01,21:00,2019-05-01T21:00:00,Semifinals,semifinal,7,,,1,0,0,ucl-fc-barcelona,ucl-liverpool-fc,FC Barcelona,Liverpool FC,FC Barcelona,Liverpool FC,ESP,ENG,3,0,3,0,1,0,,,Normal Time,H,3,3,0,1647.87,1569.17,143.7,87,29,3-0 (1-0),2018-19/cl.txt,223,abfaeddc2ee3d14f99ecc163c9ddb46cb4d67cef
UCL-2018-19-M-0123,UEFA Champions League,2018-19,2019-05-07,21:00,2019-05-07T21:00:00,Semifinals,semifinal,7,,,2,0,0,ucl-liverpool-fc,ucl-fc-barcelona,Liverpool FC,FC Barcelona,Liverpool FC,FC Barcelona,ENG,ESP,4,0,4,0,1,0,,,Normal Time,H,4,4,0,1563.09,1653.95,-25.87,30,88,4-0 (1-0),2018-19/cl.txt,225,abfaeddc2ee3d14f99ecc163c9ddb46cb4d67cef
UCL-2018-19-M-0124,UEFA Champions League,2018-19,2019-05-08,21:00,2019-05-08T21:00:00,Semifinals,semifinal,7,,,2,0,0,ucl-afc-ajax,ucl-tottenham-hotspur,AFC Ajax,Tottenham Hotspur,AFC Ajax,Tottenham Hotspur,NED,ENG,2,3,2,3,2,0,,,Normal Time,A,5,-1,1,1554.01,1541.93,77.08,35,25,2-3 (2-0),2018-19/cl.txt,227,abfaeddc2ee3d14f99ecc163c9ddb46cb4d67cef
UCL-2018-19-M-0125,UEFA Champions League,2018-19,2019-06-01,21:00,2019-06-01T21:00:00,Final,final,8,,,single,0,1,ucl-tottenham-hotspur,ucl-liverpool-fc,Tottenham Hotspur,Liverpool FC,Tottenham Hotspur,Liverpool FC,ENG,ENG,0,2,0,2,0,1,,,Normal Time,A,2,-2,0,1554.11,1573.83,-19.72,26,31,0-2 (0-1),2018-19/cl.txt,232,abfaeddc2ee3d14f99ecc163c9ddb46cb4d67cef
UCL-2019-20-M-0001,UEFA Champions League,2019-20,2019-08-07,21:00,2019-08-07T21:00:00,Round of 16,round_of_16,5,,,1,0,0,ucl-manchester-city,ucl-real-madrid,Manchester City,Real Madrid,Manchester City,Real Madrid,ENG,ESP,2,1,2,1,1,1,,,Normal Time,H,3,1,1,1561.17,1613.89,12.28,68,96,2-1 (1-1),2019-20/cl.txt,197,abfaeddc2ee3d14f99ecc163c9ddb46cb4d67cef
UCL-2019-20-M-0002,UEFA Champions League,2019-20,2019-08-07,21:00,2019-08-07T21:00:00,Round of 16,round_of_16,5,,,1,0,0,ucl-juventus,ucl-olympique-lyonnais,Juventus,Olympique Lyonnais,Juventus,Olympique Lyonnais,ITA,FRA,2,1,2,1,1,1,,,Normal Time,H,3,1,1,1573.62,1495.59,143.02,70,28,2-1 (1-1),2019-20/cl.txt,198,abfaeddc2ee3d14f99ecc163c9ddb46cb4d67cef
UCL-2019-20-M-0003,UEFA Champions League,2019-20,2019-08-08,21:00,2019-08-08T21:00:00,Round of 16,round_of_16,5,,,1,0,0,ucl-bayern-munich,ucl-chelsea-fc,Bayern Munich,Chelsea FC,Bayern München,Chelsea FC,GER,ENG,4,1,4,1,2,1,,,Normal Time,H,5,3,1,1602.04,1539.92,127.12,92,55,4-1 (2-1),2019-20/cl.txt,200,abfaeddc2ee3d14f99ecc163c9ddb46cb4d67cef
UCL-2019-20-M-0004,UEFA Champions League,2019-20,2019-08-08,21:00,2019-08-08T21:00:00,Round of 16,round_of_16,5,,,1,0,0,ucl-fc-barcelona,ucl-ssc-napoli,FC Barcelona,SSC Napoli,FC Barcelona,SSC Napoli,ESP,ITA,3,1,3,1,3,1,,,Normal Time,H,4,2,1,1621.73,1510.35,176.38,89,34,3-1 (3-1),2019-20/cl.txt,201,abfaeddc2ee3d14f99ecc163c9ddb46cb4d67cef
UCL-2019-20-M-0005,UEFA Champions League,2019-20,2019-08-12,21:00,2019-08-12T21:00:00,Quarterfinals,quarterfinal,6,,,single,0,1,ucl-atalanta,ucl-paris-saint-germain,Atalanta,Paris Saint-Germain,Atalanta,Paris Saint-Germain,ITA,FRA,1,2,1,2,1,0,,,Normal Time,A,3,-1,1,1500.0,1568.44,-68.44,0,64,1-2 (1-0),2019-20/cl.txt,206,abfaeddc2ee3d14f99ecc163c9ddb46cb4d67cef
UCL-2019-20-M-0006,UEFA Champions League,2019-20,2019-08-13,21:00,2019-08-13T21:00:00,Quarterfinals,quarterfinal,6,,,single,0,1,ucl-rb-leipzig,ucl-atletico-madrid,RB Leipzig,Atlético Madrid,RB Leipzig,Atlético Madrid,GER,ESP,2,1,2,1,0,0,,,Normal Time,H,3,1,1,1495.34,1574.49,-79.15,6,62,2-1 (0-0),2019-20/cl.txt,208,abfaeddc2ee3d14f99ecc163c9ddb46cb4d67cef
UCL-2019-20-M-0007,UEFA Champions League,2019-20,2019-08-14,21:00,2019-08-14T21:00:00,Quarterfinals,quarterfinal,6,,,single,0,1,ucl-fc-barcelona,ucl-bayern-munich,FC Barcelona,Bayern Munich,FC Barcelona,Bayern München,ESP,GER,2,8,2,8,1,4,,,Normal Time,A,10,-6,1,1627.05,1608.54,18.51,90,93,2-8 (1-4),2019-20/cl.txt,210,abfaeddc2ee3d14f99ecc163c9ddb46cb4d67cef
UCL-2019-20-M-0008,UEFA Champions League,2019-20,2019-08-15,21:00,2019-08-15T21:00:00,Quarterfinals,quarterfinal,6,,,single,0,1,ucl-manchester-city,ucl-olympique-lyonnais,Manchester City,Olympique Lyonnais,Manchester City,Olympique Lyonnais,ENG,FRA,1,3,1,3,0,1,,,Normal Time,A,4,-2,1,1570.82,1489.49,81.32,69,29,1-3 (0-1),2019-20/cl.txt,212,abfaeddc2ee3d14f99ecc163c9ddb46cb4d67cef
UCL-2019-20-M-0009,UEFA Champions League,2019-20,2019-08-18,21:00,2019-08-18T21:00:00,Semifinals,semifinal,7,,,single,0,1,ucl-rb-leipzig,ucl-paris-saint-germain,RB Leipzig,Paris Saint-Germain,RB Leipzig,Paris Saint-Germain,GER,FRA,0,3,0,3,0,2,,,Normal Time,A,3,-3,0,1507.58,1576.5,-68.92,7,65,0-3 (0-2),2019-20/cl.txt,217,abfaeddc2ee3d14f99ecc163c9ddb46cb4d67cef
UCL-2019-20-M-0010,UEFA Champions League,2019-20,2019-08-19,21:00,2019-08-19T21:00:00,Semifinals,semifinal,7,,,single,0,1,ucl-olympique-lyonnais,ucl-bayern-munich,Olympique Lyonnais,Bayern Munich,Olympique Lyonnais,Bayern München,FRA,GER,0,3,0,3,0,2,,,Normal Time,A,3,-3,0,1501.79,1619.07,-117.28,30,94,0-3 (0-2),2019-20/cl.txt,219,abfaeddc2ee3d14f99ecc163c9ddb46cb4d67cef
UCL-2019-20-M-0011,UEFA Champions League,2019-20,2019-08-23,21:00,2019-08-23T21:00:00,Final,final,8,,,single,0,1,ucl-paris-saint-germain,ucl-bayern-munich,Paris Saint-Germain,Bayern Munich,Paris Saint-Germain,Bayern München,FRA,GER,0,1,0,1,0,0,,,Normal Time,A,1,-1,0,1584.54,1625.82,-41.28,66,95,0-1 (0-0),2019-20/cl.txt,224,abfaeddc2ee3d14f99ecc163c9ddb46cb4d67cef
UCL-2019-20-M-0012,UEFA Champions League,2019-20,2019-09-17,18:55,2019-09-17T18:55:00,Group F,group_stage,3,,F,not_applicable,0,0,ucl-inter-milan,ucl-slavia-praha,Inter Milan,Slavia Praha,Inter,Slavia Praha,ITA,CZE,1,1,1,1,0,0,,,Normal Time,D,2,0,1,1506.11,1500.0,71.11,14,0,1-1 (0-0),2019-20/cl.txt,116,abfaeddc2ee3d14f99ecc163c9ddb46cb4d67cef
UCL-2019-20-M-0013,UEFA Champions League,2019-20,2019-09-17,18:55,2019-09-17T18:55:00,Group G,group_stage,3,,G,not_applicable,0,0,ucl-olympique-lyonnais,ucl-zenit-st-petersburg,Olympique Lyonnais,Zenit St. Petersburg,Olympique Lyonnais,Zenit St. Petersburg,FRA,RUS,1,1,1,1,0,1,,,Normal Time,D,2,0,1,1495.04,1502.95,57.09,31,36,1-1 (0-1),2019-20/cl.txt,137,abfaeddc2ee3d14f99ecc163c9ddb46cb4d67cef
UCL-2019-20-M-0014,UEFA Champions League,2019-20,2019-09-17,21:00,2019-09-17T21:00:00,Group E,group_stage,3,,E,not_applicable,0,0,ucl-ssc-napoli,ucl-liverpool-fc,SSC Napoli,Liverpool FC,SSC Napoli,Liverpool FC,ITA,ENG,2,0,2,0,0,0,,,Normal Time,H,2,2,0,1505.03,1570.77,-0.74,35,32,2-0 (0-0),2019-20/cl.txt,95,abfaeddc2ee3d14f99ecc163c9ddb46cb4d67cef
UCL-2019-20-M-0015,UEFA Champions League,2019-20,2019-09-17,21:00,2019-09-17T21:00:00,Group E,group_stage,3,,E,not_applicable,0,0,ucl-rb-salzburg,ucl-krc-genk,RB Salzburg,KRC Genk,RB Salzburg,KRC Genk,AUT,BEL,6,2,6,2,5,1,,,Normal Time,H,8,4,1,1500.0,1492.61,72.39,0,6,6-2 (5-1),2019-20/cl.txt,96,abfaeddc2ee3d14f99ecc163c9ddb46cb4d67cef
UCL-2019-20-M-0016,UEFA Champions League,2019-20,2019-09-17,21:00,2019-09-17T21:00:00,Group F,group_stage,3,,F,not_applicable,0,0,ucl-borussia-dortmund,ucl-fc-barcelona,Borussia Dortmund,FC Barcelona,Borussia Dortmund,FC Barcelona,GER,ESP,0,0,0,0,,,,,Normal Time,D,0,0,0,1506.1,1616.51,-45.41,61,91,0-0,2019-20/cl.txt,117,abfaeddc2ee3d14f99ecc163c9ddb46cb4d67cef
UCL-2019-20-M-0017,UEFA Champions League,2019-20,2019-09-17,21:00,2019-09-17T21:00:00,Group G,group_stage,3,,G,not_applicable,0,0,ucl-benfica,ucl-rb-leipzig,Benfica,RB Leipzig,SL Benfica,RB Leipzig,POR,GER,1,2,1,2,0,0,,,Normal Time,A,3,-1,1,1469.11,1499.54,34.57,58,8,1-2 (0-0),2019-20/cl.txt,138,abfaeddc2ee3d14f99ecc163c9ddb46cb4d67cef
UCL-2019-20-M-0018,UEFA Champions League,2019-20,2019-09-17,21:00,2019-09-17T21:00:00,Group H,group_stage,3,,H,not_applicable,0,0,ucl-chelsea-fc,ucl-valencia-cf,Chelsea FC,Valencia CF,Chelsea FC,Valencia CF,ENG,ESP,0,1,0,1,0,0,,,Normal Time,A,1,-1,0,1533.43,1501.75,96.68,56,26,0-1 (0-0),2019-20/cl.txt,158,abfaeddc2ee3d14f99ecc163c9ddb46cb4d67cef
UCL-2019-20-M-0019,UEFA Champions League,2019-20,2019-09-17,21:00,2019-09-17T21:00:00,Group H,group_stage,3,,H,not_applicable,0,0,ucl-afc-ajax,ucl-lille-osc,AFC Ajax,Lille OSC,AFC Ajax,Lille OSC,NED,FRA,3,0,3,0,1,0,,,Normal Time,H,3,3,0,1535.55,1486.68,113.87,36,12,3-0 (1-0),2019-20/cl.txt,159,abfaeddc2ee3d14f99ecc163c9ddb46cb4d67cef
UCL-2019-20-M-0020,UEFA Champions League,2019-20,2019-09-18,18:55,2019-09-18T18:55:00,Group A,group_stage,3,,A,not_applicable,0,0,ucl-club-brugge-kv,ucl-galatasaray,Club Brugge KV,Galatasaray,Club Brugge KV,Galatasaray,BEL,TUR,0,0,0,0,,,,,Normal Time,D,0,0,0,1467.65,1457.28,75.38,12,36,0-0,2019-20/cl.txt,11,abfaeddc2ee3d14f99ecc163c9ddb46cb4d67cef
UCL-2019-20-M-0021,UEFA Champions League,2019-20,2019-09-18,18:55,2019-09-18T18:55:00,Group B,group_stage,3,,B,not_applicable,0,0,ucl-olympiacos,ucl-tottenham-hotspur,Olympiacos,Tottenham Hotspur,Olympiakos Piraeus,Tottenham Hotspur,GRE,ENG,2,2,2,2,1,2,,,Normal Time,D,4,0,1,1479.15,1537.98,6.17,38,27,2-2 (1-2),2019-20/cl.txt,32,abfaeddc2ee3d14f99ecc163c9ddb46cb4d67cef
UCL-2019-20-M-0022,UEFA Champions League,2019-20,2019-09-18,21:00,2019-09-18T21:00:00,Group A,group_stage,3,,A,not_applicable,0,0,ucl-paris-saint-germain,ucl-real-madrid,Paris Saint-Germain,Real Madrid,Paris Saint-Germain,Real Madrid,FRA,ESP,3,0,3,0,2,0,,,Normal Time,H,3,3,0,1575.72,1604.25,36.48,67,97,3-0 (2-0),2019-20/cl.txt,12,abfaeddc2ee3d14f99ecc163c9ddb46cb4d67cef
UCL-2019-20-M-0023,UEFA Champions League,2019-20,2019-09-18,21:00,2019-09-18T21:00:00,Group B,group_stage,3,,B,not_applicable,0,0,ucl-bayern-munich,ucl-crvena-zvezda,Bayern Munich,Crvena Zvezda,Bayern München,Crvena Zvezda,GER,SRB,3,0,3,0,1,0,,,Normal Time,H,3,3,0,1634.63,1480.88,218.75,96,6,3-0 (1-0),2019-20/cl.txt,33,abfaeddc2ee3d14f99ecc163c9ddb46cb4d67cef
UCL-2019-20-M-0024,UEFA Champions League,2019-20,2019-09-18,21:00,2019-09-18T21:00:00,Group C,group_stage,3,,C,not_applicable,0,0,ucl-shakhtar-donetsk,ucl-manchester-city,Shakhtar Donetsk,Manchester City,Shakhtar Donetsk,Manchester City,UKR,ENG,0,3,0,3,0,2,,,Normal Time,A,3,-3,0,1494.7,1558.52,1.19,48,70,0-3 (0-2),2019-20/cl.txt,53,abfaeddc2ee3d14f99ecc163c9ddb46cb4d67cef
UCL-2019-20-M-0025,UEFA Champions League,2019-20,2019-09-18,21:00,2019-09-18T21:00:00,Group C,group_stage,3,,C,not_applicable,0,0,ucl-dinamo-zagreb,ucl-atalanta,Dinamo Zagreb,Atalanta,Dinamo Zagreb,Atalanta,CRO,ITA,4,0,4,0,3,0,,,Normal Time,H,4,4,0,1433.27,1491.94,6.32,24,1,4-0 (3-0),2019-20/cl.txt,54,abfaeddc2ee3d14f99ecc163c9ddb46cb4d67cef
UCL-2019-20-M-0026,UEFA Champions League,2019-20,2019-09-18,21:00,2019-09-18T21:00:00,Group D,group_stage,3,,D,not_applicable,0,0,ucl-atletico-madrid,ucl-juventus,Atlético Madrid,Juventus,Atlético Madrid,Juventus,ESP,ITA,2,2,2,2,0,0,,,Normal Time,D,4,0,1,1562.25,1579.72,47.53,63,71,2-2 (0-0),2019-20/cl.txt,74,abfaeddc2ee3d14f99ecc163c9ddb46cb4d67cef
UCL-2019-20-M-0027,UEFA Champions League,2019-20,2019-09-18,21:00,2019-09-18T21:00:00,Group D,group_stage,3,,D,not_applicable,0,0,ucl-bayer-leverkusen,ucl-lokomotiv-moskva,Bayer Leverkusen,Lokomotiv Moskva,Bayer Leverkusen,Lokomotiv Moskva,GER,RUS,1,2,1,2,1,2,,,Normal Time,A,3,-1,1,1506.42,1469.67,101.75,38,6,1-2 (1-2),2019-20/cl.txt,75,abfaeddc2ee3d14f99ecc163c9ddb46cb4d67cef
UCL-2019-20-M-0028,UEFA Champions League,2019-20,2019-10-01,18:55,2019-10-01T18:55:00,Group A,group_stage,3,,A,not_applicable,0,0,ucl-real-madrid,ucl-club-brugge-kv,Real Madrid,Club Brugge KV,Real Madrid,Club Brugge KV,ESP,BEL,2,2,2,2,0,2,,,Normal Time,D,4,0,1,1595.29,1465.52,194.78,98,13,2-2 (0-2),2019-20/cl.txt,14,abfaeddc2ee3d14f99ecc163c9ddb46cb4d67cef
UCL-2019-20-M-0029,UEFA Champions League,2019-20,2019-10-01,18:55,2019-10-01T18:55:00,Group C,group_stage,3,,C,not_applicable,0,0,ucl-atalanta,ucl-shakhtar-donetsk,Atalanta,Shakhtar Donetsk,Atalanta,Shakhtar Donetsk,ITA,UKR,1,2,1,2,1,1,,,Normal Time,A,3,-1,1,1482.13,1484.67,62.46,2,49,1-2 (1-1),2019-20/cl.txt,56,abfaeddc2ee3d14f99ecc163c9ddb46cb4d67cef
UCL-2019-20-M-0030,UEFA Champions League,2019-20,2019-10-01,21:00,2019-10-01T21:00:00,Group A,group_stage,3,,A,not_applicable,0,0,ucl-galatasaray,ucl-paris-saint-germain,Galatasaray,Paris Saint-Germain,Galatasaray,Paris Saint-Germain,TUR,FRA,0,1,0,1,0,0,,,Normal Time,A,1,-1,0,1459.41,1584.67,-60.26,37,68,0-1 (0-0),2019-20/cl.txt,15,abfaeddc2ee3d14f99ecc163c9ddb46cb4d67cef
UCL-2019-20-M-0031,UEFA Champions League,2019-20,2019-10-01,21:00,2019-10-01T21:00:00,Group B,group_stage,3,,B,not_applicable,0,0,ucl-tottenham-hotspur,ucl-bayern-munich,Tottenham Hotspur,Bayern Munich,Tottenham Hotspur,Bayern München,ENG,GER,2,7,2,7,1,2,,,Normal Time,A,9,-5,1,1538.15,1639.06,-35.9,28,97,2-7 (1-2),2019-20/cl.txt,35,abfaeddc2ee3d14f99ecc163c9ddb46cb4d67cef
UCL-2019-20-M-0032,UEFA Champions League,2019-20,2019-10-01,21:00,2019-10-01T21:00:00,Group B,group_stage,3,,B,not_applicable,0,0,ucl-crvena-zvezda,ucl-olympiacos,Crvena Zvezda,Olympiacos,Crvena Zvezda,Olympiakos Piraeus,SRB,GRE,3,1,3,1,0,1,,,Normal Time,H,4,2,1,1476.46,1478.97,62.49,7,39,3-1 (0-1),2019-20/cl.txt,36,abfaeddc2ee3d14f99ecc163c9ddb46cb4d67cef
UCL-2019-20-M-0033,UEFA Champions League,2019-20,2019-10-01,21:00,2019-10-01T21:00:00,Group C,group_stage,3,,C,not_applicable,0,0,ucl-manchester-city,ucl-dinamo-zagreb,Manchester City,Dinamo Zagreb,Manchester City,Dinamo Zagreb,ENG,CRO,2,0,2,0,0,0,,,Normal Time,H,2,2,0,1568.55,1443.08,190.47,71,25,2-0 (0-0),2019-20/cl.txt,57,abfaeddc2ee3d14f99ecc163c9ddb46cb4d67cef
UCL-2019-20-M-0034,UEFA Champions League,2019-20,2019-10-01,21:00,2019-10-01T21:00:00,Group D,group_stage,3,,D,not_applicable,0,0,ucl-juventus,ucl-bayer-leverkusen,Juventus,Bayer Leverkusen,Juventus,Bayer Leverkusen,ITA,GER,3,0,3,0,1,0,,,Normal Time,H,3,3,0,1581.08,1493.57,152.5,72,39,3-0 (1-0),2019-20/cl.txt,77,abfaeddc2ee3d14f99ecc163c9ddb46cb4d67cef
UCL-2019-20-M-0035,UEFA Champions League,2019-20,2019-10-01,21:00,2019-10-01T21:00:00,Group D,group_stage,3,,D,not_applicable,0,0,ucl-lokomotiv-moskva,ucl-atletico-madrid,Lokomotiv Moskva,Atlético Madrid,Lokomotiv Moskva,Atlético Madrid,RUS,ESP,0,2,0,2,0,0,,,Normal Time,A,2,-2,0,1482.52,1560.89,-13.38,7,64,0-2 (0-0),2019-20/cl.txt,78,abfaeddc2ee3d14f99ecc163c9ddb46cb4d67cef
UCL-2019-20-M-0036,UEFA Champions League,2019-20,2019-10-02,18:55,2019-10-02T18:55:00,Group E,group_stage,3,,E,not_applicable,0,0,ucl-krc-genk,ucl-ssc-napoli,KRC Genk,SSC Napoli,KRC Genk,SSC Napoli,BEL,ITA,0,0,0,0,,,,,Normal Time,D,0,0,0,1484.66,1515.05,34.61,7,36,0-0,2019-20/cl.txt,98,abfaeddc2ee3d14f99ecc163c9ddb46cb4d67cef
UCL-2019-20-M-0037,UEFA Champions League,2019-20,2019-10-02,18:55,2019-10-02T18:55:00,Group F,group_stage,3,,F,not_applicable,0,0,ucl-slavia-praha,ucl-borussia-dortmund,Slavia Praha,Borussia Dortmund,Slavia Praha,Borussia Dortmund,CZE,GER,0,2,0,2,0,1,,,Normal Time,A,2,-2,0,1502.02,1507.4,59.62,1,62,0-2 (0-1),2019-20/cl.txt,119,abfaeddc2ee3d14f99ecc163c9ddb46cb4d67cef
UCL-2019-20-M-0038,UEFA Champions League,2019-20,2019-10-02,21:00,2019-10-02T21:00:00,Group E,group_stage,3,,E,not_applicable,0,0,ucl-liverpool-fc,ucl-rb-salzburg,Liverpool FC,RB Salzburg,Liverpool FC,RB Salzburg,ENG,AUT,4,3,4,3,3,1,,,Normal Time,H,7,1,1,1560.75,1507.95,117.81,33,1,4-3 (3-1),2019-20/cl.txt,99,abfaeddc2ee3d14f99ecc163c9ddb46cb4d67cef
UCL-2019-20-M-0039,UEFA Champions League,2019-20,2019-10-02,21:00,2019-10-02T21:00:00,Group F,group_stage,3,,F,not_applicable,0,0,ucl-fc-barcelona,ucl-inter-milan,FC Barcelona,Inter Milan,FC Barcelona,Inter,ESP,ITA,2,1,2,1,0,1,,,Normal Time,H,3,1,1,1615.21,1504.09,176.13,92,15,2-1 (0-1),2019-20/cl.txt,120,abfaeddc2ee3d14f99ecc163c9ddb46cb4d67cef
UCL-2019-20-M-0040,UEFA Champions League,2019-20,2019-10-02,21:00,2019-10-02T21:00:00,Group G,group_stage,3,,G,not_applicable,0,0,ucl-zenit-st-petersburg,ucl-benfica,Zenit St. Petersburg,Benfica,Zenit St. Petersburg,SL Benfica,RUS,POR,3,1,3,1,1,0,,,Normal Time,H,4,2,1,1504.58,1458.11,111.47,37,59,3-1 (1-0),2019-20/cl.txt,140,abfaeddc2ee3d14f99ecc163c9ddb46cb4d67cef
UCL-2019-20-M-0041,UEFA Champions League,2019-20,2019-10-02,21:00,2019-10-02T21:00:00,Group G,group_stage,3,,G,not_applicable,0,0,ucl-rb-leipzig,ucl-olympique-lyonnais,RB Leipzig,Olympique Lyonnais,RB Leipzig,Olympique Lyonnais,GER,FRA,0,2,0,2,0,1,,,Normal Time,A,2,-2,0,1510.53,1493.42,82.11,9,32,0-2 (0-1),2019-20/cl.txt,141,abfaeddc2ee3d14f99ecc163c9ddb46cb4d67cef
UCL-2019-20-M-0042,UEFA Champions League,2019-20,2019-10-02,21:00,2019-10-02T21:00:00,Group H,group_stage,3,,H,not_applicable,0,0,ucl-valencia-cf,ucl-afc-ajax,Valencia CF,AFC Ajax,Valencia CF,AFC Ajax,ESP,NED,0,3,0,3,0,2,,,Normal Time,A,3,-3,0,1514.46,1542.38,37.08,27,37,0-3 (0-2),2019-20/cl.txt,161,abfaeddc2ee3d14f99ecc163c9ddb46cb4d67cef
UCL-2019-20-M-0043,UEFA Champions League,2019-20,2019-10-02,21:00,2019-10-02T21:00:00,Group H,group_stage,3,,H,not_applicable,0,0,ucl-lille-osc,ucl-chelsea-fc,Lille OSC,Chelsea FC,Lille OSC,Chelsea FC,FRA,ENG,1,2,1,2,1,1,,,Normal Time,A,3,-1,1,1479.85,1520.71,24.13,13,57,1-2 (1-1),2019-20/cl.txt,162,abfaeddc2ee3d14f99ecc163c9ddb46cb4d67cef
UCL-2019-20-M-0044,UEFA Champions League,2019-20,2019-10-22,18:55,2019-10-22T18:55:00,Group C,group_stage,3,,C,not_applicable,0,0,ucl-shakhtar-donetsk,ucl-dinamo-zagreb,Shakhtar Donetsk,Dinamo Zagreb,Shakhtar Donetsk,Dinamo Zagreb,UKR,CRO,2,2,2,2,1,1,,,Normal Time,D,4,0,1,1496.45,1438.08,123.37,50,26,2-2 (1-1),2019-20/cl.txt,59,abfaeddc2ee3d14f99ecc163c9ddb46cb4d67cef
UCL-2019-20-M-0045,UEFA Champions League,2019-20,2019-10-22,18:55,2019-10-22T18:55:00,Group D,group_stage,3,,D,not_applicable,0,0,ucl-atletico-madrid,ucl-bayer-leverkusen,Atlético Madrid,Bayer Leverkusen,Atlético Madrid,Bayer Leverkusen,ESP,GER,1,0,1,0,0,0,,,Normal Time,H,1,1,0,1570.51,1487.7,147.81,65,40,1-0 (0-0),2019-20/cl.txt,80,abfaeddc2ee3d14f99ecc163c9ddb46cb4d67cef
UCL-2019-20-M-0046,UEFA Champions League,2019-20,2019-10-22,21:00,2019-10-22T21:00:00,Group A,group_stage,3,,A,not_applicable,0,0,ucl-club-brugge-kv,ucl-paris-saint-germain,Club Brugge KV,Paris Saint-Germain,Club Brugge KV,Paris Saint-Germain,BEL,FRA,0,5,0,5,0,1,,,Normal Time,A,5,-5,0,1470.6,1592.96,-57.36,14,69,0-5 (0-1),2019-20/cl.txt,17,abfaeddc2ee3d14f99ecc163c9ddb46cb4d67cef
UCL-2019-20-M-0047,UEFA Champions League,2019-20,2019-10-22,21:00,2019-10-22T21:00:00,Group A,group_stage,3,,A,not_applicable,0,0,ucl-galatasaray,ucl-real-madrid,Galatasaray,Real Madrid,Galatasaray,Real Madrid,TUR,ESP,0,1,0,1,0,1,,,Normal Time,A,1,-1,0,1451.13,1590.21,-74.08,38,99,0-1 (0-1),2019-20/cl.txt,18,abfaeddc2ee3d14f99ecc163c9ddb46cb4d67cef
UCL-2019-20-M-0048,UEFA Champions League,2019-20,2019-10-22,21:00,2019-10-22T21:00:00,Group B,group_stage,3,,B,not_applicable,0,0,ucl-tottenham-hotspur,ucl-crvena-zvezda,Tottenham Hotspur,Crvena Zvezda,Tottenham Hotspur,Crvena Zvezda,ENG,SRB,5,0,5,0,3,0,,,Normal Time,H,5,5,0,1529.18,1484.68,109.51,29,8,5-0 (3-0),2019-20/cl.txt,38,abfaeddc2ee3d14f99ecc163c9ddb46cb4d67cef
UCL-2019-20-M-0049,UEFA Champions League,2019-20,2019-10-22,21:00,2019-10-22T21:00:00,Group B,group_stage,3,,B,not_applicable,0,0,ucl-olympiacos,ucl-bayern-munich,Olympiacos,Bayern Munich,Olympiakos Piraeus,Bayern München,GRE,GER,2,3,2,3,1,1,,,Normal Time,A,5,-1,1,1470.75,1648.03,-112.28,40,98,2-3 (1-1),2019-20/cl.txt,39,abfaeddc2ee3d14f99ecc163c9ddb46cb4d67cef
UCL-2019-20-M-0050,UEFA Champions League,2019-20,2019-10-22,21:00,2019-10-22T21:00:00,Group C,group_stage,3,,C,not_applicable,0,0,ucl-manchester-city,ucl-atalanta,Manchester City,Atalanta,Manchester City,Atalanta,ENG,ITA,5,1,5,1,2,1,,,Normal Time,H,6,4,1,1573.56,1470.35,168.21,72,3,5-1 (2-1),2019-20/cl.txt,60,abfaeddc2ee3d14f99ecc163c9ddb46cb4d67cef
UCL-2019-20-M-0051,UEFA Champions League,2019-20,2019-10-22,21:00,2019-10-22T21:00:00,Group D,group_stage,3,,D,not_applicable,0,0,ucl-juventus,ucl-lokomotiv-moskva,Juventus,Lokomotiv Moskva,Juventus,Lokomotiv Moskva,ITA,RUS,2,1,2,1,0,1,,,Normal Time,H,3,1,1,1586.95,1472.9,179.05,73,8,2-1 (0-1),2019-20/cl.txt,81,abfaeddc2ee3d14f99ecc163c9ddb46cb4d67cef
UCL-2019-20-M-0052,UEFA Champions League,2019-20,2019-10-23,18:55,2019-10-23T18:55:00,Group G,group_stage,3,,G,not_applicable,0,0,ucl-rb-leipzig,ucl-zenit-st-petersburg,RB Leipzig,Zenit St. Petersburg,RB Leipzig,Zenit St. Petersburg,GER,RUS,2,1,2,1,0,1,,,Normal Time,H,3,1,1,1498.21,1511.48,51.73,10,38,2-1 (0-1),2019-20/cl.txt,143,abfaeddc2ee3d14f99ecc163c9ddb46cb4d67cef
UCL-2019-20-M-0053,UEFA Champions League,2019-20,2019-10-23,18:55,2019-10-23T18:55:00,Group H,group_stage,3,,H,not_applicable,0,0,ucl-afc-ajax,ucl-chelsea-fc,AFC Ajax,Chelsea FC,AFC Ajax,Chelsea FC,NED,ENG,0,1,0,1,0,0,,,Normal Time,A,1,-1,0,1553.45,1531.41,87.04,38,58,0-1 (0-0),2019-20/cl.txt,164,abfaeddc2ee3d14f99ecc163c9ddb46cb4d67cef
UCL-2019-20-M-0054,UEFA Champions League,2019-20,2019-10-23,21:00,2019-10-23T21:00:00,Group E,group_stage,3,,E,not_applicable,0,0,ucl-rb-salzburg,ucl-ssc-napoli,RB Salzburg,SSC Napoli,RB Salzburg,SSC Napoli,AUT,ITA,2,3,2,3,1,1,,,Normal Time,A,5,-1,1,1501.21,1516.05,50.17,2,37,2-3 (1-1),2019-20/cl.txt,101,abfaeddc2ee3d14f99ecc163c9ddb46cb4d67cef
UCL-2019-20-M-0055,UEFA Champions League,2019-20,2019-10-23,21:00,2019-10-23T21:00:00,Group E,group_stage,3,,E,not_applicable,0,0,ucl-krc-genk,ucl-liverpool-fc,KRC Genk,Liverpool FC,KRC Genk,Liverpool FC,BEL,ENG,1,4,1,4,0,1,,,Normal Time,A,5,-3,1,1483.67,1567.49,-18.82,8,34,1-4 (0-1),2019-20/cl.txt,102,abfaeddc2ee3d14f99ecc163c9ddb46cb4d67cef
UCL-2019-20-M-0056,UEFA Champions League,2019-20,2019-10-23,21:00,2019-10-23T21:00:00,Group F,group_stage,3,,F,not_applicable,0,0,ucl-inter-milan,ucl-borussia-dortmund,Inter Milan,Borussia Dortmund,Inter,Borussia Dortmund,ITA,GER,2,0,2,0,1,0,,,Normal Time,H,2,2,0,1498.76,1519.1,44.66,16,63,2-0 (1-0),2019-20/cl.txt,122,abfaeddc2ee3d14f99ecc163c9ddb46cb4d67cef
UCL-2019-20-M-0057,UEFA Champions League,2019-20,2019-10-23,21:00,2019-10-23T21:00:00,Group F,group_stage,3,,F,not_applicable,0,0,ucl-slavia-praha,ucl-fc-barcelona,Slavia Praha,FC Barcelona,Slavia Praha,FC Barcelona,CZE,ESP,1,2,1,2,0,1,,,Normal Time,A,3,-1,1,1490.32,1620.54,-65.22,2,93,1-2 (0-1),2019-20/cl.txt,123,abfaeddc2ee3d14f99ecc163c9ddb46cb4d67cef
UCL-2019-20-M-0058,UEFA Champions League,2019-20,2019-10-23,21:00,2019-10-23T21:00:00,Group G,group_stage,3,,G,not_applicable,0,0,ucl-benfica,ucl-olympique-lyonnais,Benfica,Olympique Lyonnais,SL Benfica,Olympique Lyonnais,POR,FRA,2,1,2,1,1,0,,,Normal Time,H,3,1,1,1451.22,1505.74,10.48,60,33,2-1 (1-0),2019-20/cl.txt,144,abfaeddc2ee3d14f99ecc163c9ddb46cb4d67cef
UCL-2019-20-M-0059,UEFA Champions League,2019-20,2019-10-23,21:00,2019-10-23T21:00:00,Group H,group_stage,3,,H,not_applicable,0,0,ucl-lille-osc,ucl-valencia-cf,Lille OSC,Valencia CF,Lille OSC,Valencia CF,FRA,ESP,1,1,1,1,0,0,,,Normal Time,D,2,0,1,1469.15,1503.4,30.76,14,28,1-1 (0-0),2019-20/cl.txt,165,abfaeddc2ee3d14f99ecc163c9ddb46cb4d67cef
UCL-2019-20-M-0060,UEFA Champions League,2019-20,2019-11-05,18:55,2019-11-05T18:55:00,Group F,group_stage,3,,F,not_applicable,0,0,ucl-fc-barcelona,ucl-slavia-praha,FC Barcelona,Slavia Praha,FC Barcelona,Slavia Praha,ESP,CZE,0,0,0,0,,,,,Normal Time,D,0,0,0,1628.68,1482.17,211.51,94,3,0-0,2019-20/cl.txt,125,abfaeddc2ee3d14f99ecc163c9ddb46cb4d67cef
UCL-2019-20-M-0061,UEFA Champions League,2019-20,2019-11-05,18:55,2019-11-05T18:55:00,Group G,group_stage,3,,G,not_applicable,0,0,ucl-zenit-st-petersburg,ucl-rb-leipzig,Zenit St. Petersburg,RB Leipzig,Zenit St. Petersburg,RB Leipzig,RUS,GER,0,2,0,2,0,1,,,Normal Time,A,2,-2,0,1502.96,1506.73,61.23,39,11,0-2 (0-1),2019-20/cl.txt,146,abfaeddc2ee3d14f99ecc163c9ddb46cb4d67cef
UCL-2019-20-M-0062,UEFA Champions League,2019-20,2019-11-05,21:00,2019-11-05T21:00:00,Group E,group_stage,3,,E,not_applicable,0,0,ucl-liverpool-fc,ucl-krc-genk,Liverpool FC,KRC Genk,Liverpool FC,KRC Genk,ENG,BEL,2,1,2,1,1,1,,,Normal Time,H,3,1,1,1576.94,1474.21,167.73,35,9,2-1 (1-1),2019-20/cl.txt,104,abfaeddc2ee3d14f99ecc163c9ddb46cb4d67cef
UCL-2019-20-M-0063,UEFA Champions League,2019-20,2019-11-05,21:00,2019-11-05T21:00:00,Group E,group_stage,3,,E,not_applicable,0,0,ucl-ssc-napoli,ucl-rb-salzburg,SSC Napoli,RB Salzburg,SSC Napoli,RB Salzburg,ITA,AUT,1,1,1,1,1,1,,,Normal Time,D,2,0,1,1527.48,1489.78,102.7,38,3,1-1 (1-1),2019-20/cl.txt,105,abfaeddc2ee3d14f99ecc163c9ddb46cb4d67cef
UCL-2019-20-M-0064,UEFA Champions League,2019-20,2019-11-05,21:00,2019-11-05T21:00:00,Group F,group_stage,3,,F,not_applicable,0,0,ucl-borussia-dortmund,ucl-inter-milan,Borussia Dortmund,Inter Milan,Borussia Dortmund,Inter,GER,ITA,3,2,3,2,0,2,,,Normal Time,H,5,1,1,1510.38,1507.48,67.89,64,17,3-2 (0-2),2019-20/cl.txt,126,abfaeddc2ee3d14f99ecc163c9ddb46cb4d67cef
UCL-2019-20-M-0065,UEFA Champions League,2019-20,2019-11-05,21:00,2019-11-05T21:00:00,Group G,group_stage,3,,G,not_applicable,0,0,ucl-olympique-lyonnais,ucl-benfica,Olympique Lyonnais,Benfica,Olympique Lyonnais,SL Benfica,FRA,POR,3,1,3,1,2,0,,,Normal Time,H,4,2,1,1496.04,1460.92,100.12,34,61,3-1 (2-0),2019-20/cl.txt,147,abfaeddc2ee3d14f99ecc163c9ddb46cb4d67cef
UCL-2019-20-M-0066,UEFA Champions League,2019-20,2019-11-05,21:00,2019-11-05T21:00:00,Group H,group_stage,3,,H,not_applicable,0,0,ucl-chelsea-fc,ucl-afc-ajax,Chelsea FC,AFC Ajax,Chelsea FC,AFC Ajax,ENG,NED,4,4,4,4,1,3,,,Normal Time,D,8,0,1,1543.86,1540.99,67.87,59,39,4-4 (1-3),2019-20/cl.txt,167,abfaeddc2ee3d14f99ecc163c9ddb46cb4d67cef
UCL-2019-20-M-0067,UEFA Champions League,2019-20,2019-11-05,21:00,2019-11-05T21:00:00,Group H,group_stage,3,,H,not_applicable,0,0,ucl-valencia-cf,ucl-lille-osc,Valencia CF,Lille OSC,Valencia CF,Lille OSC,ESP,FRA,4,1,4,1,0,1,,,Normal Time,H,5,3,1,1504.28,1468.27,101.01,29,15,4-1 (0-1),2019-20/cl.txt,168,abfaeddc2ee3d14f99ecc163c9ddb46cb4d67cef
UCL-2019-20-M-0068,UEFA Champions League,2019-20,2019-11-06,18:55,2019-11-06T18:55:00,Group B,group_stage,3,,B,not_applicable,0,0,ucl-bayern-munich,ucl-olympiacos,Bayern Munich,Olympiacos,Bayern München,Olympiakos Piraeus,GER,GRE,2,0,2,0,0,0,,,Normal Time,H,2,2,0,1654.9,1463.87,256.03,99,41,2-0 (0-0),2019-20/cl.txt,41,abfaeddc2ee3d14f99ecc163c9ddb46cb4d67cef
UCL-2019-20-M-0069,UEFA Champions League,2019-20,2019-11-06,18:55,2019-11-06T18:55:00,Group D,group_stage,3,,D,not_applicable,0,0,ucl-lokomotiv-moskva,ucl-juventus,Lokomotiv Moskva,Juventus,Lokomotiv Moskva,Juventus,RUS,ITA,1,2,1,2,1,1,,,Normal Time,A,3,-1,1,1467.64,1592.21,-59.57,9,74,1-2 (1-1),2019-20/cl.txt,83,abfaeddc2ee3d14f99ecc163c9ddb46cb4d67cef
UCL-2019-20-M-0070,UEFA Champions League,2019-20,2019-11-06,21:00,2019-11-06T21:00:00,Group A,group_stage,3,,A,not_applicable,0,0,ucl-paris-saint-germain,ucl-club-brugge-kv,Paris Saint-Germain,Club Brugge KV,Paris Saint-Germain,Club Brugge KV,FRA,BEL,1,0,1,0,1,0,,,Normal Time,H,1,1,0,1601.32,1462.24,204.09,70,15,1-0 (1-0),2019-20/cl.txt,20,abfaeddc2ee3d14f99ecc163c9ddb46cb4d67cef
UCL-2019-20-M-0071,UEFA Champions League,2019-20,2019-11-06,21:00,2019-11-06T21:00:00,Group A,group_stage,3,,A,not_applicable,0,0,ucl-real-madrid,ucl-galatasaray,Real Madrid,Galatasaray,Real Madrid,Galatasaray,ESP,TUR,6,0,6,0,4,0,,,Normal Time,H,6,6,0,1598.11,1443.23,219.88,100,39,6-0 (4-0),2019-20/cl.txt,21,abfaeddc2ee3d14f99ecc163c9ddb46cb4d67cef
UCL-2019-20-M-0072,UEFA Champions League,2019-20,2019-11-06,21:00,2019-11-06T21:00:00,Group B,group_stage,3,,B,not_applicable,0,0,ucl-crvena-zvezda,ucl-tottenham-hotspur,Crvena Zvezda,Tottenham Hotspur,Crvena Zvezda,Tottenham Hotspur,SRB,ENG,0,4,0,4,0,1,,,Normal Time,A,4,-4,0,1477.73,1536.13,6.6,9,30,0-4 (0-1),2019-20/cl.txt,42,abfaeddc2ee3d14f99ecc163c9ddb46cb4d67cef
UCL-2019-20-M-0073,UEFA Champions League,2019-20,2019-11-06,21:00,2019-11-06T21:00:00,Group C,group_stage,3,,C,not_applicable,0,0,ucl-dinamo-zagreb,ucl-shakhtar-donetsk,Dinamo Zagreb,Shakhtar Donetsk,Dinamo Zagreb,Shakhtar Donetsk,CRO,UKR,3,3,3,3,1,1,,,Normal Time,D,6,0,1,1441.48,1493.04,13.45,27,51,3-3 (1-1),2019-20/cl.txt,62,abfaeddc2ee3d14f99ecc163c9ddb46cb4d67cef
UCL-2019-20-M-0074,UEFA Champions League,2019-20,2019-11-06,21:00,2019-11-06T21:00:00,Group C,group_stage,3,,C,not_applicable,0,0,ucl-atalanta,ucl-manchester-city,Atalanta,Manchester City,Atalanta,Manchester City,ITA,ENG,1,1,1,1,0,1,,,Normal Time,D,2,0,1,1464.84,1579.06,-49.22,4,73,1-1 (0-1),2019-20/cl.txt,63,abfaeddc2ee3d14f99ecc163c9ddb46cb4d67cef
UCL-2019-20-M-0075,UEFA Champions League,2019-20,2019-11-06,21:00,2019-11-06T21:00:00,Group D,group_stage,3,,D,not_applicable,0,0,ucl-bayer-leverkusen,ucl-atletico-madrid,Bayer Leverkusen,Atlético Madrid,Bayer Leverkusen,Atlético Madrid,GER,ESP,2,1,2,1,1,0,,,Normal Time,H,3,1,1,1481.72,1576.49,-29.78,41,66,2-1 (1-0),2019-20/cl.txt,84,abfaeddc2ee3d14f99ecc163c9ddb46cb4d67cef
UCL-2019-20-M-0076,UEFA Champions League,2019-20,2019-11-26,18:55,2019-11-26T18:55:00,Group A,group_stage,3,,A,not_applicable,0,0,ucl-galatasaray,ucl-club-brugge-kv,Galatasaray,Club Brugge KV,Galatasaray,Club Brugge KV,TUR,BEL,1,1,1,1,1,0,,,Normal Time,D,2,0,1,1438.83,1457.52,46.31,40,16,1-1 (1-0),2019-20/cl.txt,23,abfaeddc2ee3d14f99ecc163c9ddb46cb4d67cef
UCL-2019-20-M-0077,UEFA Champions League,2019-20,2019-11-26,18:55,2019-11-26T18:55:00,Group D,group_stage,3,,D,not_applicable,0,0,ucl-lokomotiv-moskva,ucl-bayer-leverkusen,Lokomotiv Moskva,Bayer Leverkusen,Lokomotiv Moskva,Bayer Leverkusen,RUS,GER,0,2,0,2,0,1,,,Normal Time,A,2,-2,0,1459.34,1492.57,31.77,10,42,0-2 (0-1),2019-20/cl.txt,86,abfaeddc2ee3d14f99ecc163c9ddb46cb4d67cef
UCL-2019-20-M-0078,UEFA Champions League,2019-20,2019-11-26,21:00,2019-11-26T21:00:00,Group A,group_stage,3,,A,not_applicable,0,0,ucl-real-madrid,ucl-paris-saint-germain,Real Madrid,Paris Saint-Germain,Real Madrid,Paris Saint-Germain,ESP,FRA,2,2,2,2,1,0,,,Normal Time,D,4,0,1,1602.51,1606.04,61.47,101,71,2-2 (1-0),2019-20/cl.txt,24,abfaeddc2ee3d14f99ecc163c9ddb46cb4d67cef
UCL-2019-20-M-0079,UEFA Champions League,2019-20,2019-11-26,21:00,2019-11-26T21:00:00,Group B,group_stage,3,,B,not_applicable,0,0,ucl-tottenham-hotspur,ucl-olympiacos,Tottenham Hotspur,Olympiacos,Tottenham Hotspur,Olympiakos Piraeus,ENG,GRE,4,2,4,2,1,2,,,Normal Time,H,6,2,1,1546.32,1460.14,151.18,31,42,4-2 (1-2),2019-20/cl.txt,44,abfaeddc2ee3d14f99ecc163c9ddb46cb4d67cef
UCL-2019-20-M-0080,UEFA Champions League,2019-20,2019-11-26,21:00,2019-11-26T21:00:00,Group B,group_stage,3,,B,not_applicable,0,0,ucl-crvena-zvezda,ucl-bayern-munich,Crvena Zvezda,Bayern Munich,Crvena Zvezda,Bayern München,SRB,GER,0,6,0,6,0,1,,,Normal Time,A,6,-6,0,1467.54,1658.63,-126.09,10,100,0-6 (0-1),2019-20/cl.txt,45,abfaeddc2ee3d14f99ecc163c9ddb46cb4d67cef
UCL-2019-20-M-0081,UEFA Champions League,2019-20,2019-11-26,21:00,2019-11-26T21:00:00,Group C,group_stage,3,,C,not_applicable,0,0,ucl-manchester-city,ucl-shakhtar-donetsk,Manchester City,Shakhtar Donetsk,Manchester City,Shakhtar Donetsk,ENG,UKR,1,1,1,1,0,0,,,Normal Time,D,2,0,1,1577.66,1493.43,149.23,74,52,1-1 (0-0),2019-20/cl.txt,65,abfaeddc2ee3d14f99ecc163c9ddb46cb4d67cef
UCL-2019-20-M-0082,UEFA Champions League,2019-20,2019-11-26,21:00,2019-11-26T21:00:00,Group C,group_stage,3,,C,not_applicable,0,0,ucl-atalanta,ucl-dinamo-zagreb,Atalanta,Dinamo Zagreb,Atalanta,Dinamo Zagreb,ITA,CRO,2,0,2,0,1,0,,,Normal Time,H,2,2,0,1466.25,1441.1,90.15,5,28,2-0 (1-0),2019-20/cl.txt,66,abfaeddc2ee3d14f99ecc163c9ddb46cb4d67cef
UCL-2019-20-M-0083,UEFA Champions League,2019-20,2019-11-26,21:00,2019-11-26T21:00:00,Group D,group_stage,3,,D,not_applicable,0,0,ucl-juventus,ucl-atletico-madrid,Juventus,Atlético Madrid,Juventus,Atlético Madrid,ITA,ESP,1,0,1,0,1,0,,,Normal Time,H,1,1,0,1600.51,1565.64,99.87,75,67,1-0 (1-0),2019-20/cl.txt,87,abfaeddc2ee3d14f99ecc163c9ddb46cb4d67cef
UCL-2019-20-M-0084,UEFA Champions League,2019-20,2019-11-27,18:55,2019-11-27T18:55:00,Group G,group_stage,3,,G,not_applicable,0,0,ucl-zenit-st-petersburg,ucl-olympique-lyonnais,Zenit St. Petersburg,Olympique Lyonnais,Zenit St. Petersburg,Olympique Lyonnais,RUS,FRA,2,0,2,0,1,0,,,Normal Time,H,2,2,0,1491.21,1503.23,52.98,40,35,2-0 (1-0),2019-20/cl.txt,149,abfaeddc2ee3d14f99ecc163c9ddb46cb4d67cef
UCL-2019-20-M-0085,UEFA Champions League,2019-20,2019-11-27,18:55,2019-11-27T18:55:00,Group H,group_stage,3,,H,not_applicable,0,0,ucl-valencia-cf,ucl-chelsea-fc,Valencia CF,Chelsea FC,Valencia CF,Chelsea FC,ESP,ENG,2,2,2,2,1,1,,,Normal Time,D,4,0,1,1511.45,1541.93,34.52,30,60,2-2 (1-1),2019-20/cl.txt,170,abfaeddc2ee3d14f99ecc163c9ddb46cb4d67cef
UCL-2019-20-M-0086,UEFA Champions League,2019-20,2019-11-27,21:00,2019-11-27T21:00:00,Group E,group_stage,3,,E,not_applicable,0,0,ucl-liverpool-fc,ucl-ssc-napoli,Liverpool FC,SSC Napoli,Liverpool FC,SSC Napoli,ENG,ITA,1,1,1,1,0,1,,,Normal Time,D,2,0,1,1582.46,1524.61,122.85,36,39,1-1 (0-1),2019-20/cl.txt,107,abfaeddc2ee3d14f99ecc163c9ddb46cb4d67cef
UCL-2019-20-M-0087,UEFA Champions League,2019-20,2019-11-27,21:00,2019-11-27T21:00:00,Group E,group_stage,3,,E,not_applicable,0,0,ucl-krc-genk,ucl-rb-salzburg,KRC Genk,RB Salzburg,KRC Genk,RB Salzburg,BEL,AUT,1,4,1,4,0,2,,,Normal Time,A,5,-3,1,1468.7,1492.65,41.04,10,4,1-4 (0-2),2019-20/cl.txt,108,abfaeddc2ee3d14f99ecc163c9ddb46cb4d67cef
UCL-2019-20-M-0088,UEFA Champions League,2019-20,2019-11-27,21:00,2019-11-27T21:00:00,Group F,group_stage,3,,F,not_applicable,0,0,ucl-fc-barcelona,ucl-borussia-dortmund,FC Barcelona,Borussia Dortmund,FC Barcelona,Borussia Dortmund,ESP,GER,3,1,3,1,2,0,,,Normal Time,H,4,2,1,1623.25,1518.45,169.8,95,65,3-1 (2-0),2019-20/cl.txt,128,abfaeddc2ee3d14f99ecc163c9ddb46cb4d67cef
UCL-2019-20-M-0089,UEFA Champions League,2019-20,2019-11-27,21:00,2019-11-27T21:00:00,Group F,group_stage,3,,F,not_applicable,0,0,ucl-slavia-praha,ucl-inter-milan,Slavia Praha,Inter Milan,Slavia Praha,Inter,CZE,ITA,1,3,1,3,1,1,,,Normal Time,A,4,-2,1,1487.61,1499.41,53.19,4,18,1-3 (1-1),2019-20/cl.txt,129,abfaeddc2ee3d14f99ecc163c9ddb46cb4d67cef
UCL-2019-20-M-0090,UEFA Champions League,2019-20,2019-11-27,21:00,2019-11-27T21:00:00,Group G,group_stage,3,,G,not_applicable,0,0,ucl-rb-leipzig,ucl-benfica,RB Leipzig,Benfica,RB Leipzig,SL Benfica,GER,POR,2,2,2,2,0,1,,,Normal Time,D,4,0,1,1518.48,1453.72,129.76,12,62,2-2 (0-1),2019-20/cl.txt,150,abfaeddc2ee3d14f99ecc163c9ddb46cb4d67cef
UCL-2019-20-M-0091,UEFA Champions League,2019-20,2019-11-27,21:00,2019-11-27T21:00:00,Group H,group_stage,3,,H,not_applicable,0,0,ucl-lille-osc,ucl-afc-ajax,Lille OSC,AFC Ajax,Lille OSC,AFC Ajax,FRA,NED,0,2,0,2,0,1,,,Normal Time,A,2,-2,0,1461.1,1542.92,-16.82,16,40,0-2 (0-1),2019-20/cl.txt,171,abfaeddc2ee3d14f99ecc163c9ddb46cb4d67cef
UCL-2019-20-M-0092,UEFA Champions League,2019-20,2019-12-10,18:55,2019-12-10T18:55:00,Group E,group_stage,3,,E,not_applicable,0,0,ucl-ssc-napoli,ucl-krc-genk,SSC Napoli,KRC Genk,SSC Napoli,KRC Genk,ITA,BEL,4,0,4,0,3,0,,,Normal Time,H,4,4,0,1528.0,1457.52,135.48,40,11,4-0 (3-0),2019-20/cl.txt,110,abfaeddc2ee3d14f99ecc163c9ddb46cb4d67cef
UCL-2019-20-M-0093,UEFA Champions League,2019-20,2019-12-10,18:55,2019-12-10T18:55:00,Group E,group_stage,3,,E,not_applicable,0,0,ucl-rb-salzburg,ucl-liverpool-fc,RB Salzburg,Liverpool FC,RB Salzburg,Liverpool FC,AUT,ENG,0,2,0,2,0,0,,,Normal Time,A,2,-2,0,1503.83,1579.06,-10.24,5,37,0-2 (0-0),2019-20/cl.txt,111,abfaeddc2ee3d14f99ecc163c9ddb46cb4d67cef
UCL-2019-20-M-0094,UEFA Champions League,2019-20,2019-12-10,21:00,2019-12-10T21:00:00,Group F,group_stage,3,,F,not_applicable,0,0,ucl-borussia-dortmund,ucl-slavia-praha,Borussia Dortmund,Slavia Praha,Borussia Dortmund,Slavia Praha,GER,CZE,2,1,2,1,1,1,,,Normal Time,H,3,1,1,1512.98,1476.09,101.89,66,5,2-1 (1-1),2019-20/cl.txt,131,abfaeddc2ee3d14f99ecc163c9ddb46cb4d67cef
UCL-2019-20-M-0095,UEFA Champions League,2019-20,2019-12-10,21:00,2019-12-10T21:00:00,Group F,group_stage,3,,F,not_applicable,0,0,ucl-inter-milan,ucl-fc-barcelona,Inter Milan,FC Barcelona,Inter,FC Barcelona,ITA,ESP,1,2,1,2,1,1,,,Normal Time,A,3,-1,1,1510.93,1628.72,-52.79,19,96,1-2 (1-1),2019-20/cl.txt,132,abfaeddc2ee3d14f99ecc163c9ddb46cb4d67cef
UCL-2019-20-M-0096,UEFA Champions League,2019-20,2019-12-10,21:00,2019-12-10T21:00:00,Group G,group_stage,3,,G,not_applicable,0,0,ucl-benfica,ucl-zenit-st-petersburg,Benfica,Zenit St. Petersburg,SL Benfica,Zenit St. Petersburg,POR,RUS,3,0,3,0,0,0,,,Normal Time,H,3,3,0,1457.29,1499.7,22.59,63,41,3-0 (0-0),2019-20/cl.txt,152,abfaeddc2ee3d14f99ecc163c9ddb46cb4d67cef
UCL-2019-20-M-0097,UEFA Champions League,2019-20,2019-12-10,21:00,2019-12-10T21:00:00,Group G,group_stage,3,,G,not_applicable,0,0,ucl-olympique-lyonnais,ucl-rb-leipzig,Olympique Lyonnais,RB Leipzig,Olympique Lyonnais,RB Leipzig,FRA,GER,2,2,2,2,0,2,,,Normal Time,D,4,0,1,1494.75,1514.9,44.84,36,13,2-2 (0-2),2019-20/cl.txt,153,abfaeddc2ee3d14f99ecc163c9ddb46cb4d67cef
UCL-2019-20-M-0098,UEFA Champions League,2019-20,2019-12-10,21:00,2019-12-10T21:00:00,Group H,group_stage,3,,H,not_applicable,0,0,ucl-chelsea-fc,ucl-lille-osc,Chelsea FC,Lille OSC,Chelsea FC,Lille OSC,ENG,FRA,2,1,2,1,2,0,,,Normal Time,H,3,1,1,1542.92,1451.58,156.34,61,17,2-1 (2-0),2019-20/cl.txt,173,abfaeddc2ee3d14f99ecc163c9ddb46cb4d67cef
UCL-2019-20-M-0099,UEFA Champions League,2019-20,2019-12-10,21:00,2019-12-10T21:00:00,Group H,group_stage,3,,H,not_applicable,0,0,ucl-afc-ajax,ucl-valencia-cf,AFC Ajax,Valencia CF,AFC Ajax,Valencia CF,NED,ESP,0,1,0,1,0,1,,,Normal Time,A,1,-1,0,1552.44,1510.46,106.98,41,31,0-1 (0-1),2019-20/cl.txt,174,abfaeddc2ee3d14f99ecc163c9ddb46cb4d67cef
UCL-2019-20-M-0100,UEFA Champions League,2019-20,2019-12-11,18:55,2019-12-11T18:55:00,Group C,group_stage,3,,C,not_applicable,0,0,ucl-shakhtar-donetsk,ucl-atalanta,Shakhtar Donetsk,Atalanta,Shakhtar Donetsk,Atalanta,UKR,ITA,0,3,0,3,0,0,,,Normal Time,A,3,-3,0,1497.47,1473.71,88.76,53,6,0-3 (0-0),2019-20/cl.txt,68,abfaeddc2ee3d14f99ecc163c9ddb46cb4d67cef
UCL-2019-20-M-0101,UEFA Champions League,2019-20,2019-12-11,18:55,2019-12-11T18:55:00,Group C,group_stage,3,,C,not_applicable,0,0,ucl-dinamo-zagreb,ucl-manchester-city,Dinamo Zagreb,Manchester City,Dinamo Zagreb,Manchester City,CRO,ENG,1,4,1,4,1,1,,,Normal Time,A,5,-3,1,1433.64,1573.61,-74.97,29,75,1-4 (1-1),2019-20/cl.txt,69,abfaeddc2ee3d14f99ecc163c9ddb46cb4d67cef
UCL-2019-20-M-0102,UEFA Champions League,2019-20,2019-12-11,21:00,2019-12-11T21:00:00,Group A,group_stage,3,,A,not_applicable,0,0,ucl-paris-saint-germain,ucl-galatasaray,Paris Saint-Germain,Galatasaray,Paris Saint-Germain,Galatasaray,FRA,TUR,5,0,5,0,2,0,,,Normal Time,H,5,5,0,1607.79,1437.51,235.29,72,41,5-0 (2-0),2019-20/cl.txt,26,abfaeddc2ee3d14f99ecc163c9ddb46cb4d67cef
UCL-2019-20-M-0103,UEFA Champions League,2019-20,2019-12-11,21:00,2019-12-11T21:00:00,Group A,group_stage,3,,A,not_applicable,0,0,ucl-club-brugge-kv,ucl-real-madrid,Club Brugge KV,Real Madrid,Club Brugge KV,Real Madrid,BEL,ESP,1,3,1,3,0,0,,,Normal Time,A,4,-2,1,1458.84,1600.76,-76.91,17,102,1-3 (0-0),2019-20/cl.txt,27,abfaeddc2ee3d14f99ecc163c9ddb46cb4d67cef
UCL-2019-20-M-0104,UEFA Champions League,2019-20,2019-12-11,21:00,2019-12-11T21:00:00,Group B,group_stage,3,,B,not_applicable,0,0,ucl-bayern-munich,ucl-tottenham-hotspur,Bayern Munich,Tottenham Hotspur,Bayern München,Tottenham Hotspur,GER,ENG,3,1,3,1,2,1,,,Normal Time,H,4,2,1,1665.15,1552.23,177.93,101,32,3-1 (2-1),2019-20/cl.txt,47,abfaeddc2ee3d14f99ecc163c9ddb46cb4d67cef
UCL-2019-20-M-0105,UEFA Champions League,2019-20,2019-12-11,21:00,2019-12-11T21:00:00,Group B,group_stage,3,,B,not_applicable,0,0,ucl-olympiacos,ucl-crvena-zvezda,Olympiacos,Crvena Zvezda,Olympiakos Piraeus,Crvena Zvezda,GRE,SRB,1,0,1,0,0,0,,,Normal Time,H,1,1,0,1454.24,1461.02,58.22,43,11,1-0 (0-0),2019-20/cl.txt,48,abfaeddc2ee3d14f99ecc163c9ddb46cb4d67cef
UCL-2019-20-M-0106,UEFA Champions League,2019-20,2019-12-11,21:00,2019-12-11T21:00:00,Group D,group_stage,3,,D,not_applicable,0,0,ucl-atletico-madrid,ucl-lokomotiv-moskva,Atlético Madrid,Lokomotiv Moskva,Atlético Madrid,Lokomotiv Moskva,ESP,RUS,2,0,2,0,1,0,,,Normal Time,H,2,2,0,1558.44,1448.43,175.01,68,11,2-0 (1-0),2019-20/cl.txt,89,abfaeddc2ee3d14f99ecc163c9ddb46cb4d67cef
UCL-2019-20-M-0107,UEFA Champions League,2019-20,2019-12-11,21:00,2019-12-11T21:00:00,Group D,group_stage,3,,D,not_applicable,0,0,ucl-bayer-leverkusen,ucl-juventus,Bayer Leverkusen,Juventus,Bayer Leverkusen,Juventus,GER,ITA,0,2,0,2,0,0,,,Normal Time,A,2,-2,0,1503.48,1607.71,-39.23,43,76,0-2 (0-0),2019-20/cl.txt,90,abfaeddc2ee3d14f99ecc163c9ddb46cb4d67cef
UCL-2019-20-M-0108,UEFA Champions League,2019-20,2020-02-18,21:00,2020-02-18T21:00:00,Round of 16,round_of_16,5,,,1,0,0,ucl-borussia-dortmund,ucl-paris-saint-germain,Borussia Dortmund,Paris Saint-Germain,Borussia Dortmund,Paris Saint-Germain,GER,FRA,2,1,2,1,0,0,,,Normal Time,H,3,1,1,1520.13,1611.9,-26.76,67,73,2-1 (0-0),2019-20/cl.txt,179,abfaeddc2ee3d14f99ecc163c9ddb46cb4d67cef
UCL-2019-20-M-0109,UEFA Champions League,2019-20,2020-02-18,21:00,2020-02-18T21:00:00,Round of 16,round_of_16,5,,,1,0,0,ucl-atletico-madrid,ucl-liverpool-fc,Atlético Madrid,Liverpool FC,Atlético Madrid,Liverpool FC,ESP,ENG,1,0,1,0,1,0,,,Normal Time,H,1,1,0,1563.79,1588.77,40.02,69,38,1-0 (1-0),2019-20/cl.txt,180,abfaeddc2ee3d14f99ecc163c9ddb46cb4d67cef
UCL-2019-20-M-0110,UEFA Champions League,2019-20,2020-02-19,21:00,2020-02-19T21:00:00,Round of 16,round_of_16,5,,,1,0,0,ucl-atalanta,ucl-valencia-cf,Atalanta,Valencia CF,Atalanta,Valencia CF,ITA,ESP,4,1,4,1,2,0,,,Normal Time,H,5,3,1,1486.21,1523.45,27.77,7,32,4-1 (2-0),2019-20/cl.txt,182,abfaeddc2ee3d14f99ecc163c9ddb46cb4d67cef
UCL-2019-20-M-0111,UEFA Champions League,2019-20,2020-02-19,21:00,2020-02-19T21:00:00,Round of 16,round_of_16,5,,,1,0,0,ucl-tottenham-hotspur,ucl-rb-leipzig,Tottenham Hotspur,RB Leipzig,Tottenham Hotspur,RB Leipzig,ENG,GER,0,1,0,1,0,0,,,Normal Time,A,1,-1,0,1546.94,1516.19,95.75,33,14,0-1 (0-0),2019-20/cl.txt,183,abfaeddc2ee3d14f99ecc163c9ddb46cb4d67cef
UCL-2019-20-M-0112,UEFA Champions League,2019-20,2020-02-25,21:00,2020-02-25T21:00:00,Round of 16,round_of_16,5,,,2,0,0,ucl-chelsea-fc,ucl-bayern-munich,Chelsea FC,Bayern Munich,Chelsea FC,Bayern München,ENG,GER,0,3,0,3,0,0,,,Normal Time,A,3,-3,0,1548.7,1670.44,-56.73,62,102,0-3 (0-0),2019-20/cl.txt,185,abfaeddc2ee3d14f99ecc163c9ddb46cb4d67cef
UCL-2019-20-M-0113,UEFA Champions League,2019-20,2020-02-25,21:00,2020-02-25T21:00:00,Round of 16,round_of_16,5,,,2,0,0,ucl-ssc-napoli,ucl-fc-barcelona,SSC Napoli,FC Barcelona,SSC Napoli,FC Barcelona,ITA,ESP,1,1,1,1,1,0,,,Normal Time,D,2,0,1,1534.29,1637.21,-37.92,41,97,1-1 (1-0),2019-20/cl.txt,186,abfaeddc2ee3d14f99ecc163c9ddb46cb4d67cef
UCL-2019-20-M-0114,UEFA Champions League,2019-20,2020-02-26,21:00,2020-02-26T21:00:00,Round of 16,round_of_16,5,,,2,0,0,ucl-real-madrid,ucl-manchester-city,Real Madrid,Manchester City,Real Madrid,Manchester City,ESP,ENG,1,2,1,2,0,0,,,Normal Time,A,3,-1,1,1608.58,1581.48,92.09,103,76,1-2 (0-0),2019-20/cl.txt,188,abfaeddc2ee3d14f99ecc163c9ddb46cb4d67cef
UCL-2019-20-M-0115,UEFA Champions League,2019-20,2020-02-26,21:00,2020-02-26T21:00:00,Round of 16,round_of_16,5,,,2,0,0,ucl-olympique-lyonnais,ucl-juventus,Olympique Lyonnais,Juventus,Olympique Lyonnais,Juventus,FRA,ITA,1,0,1,0,1,0,,,Normal Time,H,1,1,0,1493.46,1616.59,-58.13,37,77,1-0 (1-0),2019-20/cl.txt,189,abfaeddc2ee3d14f99ecc163c9ddb46cb4d67cef
UCL-2019-20-M-0116,UEFA Champions League,2019-20,2020-03-10,21:00,2020-03-10T21:00:00,Round of 16,round_of_16,5,,,2,0,0,ucl-valencia-cf,ucl-atalanta,Valencia CF,Atalanta,Valencia CF,Atalanta,ESP,ITA,3,4,3,4,1,2,,,Normal Time,A,7,-1,1,1514.24,1495.42,83.83,33,8,3-4 (1-2),2019-20/cl.txt,191,abfaeddc2ee3d14f99ecc163c9ddb46cb4d67cef
UCL-2019-20-M-0117,UEFA Champions League,2019-20,2020-03-10,21:00,2020-03-10T21:00:00,Round of 16,round_of_16,5,,,2,0,0,ucl-rb-leipzig,ucl-tottenham-hotspur,RB Leipzig,Tottenham Hotspur,RB Leipzig,Tottenham Hotspur,GER,ENG,3,0,3,0,2,0,,,Normal Time,H,3,3,0,1528.88,1534.25,59.62,15,34,3-0 (2-0),2019-20/cl.txt,192,abfaeddc2ee3d14f99ecc163c9ddb46cb4d67cef
UCL-2019-20-M-0118,UEFA Champions League,2019-20,2020-03-11,21:00,2020-03-11T21:00:00,Round of 16,round_of_16,5,,,2,0,0,ucl-paris-saint-germain,ucl-borussia-dortmund,Paris Saint-Germain,Borussia Dortmund,Paris Saint-Germain,Borussia Dortmund,FRA,GER,2,0,2,0,2,0,,,Normal Time,H,2,2,0,1601.13,1530.9,135.23,74,68,2-0 (2-0),2019-20/cl.txt,194,abfaeddc2ee3d14f99ecc163c9ddb46cb4d67cef
UCL-2019-20-M-0119,UEFA Champions League,2019-20,2020-03-11,21:00,2020-03-11T21:00:00,Round of 16,round_of_16,5,,,2,0,0,ucl-liverpool-fc,ucl-atletico-madrid,Liverpool FC,Atlético Madrid,Liverpool FC,Atlético Madrid,ENG,ESP,1,0,2,3,1,0,,,Extra Time,H,1,1,0,1579.92,1572.64,72.28,39,70,"2-3 a.e.t. (1-0, 1-0)",2019-20/cl.txt,195,abfaeddc2ee3d14f99ecc163c9ddb46cb4d67cef
UCL-2020-21-M-0001,UEFA Champions League,2020-21,2020-10-20,18:55,2020-10-20T18:55:00,Group F,group_stage,3,,F,not_applicable,0,0,ucl-zenit-st-petersburg,ucl-club-brugge-kv,Zenit St. Petersburg,Club Brugge KV,Zenit St. Petersburg,Club Brugge KV,RUS,BEL,1,2,1,2,0,0,,,Normal Time,A,3,-1,1,1491.8,1458.37,98.43,42,18,1-2 (0-0),2020-21/cl.txt,116,abfaeddc2ee3d14f99ecc163c9ddb46cb4d67cef
UCL-2020-21-M-0002,UEFA Champions League,2020-21,2020-10-20,18:55,2020-10-20T18:55:00,Gruppe G,group_stage,3,,G,not_applicable,0,0,ucl-dinamo-kiev,ucl-juventus,Dinamo Kiev,Juventus,Dinamo Kiev,Juventus,UKR,ITA,0,2,0,2,0,0,,,Normal Time,A,2,-2,0,1493.56,1589.19,-30.63,20,78,0-2 (0-0),2020-21/cl.txt,137,abfaeddc2ee3d14f99ecc163c9ddb46cb4d67cef
UCL-2020-21-M-0003,UEFA Champions League,2020-21,2020-10-20,21:00,2020-10-20T21:00:00,Group E,group_stage,3,,E,not_applicable,0,0,ucl-chelsea-fc,ucl-sevilla-fc,Chelsea FC,Sevilla FC,Chelsea FC,Sevilla FC,ENG,ESP,0,0,0,0,,,,,Normal Time,D,0,0,0,1534.27,1512.19,87.08,63,24,0-0,2020-21/cl.txt,95,abfaeddc2ee3d14f99ecc163c9ddb46cb4d67cef
UCL-2020-21-M-0004,UEFA Champions League,2020-21,2020-10-20,21:00,2020-10-20T21:00:00,Group E,group_stage,3,,E,not_applicable,0,0,ucl-stade-rennais,ucl-fk-krasnodar,Stade Rennais,FK Krasnodar,Stade Rennais,FK Krasnodar,FRA,RUS,1,1,1,1,0,0,,,Normal Time,D,2,0,1,1500.0,1500.0,65.0,0,0,1-1 (0-0),2020-21/cl.txt,96,abfaeddc2ee3d14f99ecc163c9ddb46cb4d67cef
UCL-2020-21-M-0005,UEFA Champions League,2020-21,2020-10-20,21:00,2020-10-20T21:00:00,Group F,group_stage,3,,F,not_applicable,0,0,ucl-lazio,ucl-borussia-dortmund,Lazio,Borussia Dortmund,Lazio Roma,Borussia Dortmund,ITA,GER,3,1,3,1,2,0,,,Normal Time,H,4,2,1,1500.0,1520.92,44.08,0,69,3-1 (2-0),2020-21/cl.txt,117,abfaeddc2ee3d14f99ecc163c9ddb46cb4d67cef
UCL-2020-21-M-0006,UEFA Champions League,2020-21,2020-10-20,21:00,2020-10-20T21:00:00,Gruppe G,group_stage,3,,G,not_applicable,0,0,ucl-fc-barcelona,ucl-ferencvarosi-tc,FC Barcelona,Ferencvárosi TC,FC Barcelona,Ferencvárosi TC,ESP,HUN,5,1,5,1,2,0,,,Normal Time,H,6,4,1,1615.71,1500.0,180.71,98,0,5-1 (2-0),2020-21/cl.txt,138,abfaeddc2ee3d14f99ecc163c9ddb46cb4d67cef
UCL-2020-21-M-0007,UEFA Champions League,2020-21,2020-10-20,21:00,2020-10-20T21:00:00,Gruppe H,group_stage,3,,H,not_applicable,0,0,ucl-rb-leipzig,ucl-istanbul-basaksehir,RB Leipzig,İstanbul Başakşehir,RB Leipzig,İstanbul Başakşehir,GER,TUR,2,0,2,0,2,0,,,Normal Time,H,2,2,0,1531.6,1500.0,96.6,16,0,2-0 (2-0),2020-21/cl.txt,158,abfaeddc2ee3d14f99ecc163c9ddb46cb4d67cef
UCL-2020-21-M-0008,UEFA Champions League,2020-21,2020-10-20,21:00,2020-10-20T21:00:00,Gruppe H,group_stage,3,,H,not_applicable,0,0,ucl-paris-saint-germain,ucl-manchester-united,Paris Saint-Germain,Manchester United,Paris Saint-Germain,Manchester United,FRA,ENG,1,2,1,2,0,1,,,Normal Time,A,3,-1,1,1591.31,1519.03,137.28,75,48,1-2 (0-1),2020-21/cl.txt,159,abfaeddc2ee3d14f99ecc163c9ddb46cb4d67cef
UCL-2020-21-M-0009,UEFA Champions League,2020-21,2020-10-21,18:55,2020-10-21T18:55:00,Group A,group_stage,3,,A,not_applicable,0,0,ucl-rb-salzburg,ucl-lokomotiv-moskva,RB Salzburg,Lokomotiv Moskva,RB Salzburg,Lokomotiv Moskva,AUT,RUS,2,2,2,2,1,1,,,Normal Time,D,4,0,1,1495.0,1451.62,108.39,6,12,2-2 (1-1),2020-21/cl.txt,11,abfaeddc2ee3d14f99ecc163c9ddb46cb4d67cef
UCL-2020-21-M-0010,UEFA Champions League,2020-21,2020-10-21,18:55,2020-10-21T18:55:00,Group B,group_stage,3,,B,not_applicable,0,0,ucl-real-madrid,ucl-shakhtar-donetsk,Real Madrid,Shakhtar Donetsk,Real Madrid,Shakhtar Donetsk,ESP,UKR,2,3,2,3,0,3,,,Normal Time,A,5,-1,1,1581.59,1487.23,159.36,104,54,2-3 (0-3),2020-21/cl.txt,32,abfaeddc2ee3d14f99ecc163c9ddb46cb4d67cef
UCL-2020-21-M-0011,UEFA Champions League,2020-21,2020-10-21,21:00,2020-10-21T21:00:00,Group A,group_stage,3,,A,not_applicable,0,0,ucl-bayern-munich,ucl-atletico-madrid,Bayern Munich,Atlético Madrid,Bayern München,Atlético Madrid,GER,ESP,4,0,4,0,2,0,,,Normal Time,H,4,4,0,1651.99,1554.99,162.01,103,71,4-0 (2-0),2020-21/cl.txt,12,abfaeddc2ee3d14f99ecc163c9ddb46cb4d67cef
UCL-2020-21-M-0012,UEFA Champions League,2020-21,2020-10-21,21:00,2020-10-21T21:00:00,Group B,group_stage,3,,B,not_applicable,0,0,ucl-inter-milan,ucl-bor-monchengladbach,Inter Milan,Bor. Mönchengladbach,Inter,Bor. Mönchengladbach,ITA,GER,2,2,2,2,0,0,,,Normal Time,D,4,0,1,1502.08,1488.06,79.01,20,12,2-2 (0-0),2020-21/cl.txt,33,abfaeddc2ee3d14f99ecc163c9ddb46cb4d67cef
UCL-2020-21-M-0013,UEFA Champions League,2020-21,2020-10-21,21:00,2020-10-21T21:00:00,Group C,group_stage,3,,C,not_applicable,0,0,ucl-manchester-city,ucl-fc-porto,Manchester City,FC Porto,Manchester City,FC Porto,ENG,POR,3,1,3,1,1,1,,,Normal Time,H,4,2,1,1579.96,1529.1,115.86,77,62,3-1 (1-1),2020-21/cl.txt,53,abfaeddc2ee3d14f99ecc163c9ddb46cb4d67cef
UCL-2020-21-M-0014,UEFA Champions League,2020-21,2020-10-21,21:00,2020-10-21T21:00:00,Group C,group_stage,3,,C,not_applicable,0,0,ucl-olympiacos,ucl-olympique-marseille,Olympiacos,Olympique Marseille,Olympiakos Piraeus,Olympique Marseille,GRE,FRA,1,0,1,0,0,0,,,Normal Time,H,1,1,0,1468.19,1481.28,51.92,44,16,1-0 (0-0),2020-21/cl.txt,54,abfaeddc2ee3d14f99ecc163c9ddb46cb4d67cef
UCL-2020-21-M-0015,UEFA Champions League,2020-21,2020-10-21,21:00,2020-10-21T21:00:00,Group D,group_stage,3,,D,not_applicable,0,0,ucl-afc-ajax,ucl-liverpool-fc,AFC Ajax,Liverpool FC,AFC Ajax,Liverpool FC,NED,ENG,0,1,0,1,0,1,,,Normal Time,A,1,-1,0,1533.54,1574.69,23.85,42,40,0-1 (0-1),2020-21/cl.txt,74,abfaeddc2ee3d14f99ecc163c9ddb46cb4d67cef
UCL-2020-21-M-0016,UEFA Champions League,2020-21,2020-10-21,21:00,2020-10-21T21:00:00,Group D,group_stage,3,,D,not_applicable,0,0,ucl-fc-midtjylland,ucl-atalanta,FC Midtjylland,Atalanta,FC Midtjylland,Atalanta,DEN,ITA,0,4,0,4,0,3,,,Normal Time,A,4,-4,0,1500.0,1506.62,58.38,0,9,0-4 (0-3),2020-21/cl.txt,75,abfaeddc2ee3d14f99ecc163c9ddb46cb4d67cef
UCL-2020-21-M-0017,UEFA Champions League,2020-21,2020-10-27,18:55,2020-10-27T18:55:00,Group A,group_stage,3,,A,not_applicable,0,0,ucl-lokomotiv-moskva,ucl-bayern-munich,Lokomotiv Moskva,Bayern Munich,Lokomotiv Moskva,Bayern München,RUS,GER,1,2,1,2,0,1,,,Normal Time,A,3,-1,1,1454.64,1657.64,-138.0,13,104,1-2 (0-1),2020-21/cl.txt,14,abfaeddc2ee3d14f99ecc163c9ddb46cb4d67cef
UCL-2020-21-M-0018,UEFA Champions League,2020-21,2020-10-27,18:55,2020-10-27T18:55:00,Group B,group_stage,3,,B,not_applicable,0,0,ucl-shakhtar-donetsk,ucl-inter-milan,Shakhtar Donetsk,Inter Milan,Shakhtar Donetsk,Inter,UKR,ITA,0,0,0,0,,,,,Normal Time,D,0,0,0,1501.52,1499.84,66.68,55,21,0-0,2020-21/cl.txt,35,abfaeddc2ee3d14f99ecc163c9ddb46cb4d67cef
UCL-2020-21-M-0019,UEFA Champions League,2020-21,2020-10-27,21:00,2020-10-27T21:00:00,Group A,group_stage,3,,A,not_applicable,0,0,ucl-atletico-madrid,ucl-rb-salzburg,Atlético Madrid,RB Salzburg,Atlético Madrid,RB Salzburg,ESP,AUT,3,2,3,2,1,1,,,Normal Time,H,5,1,1,1549.34,1491.98,122.36,72,7,3-2 (1-1),2020-21/cl.txt,15,abfaeddc2ee3d14f99ecc163c9ddb46cb4d67cef
UCL-2020-21-M-0020,UEFA Champions League,2020-21,2020-10-27,21:00,2020-10-27T21:00:00,Group B,group_stage,3,,B,not_applicable,0,0,ucl-bor-monchengladbach,ucl-real-madrid,Bor. Mönchengladbach,Real Madrid,Bor. Mönchengladbach,Real Madrid,GER,ESP,2,2,2,2,1,0,,,Normal Time,D,4,0,1,1490.3,1567.3,-12.0,13,105,2-2 (1-0),2020-21/cl.txt,36,abfaeddc2ee3d14f99ecc163c9ddb46cb4d67cef
UCL-2020-21-M-0021,UEFA Champions League,2020-21,2020-10-27,21:00,2020-10-27T21:00:00,Group C,group_stage,3,,C,not_applicable,0,0,ucl-fc-porto,ucl-olympiacos,FC Porto,Olympiacos,FC Porto,Olympiakos Piraeus,POR,GRE,2,0,2,0,1,0,,,Normal Time,H,2,2,0,1522.32,1476.71,110.61,63,45,2-0 (1-0),2020-21/cl.txt,56,abfaeddc2ee3d14f99ecc163c9ddb46cb4d67cef
UCL-2020-21-M-0022,UEFA Champions League,2020-21,2020-10-27,21:00,2020-10-27T21:00:00,Group C,group_stage,3,,C,not_applicable,0,0,ucl-olympique-marseille,ucl-manchester-city,Olympique Marseille,Manchester City,Olympique Marseille,Manchester City,FRA,ENG,0,3,0,3,0,1,,,Normal Time,A,3,-3,0,1472.76,1586.75,-48.99,17,78,0-3 (0-1),2020-21/cl.txt,57,abfaeddc2ee3d14f99ecc163c9ddb46cb4d67cef
UCL-2020-21-M-0023,UEFA Champions League,2020-21,2020-10-27,21:00,2020-10-27T21:00:00,Group D,group_stage,3,,D,not_applicable,0,0,ucl-atalanta,ucl-afc-ajax,Atalanta,AFC Ajax,Atalanta,AFC Ajax,ITA,NED,2,2,2,2,0,2,,,Normal Time,D,4,0,1,1518.28,1522.85,60.43,10,43,2-2 (0-2),2020-21/cl.txt,77,abfaeddc2ee3d14f99ecc163c9ddb46cb4d67cef
UCL-2020-21-M-0024,UEFA Champions League,2020-21,2020-10-27,21:00,2020-10-27T21:00:00,Group D,group_stage,3,,D,not_applicable,0,0,ucl-liverpool-fc,ucl-fc-midtjylland,Liverpool FC,FC Midtjylland,Liverpool FC,FC Midtjylland,ENG,DEN,2,0,2,0,0,0,,,Normal Time,H,2,2,0,1585.37,1488.34,162.04,41,1,2-0 (0-0),2020-21/cl.txt,78,abfaeddc2ee3d14f99ecc163c9ddb46cb4d67cef
UCL-2020-21-M-0025,UEFA Champions League,2020-21,2020-10-28,18:55,2020-10-28T18:55:00,Group E,group_stage,3,,E,not_applicable,0,0,ucl-fk-krasnodar,ucl-chelsea-fc,FK Krasnodar,Chelsea FC,FK Krasnodar,Chelsea FC,RUS,ENG,0,4,0,4,0,1,,,Normal Time,A,4,-4,0,1501.85,1531.82,35.03,1,64,0-4 (0-1),2020-21/cl.txt,98,abfaeddc2ee3d14f99ecc163c9ddb46cb4d67cef
UCL-2020-21-M-0026,UEFA Champions League,2020-21,2020-10-28,18:55,2020-10-28T18:55:00,Gruppe H,group_stage,3,,H,not_applicable,0,0,ucl-istanbul-basaksehir,ucl-paris-saint-germain,İstanbul Başakşehir,Paris Saint-Germain,İstanbul Başakşehir,Paris Saint-Germain,TUR,FRA,0,2,0,2,0,0,,,Normal Time,A,2,-2,0,1492.71,1577.55,-19.84,1,76,0-2 (0-0),2020-21/cl.txt,161,abfaeddc2ee3d14f99ecc163c9ddb46cb4d67cef
UCL-2020-21-M-0027,UEFA Champions League,2020-21,2020-10-28,21:00,2020-10-28T21:00:00,Group E,group_stage,3,,E,not_applicable,0,0,ucl-sevilla-fc,ucl-stade-rennais,Sevilla FC,Stade Rennais,Sevilla FC,Stade Rennais,ESP,FRA,1,0,1,0,0,0,,,Normal Time,H,1,1,0,1514.65,1498.15,81.5,25,1,1-0 (0-0),2020-21/cl.txt,99,abfaeddc2ee3d14f99ecc163c9ddb46cb4d67cef
UCL-2020-21-M-0028,UEFA Champions League,2020-21,2020-10-28,21:00,2020-10-28T21:00:00,Group F,group_stage,3,,F,not_applicable,0,0,ucl-borussia-dortmund,ucl-zenit-st-petersburg,Borussia Dortmund,Zenit St. Petersburg,Borussia Dortmund,Zenit St. Petersburg,GER,RUS,2,0,2,0,0,0,,,Normal Time,H,2,2,0,1512.18,1479.04,98.14,70,43,2-0 (0-0),2020-21/cl.txt,119,abfaeddc2ee3d14f99ecc163c9ddb46cb4d67cef
UCL-2020-21-M-0029,UEFA Champions League,2020-21,2020-10-28,21:00,2020-10-28T21:00:00,Group F,group_stage,3,,F,not_applicable,0,0,ucl-club-brugge-kv,ucl-lazio,Club Brugge KV,Lazio,Club Brugge KV,Lazio Roma,BEL,ITA,1,1,1,1,1,1,,,Normal Time,D,2,0,1,1471.13,1508.74,27.39,19,1,1-1 (1-1),2020-21/cl.txt,120,abfaeddc2ee3d14f99ecc163c9ddb46cb4d67cef
UCL-2020-21-M-0030,UEFA Champions League,2020-21,2020-10-28,21:00,2020-10-28T21:00:00,Gruppe G,group_stage,3,,G,not_applicable,0,0,ucl-ferencvarosi-tc,ucl-dinamo-kiev,Ferencvárosi TC,Dinamo Kiev,Ferencvárosi TC,Dinamo Kiev,HUN,UKR,2,2,2,2,0,2,,,Normal Time,D,4,0,1,1494.78,1484.44,75.34,1,21,2-2 (0-2),2020-21/cl.txt,140,abfaeddc2ee3d14f99ecc163c9ddb46cb4d67cef
UCL-2020-21-M-0031,UEFA Champions League,2020-21,2020-10-28,21:00,2020-10-28T21:00:00,Gruppe G,group_stage,3,,G,not_applicable,0,0,ucl-juventus,ucl-fc-barcelona,Juventus,FC Barcelona,Juventus,FC Barcelona,ITA,ESP,0,2,0,2,0,1,,,Normal Time,A,2,-2,0,1598.31,1620.93,42.39,79,99,0-2 (0-1),2020-21/cl.txt,141,abfaeddc2ee3d14f99ecc163c9ddb46cb4d67cef
UCL-2020-21-M-0032,UEFA Champions League,2020-21,2020-10-28,21:00,2020-10-28T21:00:00,Gruppe H,group_stage,3,,H,not_applicable,0,0,ucl-manchester-united,ucl-rb-leipzig,Manchester United,RB Leipzig,Manchester United,RB Leipzig,ENG,GER,5,0,5,0,1,0,,,Normal Time,H,5,5,0,1532.79,1538.89,58.9,49,17,5-0 (1-0),2020-21/cl.txt,162,abfaeddc2ee3d14f99ecc163c9ddb46cb4d67cef
UCL-2020-21-M-0033,UEFA Champions League,2020-21,2020-11-03,18:55,2020-11-03T18:55:00,Group A,group_stage,3,,A,not_applicable,0,0,ucl-lokomotiv-moskva,ucl-atletico-madrid,Lokomotiv Moskva,Atlético Madrid,Lokomotiv Moskva,Atlético Madrid,RUS,ESP,1,1,1,1,1,1,,,Normal Time,D,2,0,1,1448.41,1555.96,-42.54,14,73,1-1 (1-1),2020-21/cl.txt,17,abfaeddc2ee3d14f99ecc163c9ddb46cb4d67cef
UCL-2020-21-M-0034,UEFA Champions League,2020-21,2020-11-03,18:55,2020-11-03T18:55:00,Group B,group_stage,3,,B,not_applicable,0,0,ucl-shakhtar-donetsk,ucl-bor-monchengladbach,Shakhtar Donetsk,Bor. Mönchengladbach,Shakhtar Donetsk,Bor. Mönchengladbach,UKR,GER,0,6,0,6,0,4,,,Normal Time,A,6,-6,0,1499.62,1490.64,73.98,56,14,0-6 (0-4),2020-21/cl.txt,38,abfaeddc2ee3d14f99ecc163c9ddb46cb4d67cef
UCL-2020-21-M-0035,UEFA Champions League,2020-21,2020-11-03,21:00,2020-11-03T21:00:00,Group A,group_stage,3,,A,not_applicable,0,0,ucl-rb-salzburg,ucl-bayern-munich,RB Salzburg,Bayern Munich,RB Salzburg,Bayern München,AUT,GER,2,6,2,6,1,2,,,Normal Time,A,8,-4,1,1485.36,1663.87,-113.5,8,105,2-6 (1-2),2020-21/cl.txt,18,abfaeddc2ee3d14f99ecc163c9ddb46cb4d67cef
UCL-2020-21-M-0036,UEFA Champions League,2020-21,2020-11-03,21:00,2020-11-03T21:00:00,Group B,group_stage,3,,B,not_applicable,0,0,ucl-real-madrid,ucl-inter-milan,Real Madrid,Inter Milan,Real Madrid,Inter,ESP,ITA,3,2,3,2,2,1,,,Normal Time,H,5,1,1,1566.95,1501.74,130.22,106,22,3-2 (2-1),2020-21/cl.txt,39,abfaeddc2ee3d14f99ecc163c9ddb46cb4d67cef
UCL-2020-21-M-0037,UEFA Champions League,2020-21,2020-11-03,21:00,2020-11-03T21:00:00,Group C,group_stage,3,,C,not_applicable,0,0,ucl-fc-porto,ucl-olympique-marseille,FC Porto,Olympique Marseille,FC Porto,Olympique Marseille,POR,FRA,3,0,3,0,2,0,,,Normal Time,H,3,3,0,1529.24,1464.16,130.08,64,18,3-0 (2-0),2020-21/cl.txt,59,abfaeddc2ee3d14f99ecc163c9ddb46cb4d67cef
UCL-2020-21-M-0038,UEFA Champions League,2020-21,2020-11-03,21:00,2020-11-03T21:00:00,Group C,group_stage,3,,C,not_applicable,0,0,ucl-manchester-city,ucl-olympiacos,Manchester City,Olympiacos,Manchester City,Olympiakos Piraeus,ENG,GRE,3,0,3,0,1,0,,,Normal Time,H,3,3,0,1595.35,1469.79,190.55,79,46,3-0 (1-0),2020-21/cl.txt,60,abfaeddc2ee3d14f99ecc163c9ddb46cb4d67cef
UCL-2020-21-M-0039,UEFA Champions League,2020-21,2020-11-03,21:00,2020-11-03T21:00:00,Group D,group_stage,3,,D,not_applicable,0,0,ucl-atalanta,ucl-liverpool-fc,Atalanta,Liverpool FC,Atalanta,Liverpool FC,ITA,ENG,0,5,0,5,0,2,,,Normal Time,A,5,-5,0,1516.56,1591.02,-9.46,11,42,0-5 (0-2),2020-21/cl.txt,80,abfaeddc2ee3d14f99ecc163c9ddb46cb4d67cef
UCL-2020-21-M-0040,UEFA Champions League,2020-21,2020-11-03,21:00,2020-11-03T21:00:00,Group D,group_stage,3,,D,not_applicable,0,0,ucl-fc-midtjylland,ucl-afc-ajax,FC Midtjylland,AFC Ajax,FC Midtjylland,AFC Ajax,DEN,NED,1,2,1,2,1,2,,,Normal Time,A,3,-1,1,1482.69,1524.57,23.12,2,44,1-2 (1-2),2020-21/cl.txt,81,abfaeddc2ee3d14f99ecc163c9ddb46cb4d67cef
UCL-2020-21-M-0041,UEFA Champions League,2020-21,2020-11-04,18:55,2020-11-04T18:55:00,Group F,group_stage,3,,F,not_applicable,0,0,ucl-zenit-st-petersburg,ucl-lazio,Zenit St. Petersburg,Lazio,Zenit St. Petersburg,Lazio Roma,RUS,ITA,1,1,1,1,1,0,,,Normal Time,D,2,0,1,1471.79,1509.52,27.27,44,2,1-1 (1-0),2020-21/cl.txt,122,abfaeddc2ee3d14f99ecc163c9ddb46cb4d67cef
UCL-2020-21-M-0042,UEFA Champions League,2020-21,2020-11-04,18:55,2020-11-04T18:55:00,Gruppe H,group_stage,3,,H,not_applicable,0,0,ucl-istanbul-basaksehir,ucl-manchester-united,İstanbul Başakşehir,Manchester United,İstanbul Başakşehir,Manchester United,TUR,ENG,2,1,2,1,2,1,,,Normal Time,H,3,1,1,1483.28,1541.11,7.17,2,50,2-1 (2-1),2020-21/cl.txt,164,abfaeddc2ee3d14f99ecc163c9ddb46cb4d67cef
UCL-2020-21-M-0043,UEFA Champions League,2020-21,2020-11-04,21:00,2020-11-04T21:00:00,Group E,group_stage,3,,E,not_applicable,0,0,ucl-chelsea-fc,ucl-stade-rennais,Chelsea FC,Stade Rennais,Chelsea FC,Stade Rennais,ENG,FRA,3,0,3,0,2,0,,,Normal Time,H,3,3,0,1542.82,1490.45,117.37,65,2,3-0 (2-0),2020-21/cl.txt,101,abfaeddc2ee3d14f99ecc163c9ddb46cb4d67cef
UCL-2020-21-M-0044,UEFA Champions League,2020-21,2020-11-04,21:00,2020-11-04T21:00:00,Group E,group_stage,3,,E,not_applicable,0,0,ucl-sevilla-fc,ucl-fk-krasnodar,Sevilla FC,FK Krasnodar,Sevilla FC,FK Krasnodar,ESP,RUS,3,2,3,2,1,2,,,Normal Time,H,5,1,1,1522.34,1490.84,96.5,26,2,3-2 (1-2),2020-21/cl.txt,102,abfaeddc2ee3d14f99ecc163c9ddb46cb4d67cef
UCL-2020-21-M-0045,UEFA Champions League,2020-21,2020-11-04,21:00,2020-11-04T21:00:00,Group F,group_stage,3,,F,not_applicable,0,0,ucl-club-brugge-kv,ucl-borussia-dortmund,Club Brugge KV,Borussia Dortmund,Club Brugge KV,Borussia Dortmund,BEL,GER,0,3,0,3,0,3,,,Normal Time,A,3,-3,0,1470.34,1519.43,15.91,20,71,0-3 (0-3),2020-21/cl.txt,123,abfaeddc2ee3d14f99ecc163c9ddb46cb4d67cef
UCL-2020-21-M-0046,UEFA Champions League,2020-21,2020-11-04,21:00,2020-11-04T21:00:00,Gruppe G,group_stage,3,,G,not_applicable,0,0,ucl-fc-barcelona,ucl-dinamo-kiev,FC Barcelona,Dinamo Kiev,FC Barcelona,Dinamo Kiev,ESP,UKR,2,1,2,1,1,0,,,Normal Time,H,3,1,1,1632.14,1486.57,210.57,100,22,2-1 (1-0),2020-21/cl.txt,143,abfaeddc2ee3d14f99ecc163c9ddb46cb4d67cef
UCL-2020-21-M-0047,UEFA Champions League,2020-21,2020-11-04,21:00,2020-11-04T21:00:00,Gruppe G,group_stage,3,,G,not_applicable,0,0,ucl-ferencvarosi-tc,ucl-juventus,Ferencvárosi TC,Juventus,Ferencvárosi TC,Juventus,HUN,ITA,1,4,1,4,0,1,,,Normal Time,A,5,-3,1,1492.64,1587.1,-29.46,2,80,1-4 (0-1),2020-21/cl.txt,144,abfaeddc2ee3d14f99ecc163c9ddb46cb4d67cef
UCL-2020-21-M-0048,UEFA Champions League,2020-21,2020-11-04,21:00,2020-11-04T21:00:00,Gruppe H,group_stage,3,,H,not_applicable,0,0,ucl-rb-leipzig,ucl-paris-saint-germain,RB Leipzig,Paris Saint-Germain,RB Leipzig,Paris Saint-Germain,GER,FRA,2,1,2,1,1,1,,,Normal Time,H,3,1,1,1530.57,1586.98,8.59,18,77,2-1 (1-1),2020-21/cl.txt,165,abfaeddc2ee3d14f99ecc163c9ddb46cb4d67cef
UCL-2020-21-M-0049,UEFA Champions League,2020-21,2020-11-24,18:55,2020-11-24T18:55:00,Group E,group_stage,3,,E,not_applicable,0,0,ucl-stade-rennais,ucl-chelsea-fc,Stade Rennais,Chelsea FC,Stade Rennais,Chelsea FC,FRA,ENG,1,2,1,2,0,1,,,Normal Time,A,3,-1,1,1483.71,1549.57,-0.86,3,66,1-2 (0-1),2020-21/cl.txt,104,abfaeddc2ee3d14f99ecc163c9ddb46cb4d67cef
UCL-2020-21-M-0050,UEFA Champions League,2020-21,2020-11-24,18:55,2020-11-24T18:55:00,Group E,group_stage,3,,E,not_applicable,0,0,ucl-fk-krasnodar,ucl-sevilla-fc,FK Krasnodar,Sevilla FC,FK Krasnodar,Sevilla FC,RUS,ESP,1,2,1,2,0,1,,,Normal Time,A,3,-1,1,1483.55,1529.63,18.92,3,27,1-2 (0-1),2020-21/cl.txt,105,abfaeddc2ee3d14f99ecc163c9ddb46cb4d67cef
UCL-2020-21-M-0051,UEFA Champions League,2020-21,2020-11-24,21:00,2020-11-24T21:00:00,Group F,group_stage,3,,F,not_applicable,0,0,ucl-borussia-dortmund,ucl-club-brugge-kv,Borussia Dortmund,Club Brugge KV,Borussia Dortmund,Club Brugge KV,GER,BEL,3,0,3,0,2,0,,,Normal Time,H,3,3,0,1529.88,1459.88,135.0,72,21,3-0 (2-0),2020-21/cl.txt,125,abfaeddc2ee3d14f99ecc163c9ddb46cb4d67cef
UCL-2020-21-M-0052,UEFA Champions League,2020-21,2020-11-24,21:00,2020-11-24T21:00:00,Group F,group_stage,3,,F,not_applicable,0,0,ucl-lazio,ucl-zenit-st-petersburg,Lazio,Zenit St. Petersburg,Lazio Roma,Zenit St. Petersburg,ITA,RUS,3,1,3,1,2,1,,,Normal Time,H,4,2,1,1510.31,1471.01,104.3,3,45,3-1 (2-1),2020-21/cl.txt,126,abfaeddc2ee3d14f99ecc163c9ddb46cb4d67cef
UCL-2020-21-M-0053,UEFA Champions League,2020-21,2020-11-24,21:00,2020-11-24T21:00:00,Gruppe G,group_stage,3,,G,not_applicable,0,0,ucl-dinamo-kiev,ucl-fc-barcelona,Dinamo Kiev,FC Barcelona,Dinamo Kiev,FC Barcelona,UKR,ESP,0,4,0,4,0,0,,,Normal Time,A,4,-4,0,1481.99,1636.73,-89.74,23,101,0-4 (0-0),2020-21/cl.txt,146,abfaeddc2ee3d14f99ecc163c9ddb46cb4d67cef
UCL-2020-21-M-0054,UEFA Champions League,2020-21,2020-11-24,21:00,2020-11-24T21:00:00,Gruppe G,group_stage,3,,G,not_applicable,0,0,ucl-juventus,ucl-ferencvarosi-tc,Juventus,Ferencvárosi TC,Juventus,Ferencvárosi TC,ITA,HUN,2,1,2,1,1,1,,,Normal Time,H,3,1,1,1596.25,1483.49,177.76,81,3,2-1 (1-1),2020-21/cl.txt,147,abfaeddc2ee3d14f99ecc163c9ddb46cb4d67cef
UCL-2020-21-M-0055,UEFA Champions League,2020-21,2020-11-24,21:00,2020-11-24T21:00:00,Gruppe H,group_stage,3,,H,not_applicable,0,0,ucl-manchester-united,ucl-istanbul-basaksehir,Manchester United,İstanbul Başakşehir,Manchester United,İstanbul Başakşehir,ENG,TUR,4,1,4,1,3,0,,,Normal Time,H,5,3,1,1531.32,1493.07,103.24,51,3,4-1 (3-0),2020-21/cl.txt,167,abfaeddc2ee3d14f99ecc163c9ddb46cb4d67cef
UCL-2020-21-M-0056,UEFA Champions League,2020-21,2020-11-24,21:00,2020-11-24T21:00:00,Gruppe H,group_stage,3,,H,not_applicable,0,0,ucl-paris-saint-germain,ucl-rb-leipzig,Paris Saint-Germain,RB Leipzig,Paris Saint-Germain,RB Leipzig,FRA,GER,1,0,1,0,1,0,,,Normal Time,H,1,1,0,1577.23,1540.32,101.9,78,19,1-0 (1-0),2020-21/cl.txt,168,abfaeddc2ee3d14f99ecc163c9ddb46cb4d67cef
UCL-2020-21-M-0057,UEFA Champions League,2020-21,2020-11-25,18:55,2020-11-25T18:55:00,Group B,group_stage,3,,B,not_applicable,0,0,ucl-bor-monchengladbach,ucl-shakhtar-donetsk,Bor. Mönchengladbach,Shakhtar Donetsk,Bor. Mönchengladbach,Shakhtar Donetsk,GER,UKR,4,0,4,0,3,0,,,Normal Time,H,4,4,0,1502.74,1487.52,80.22,15,57,4-0 (3-0),2020-21/cl.txt,41,abfaeddc2ee3d14f99ecc163c9ddb46cb4d67cef
UCL-2020-21-M-0058,UEFA Champions League,2020-21,2020-11-25,18:55,2020-11-25T18:55:00,Group C,group_stage,3,,C,not_applicable,0,0,ucl-olympiacos,ucl-manchester-city,Olympiacos,Manchester City,Olympiakos Piraeus,Manchester City,GRE,ENG,0,1,0,1,0,1,,,Normal Time,A,1,-1,0,1464.78,1600.35,-70.57,47,80,0-1 (0-1),2020-21/cl.txt,62,abfaeddc2ee3d14f99ecc163c9ddb46cb4d67cef
UCL-2020-21-M-0059,UEFA Champions League,2020-21,2020-11-25,21:00,2020-11-25T21:00:00,Group A,group_stage,3,,A,not_applicable,0,0,ucl-atletico-madrid,ucl-lokomotiv-moskva,Atlético Madrid,Lokomotiv Moskva,Atlético Madrid,Lokomotiv Moskva,ESP,RUS,0,0,0,0,,,,,Normal Time,D,0,0,0,1554.74,1449.63,170.1,74,15,0-0,2020-21/cl.txt,20,abfaeddc2ee3d14f99ecc163c9ddb46cb4d67cef
UCL-2020-21-M-0060,UEFA Champions League,2020-21,2020-11-25,21:00,2020-11-25T21:00:00,Group A,group_stage,3,,A,not_applicable,0,0,ucl-bayern-munich,ucl-rb-salzburg,Bayern Munich,RB Salzburg,Bayern München,RB Salzburg,GER,AUT,3,1,3,1,1,0,,,Normal Time,H,4,2,1,1670.71,1478.52,257.19,106,9,3-1 (1-0),2020-21/cl.txt,21,abfaeddc2ee3d14f99ecc163c9ddb46cb4d67cef
UCL-2020-21-M-0061,UEFA Champions League,2020-21,2020-11-25,21:00,2020-11-25T21:00:00,Group B,group_stage,3,,B,not_applicable,0,0,ucl-inter-milan,ucl-real-madrid,Inter Milan,Real Madrid,Inter,Real Madrid,ITA,ESP,0,2,0,2,0,1,,,Normal Time,A,2,-2,0,1495.32,1573.37,-13.05,23,107,0-2 (0-1),2020-21/cl.txt,42,abfaeddc2ee3d14f99ecc163c9ddb46cb4d67cef
UCL-2020-21-M-0062,UEFA Champions League,2020-21,2020-11-25,21:00,2020-11-25T21:00:00,Group C,group_stage,3,,C,not_applicable,0,0,ucl-olympique-marseille,ucl-fc-porto,Olympique Marseille,FC Porto,Olympique Marseille,FC Porto,FRA,POR,0,2,0,2,0,1,,,Normal Time,A,2,-2,0,1457.74,1535.66,-12.92,19,65,0-2 (0-1),2020-21/cl.txt,63,abfaeddc2ee3d14f99ecc163c9ddb46cb4d67cef
UCL-2020-21-M-0063,UEFA Champions League,2020-21,2020-11-25,21:00,2020-11-25T21:00:00,Group D,group_stage,3,,D,not_applicable,0,0,ucl-afc-ajax,ucl-fc-midtjylland,AFC Ajax,FC Midtjylland,AFC Ajax,FC Midtjylland,NED,DEN,3,1,3,1,0,0,,,Normal Time,H,4,2,1,1535.24,1472.02,128.21,45,3,3-1 (0-0),2020-21/cl.txt,83,abfaeddc2ee3d14f99ecc163c9ddb46cb4d67cef
UCL-2020-21-M-0064,UEFA Champions League,2020-21,2020-11-25,21:00,2020-11-25T21:00:00,Group D,group_stage,3,,D,not_applicable,0,0,ucl-liverpool-fc,ucl-atalanta,Liverpool FC,Atalanta,Liverpool FC,Atalanta,ENG,ITA,0,2,0,2,0,0,,,Normal Time,A,2,-2,0,1600.75,1506.83,158.92,43,12,0-2 (0-0),2020-21/cl.txt,84,abfaeddc2ee3d14f99ecc163c9ddb46cb4d67cef
UCL-2020-21-M-0065,UEFA Champions League,2020-21,2020-12-01,18:55,2020-12-01T18:55:00,Group A,group_stage,3,,A,not_applicable,0,0,ucl-lokomotiv-moskva,ucl-rb-salzburg,Lokomotiv Moskva,RB Salzburg,Lokomotiv Moskva,RB Salzburg,RUS,AUT,1,3,1,3,0,2,,,Normal Time,A,4,-2,1,1454.17,1474.81,44.36,16,10,1-3 (0-2),2020-21/cl.txt,23,abfaeddc2ee3d14f99ecc163c9ddb46cb4d67cef
UCL-2020-21-M-0066,UEFA Champions League,2020-21,2020-12-01,18:55,2020-12-01T18:55:00,Group B,group_stage,3,,B,not_applicable,0,0,ucl-shakhtar-donetsk,ucl-real-madrid,Shakhtar Donetsk,Real Madrid,Shakhtar Donetsk,Real Madrid,UKR,ESP,2,0,2,0,0,0,,,Normal Time,H,2,2,0,1479.79,1583.0,-38.2,58,108,2-0 (0-0),2020-21/cl.txt,44,abfaeddc2ee3d14f99ecc163c9ddb46cb4d67cef
UCL-2020-21-M-0067,UEFA Champions League,2020-21,2020-12-01,21:00,2020-12-01T21:00:00,Group A,group_stage,3,,A,not_applicable,0,0,ucl-atletico-madrid,ucl-bayern-munich,Atlético Madrid,Bayern Munich,Atlético Madrid,Bayern München,ESP,GER,1,1,1,1,1,0,,,Normal Time,D,2,0,1,1550.2,1674.42,-59.22,75,107,1-1 (1-0),2020-21/cl.txt,24,abfaeddc2ee3d14f99ecc163c9ddb46cb4d67cef
UCL-2020-21-M-0068,UEFA Champions League,2020-21,2020-12-01,21:00,2020-12-01T21:00:00,Group B,group_stage,3,,B,not_applicable,0,0,ucl-bor-monchengladbach,ucl-inter-milan,Bor. Mönchengladbach,Inter Milan,Bor. Mönchengladbach,Inter,GER,ITA,2,3,2,3,1,1,,,Normal Time,A,5,-1,1,1510.47,1485.69,89.78,16,24,2-3 (1-1),2020-21/cl.txt,45,abfaeddc2ee3d14f99ecc163c9ddb46cb4d67cef
UCL-2020-21-M-0069,UEFA Champions League,2020-21,2020-12-01,21:00,2020-12-01T21:00:00,Group C,group_stage,3,,C,not_applicable,0,0,ucl-fc-porto,ucl-manchester-city,FC Porto,Manchester City,FC Porto,Manchester City,POR,ENG,0,0,0,0,,,,,Normal Time,D,0,0,0,1545.29,1608.35,1.94,66,81,0-0,2020-21/cl.txt,65,abfaeddc2ee3d14f99ecc163c9ddb46cb4d67cef
UCL-2020-21-M-0070,UEFA Champions League,2020-21,2020-12-01,21:00,2020-12-01T21:00:00,Group C,group_stage,3,,C,not_applicable,0,0,ucl-olympique-marseille,ucl-olympiacos,Olympique Marseille,Olympiacos,Olympique Marseille,Olympiakos Piraeus,FRA,GRE,2,1,2,1,0,1,,,Normal Time,H,3,1,1,1448.11,1456.79,56.32,20,48,2-1 (0-1),2020-21/cl.txt,66,abfaeddc2ee3d14f99ecc163c9ddb46cb4d67cef
UCL-2020-21-M-0071,UEFA Champions League,2020-21,2020-12-01,21:00,2020-12-01T21:00:00,Group D,group_stage,3,,D,not_applicable,0,0,ucl-atalanta,ucl-fc-midtjylland,Atalanta,FC Midtjylland,Atalanta,FC Midtjylland,ITA,DEN,1,1,1,1,0,1,,,Normal Time,D,2,0,1,1521.11,1465.55,120.56,13,4,1-1 (0-1),2020-21/cl.txt,86,abfaeddc2ee3d14f99ecc163c9ddb46cb4d67cef
UCL-2020-21-M-0072,UEFA Champions League,2020-21,2020-12-01,21:00,2020-12-01T21:00:00,Group D,group_stage,3,,D,not_applicable,0,0,ucl-liverpool-fc,ucl-afc-ajax,Liverpool FC,AFC Ajax,Liverpool FC,AFC Ajax,ENG,NED,1,0,1,0,0,0,,,Normal Time,H,1,1,0,1586.47,1541.7,109.76,44,46,1-0 (0-0),2020-21/cl.txt,87,abfaeddc2ee3d14f99ecc163c9ddb46cb4d67cef
UCL-2020-21-M-0073,UEFA Champions League,2020-21,2020-12-02,18:55,2020-12-02T18:55:00,Group E,group_stage,3,,E,not_applicable,0,0,ucl-fk-krasnodar,ucl-stade-rennais,FK Krasnodar,Stade Rennais,FK Krasnodar,Stade Rennais,RUS,FRA,1,0,1,0,0,0,,,Normal Time,H,1,1,0,1473.01,1473.73,64.27,4,4,1-0 (0-0),2020-21/cl.txt,107,abfaeddc2ee3d14f99ecc163c9ddb46cb4d67cef
UCL-2020-21-M-0074,UEFA Champions League,2020-21,2020-12-02,18:55,2020-12-02T18:55:00,Gruppe H,group_stage,3,,H,not_applicable,0,0,ucl-istanbul-basaksehir,ucl-rb-leipzig,İstanbul Başakşehir,RB Leipzig,İstanbul Başakşehir,RB Leipzig,TUR,GER,3,4,3,4,1,2,,,Normal Time,A,7,-1,1,1485.96,1533.17,17.79,4,20,3-4 (1-2),2020-21/cl.txt,170,abfaeddc2ee3d14f99ecc163c9ddb46cb4d67cef
UCL-2020-21-M-0075,UEFA Champions League,2020-21,2020-12-02,21:00,2020-12-02T21:00:00,Group E,group_stage,3,,E,not_applicable,0,0,ucl-sevilla-fc,ucl-chelsea-fc,Sevilla FC,Chelsea FC,Sevilla FC,Chelsea FC,ESP,ENG,0,4,0,4,0,1,,,Normal Time,A,4,-4,0,1540.18,1559.54,45.63,28,67,0-4 (0-1),2020-21/cl.txt,108,abfaeddc2ee3d14f99ecc163c9ddb46cb4d67cef
UCL-2020-21-M-0076,UEFA Champions League,2020-21,2020-12-02,21:00,2020-12-02T21:00:00,Group F,group_stage,3,,F,not_applicable,0,0,ucl-borussia-dortmund,ucl-lazio,Borussia Dortmund,Lazio,Borussia Dortmund,Lazio Roma,GER,ITA,1,1,1,1,1,0,,,Normal Time,D,2,0,1,1536.18,1517.39,83.79,73,4,1-1 (1-0),2020-21/cl.txt,128,abfaeddc2ee3d14f99ecc163c9ddb46cb4d67cef
UCL-2020-21-M-0077,UEFA Champions League,2020-21,2020-12-02,21:00,2020-12-02T21:00:00,Group F,group_stage,3,,F,not_applicable,0,0,ucl-club-brugge-kv,ucl-zenit-st-petersburg,Club Brugge KV,Zenit St. Petersburg,Club Brugge KV,Zenit St. Petersburg,BEL,RUS,3,0,3,0,1,0,,,Normal Time,H,3,3,0,1453.58,1463.92,54.66,22,46,3-0 (1-0),2020-21/cl.txt,129,abfaeddc2ee3d14f99ecc163c9ddb46cb4d67cef
UCL-2020-21-M-0078,UEFA Champions League,2020-21,2020-12-02,21:00,2020-12-02T21:00:00,Gruppe G,group_stage,3,,G,not_applicable,0,0,ucl-juventus,ucl-dinamo-kiev,Juventus,Dinamo Kiev,Juventus,Dinamo Kiev,ITA,UKR,3,0,3,0,1,0,,,Normal Time,H,3,3,0,1601.54,1474.52,192.03,82,24,3-0 (1-0),2020-21/cl.txt,149,abfaeddc2ee3d14f99ecc163c9ddb46cb4d67cef
UCL-2020-21-M-0079,UEFA Champions League,2020-21,2020-12-02,21:00,2020-12-02T21:00:00,Gruppe G,group_stage,3,,G,not_applicable,0,0,ucl-ferencvarosi-tc,ucl-fc-barcelona,Ferencvárosi TC,FC Barcelona,Ferencvárosi TC,FC Barcelona,HUN,ESP,0,3,0,3,0,3,,,Normal Time,A,3,-3,0,1478.2,1644.2,-101.0,4,102,0-3 (0-3),2020-21/cl.txt,150,abfaeddc2ee3d14f99ecc163c9ddb46cb4d67cef
UCL-2020-21-M-0080,UEFA Champions League,2020-21,2020-12-02,21:00,2020-12-02T21:00:00,Gruppe H,group_stage,3,,H,not_applicable,0,0,ucl-manchester-united,ucl-paris-saint-germain,Manchester United,Paris Saint-Germain,Manchester United,Paris Saint-Germain,ENG,FRA,1,3,1,3,1,1,,,Normal Time,A,4,-2,1,1538.43,1584.37,19.05,52,79,1-3 (1-1),2020-21/cl.txt,171,abfaeddc2ee3d14f99ecc163c9ddb46cb4d67cef
UCL-2020-21-M-0081,UEFA Champions League,2020-21,2020-12-08,18:55,2020-12-08T18:55:00,Group F,group_stage,3,,F,not_applicable,0,0,ucl-zenit-st-petersburg,ucl-borussia-dortmund,Zenit St. Petersburg,Borussia Dortmund,Zenit St. Petersburg,Borussia Dortmund,RUS,GER,1,2,1,2,1,0,,,Normal Time,A,3,-1,1,1455.48,1533.82,-13.33,47,74,1-2 (1-0),2020-21/cl.txt,131,abfaeddc2ee3d14f99ecc163c9ddb46cb4d67cef
UCL-2020-21-M-0082,UEFA Champions League,2020-21,2020-12-08,18:55,2020-12-08T18:55:00,Group F,group_stage,3,,F,not_applicable,0,0,ucl-lazio,ucl-club-brugge-kv,Lazio,Club Brugge KV,Lazio Roma,Club Brugge KV,ITA,BEL,2,2,2,2,2,1,,,Normal Time,D,4,0,1,1519.76,1462.02,122.74,5,23,2-2 (2-1),2020-21/cl.txt,132,abfaeddc2ee3d14f99ecc163c9ddb46cb4d67cef
UCL-2020-21-M-0083,UEFA Champions League,2020-21,2020-12-08,21:00,2020-12-08T21:00:00,Group E,group_stage,3,,E,not_applicable,0,0,ucl-chelsea-fc,ucl-fk-krasnodar,Chelsea FC,FK Krasnodar,Chelsea FC,FK Krasnodar,ENG,RUS,1,1,1,1,1,1,,,Normal Time,D,2,0,1,1570.85,1481.18,154.67,68,5,1-1 (1-1),2020-21/cl.txt,110,abfaeddc2ee3d14f99ecc163c9ddb46cb4d67cef
UCL-2020-21-M-0084,UEFA Champions League,2020-21,2020-12-08,21:00,2020-12-08T21:00:00,Group E,group_stage,3,,E,not_applicable,0,0,ucl-stade-rennais,ucl-sevilla-fc,Stade Rennais,Sevilla FC,Stade Rennais,Sevilla FC,FRA,ESP,1,3,1,3,0,2,,,Normal Time,A,4,-2,1,1465.56,1528.87,1.69,5,29,1-3 (0-2),2020-21/cl.txt,111,abfaeddc2ee3d14f99ecc163c9ddb46cb4d67cef
UCL-2020-21-M-0085,UEFA Champions League,2020-21,2020-12-08,21:00,2020-12-08T21:00:00,Gruppe G,group_stage,3,,G,not_applicable,0,0,ucl-dinamo-kiev,ucl-ferencvarosi-tc,Dinamo Kiev,Ferencvárosi TC,Dinamo Kiev,Ferencvárosi TC,UKR,HUN,1,0,1,0,0,0,,,Normal Time,H,1,1,0,1469.54,1471.03,63.51,25,5,1-0 (0-0),2020-21/cl.txt,152,abfaeddc2ee3d14f99ecc163c9ddb46cb4d67cef
UCL-2020-21-M-0086,UEFA Champions League,2020-21,2020-12-08,21:00,2020-12-08T21:00:00,Gruppe G,group_stage,3,,G,not_applicable,0,0,ucl-fc-barcelona,ucl-juventus,FC Barcelona,Juventus,FC Barcelona,Juventus,ESP,ITA,0,3,0,3,0,2,,,Normal Time,A,3,-3,0,1651.37,1606.52,109.86,103,83,0-3 (0-2),2020-21/cl.txt,153,abfaeddc2ee3d14f99ecc163c9ddb46cb4d67cef
UCL-2020-21-M-0087,UEFA Champions League,2020-21,2020-12-08,21:00,2020-12-08T21:00:00,Gruppe H,group_stage,3,,H,not_applicable,0,0,ucl-rb-leipzig,ucl-manchester-united,RB Leipzig,Manchester United,RB Leipzig,Manchester United,GER,ENG,3,2,3,2,2,0,,,Normal Time,H,5,1,1,1543.69,1527.88,80.8,21,53,3-2 (2-0),2020-21/cl.txt,173,abfaeddc2ee3d14f99ecc163c9ddb46cb4d67cef
UCL-2020-21-M-0088,UEFA Champions League,2020-21,2020-12-09,18:55,2020-12-09T18:55:00,Group D,group_stage,3,,D,not_applicable,0,0,ucl-afc-ajax,ucl-atalanta,AFC Ajax,Atalanta,AFC Ajax,Atalanta,NED,ITA,0,1,0,1,0,0,,,Normal Time,A,1,-1,0,1534.76,1517.77,81.99,47,14,0-1 (0-0),2020-21/cl.txt,89,abfaeddc2ee3d14f99ecc163c9ddb46cb4d67cef
UCL-2020-21-M-0089,UEFA Champions League,2020-21,2020-12-09,18:55,2020-12-09T18:55:00,Group D,group_stage,3,,D,not_applicable,0,0,ucl-fc-midtjylland,ucl-liverpool-fc,FC Midtjylland,Liverpool FC,FC Midtjylland,Liverpool FC,DEN,ENG,1,1,1,1,0,1,,,Normal Time,D,2,0,1,1468.89,1593.41,-59.52,5,45,1-1 (0-1),2020-21/cl.txt,90,abfaeddc2ee3d14f99ecc163c9ddb46cb4d67cef
UCL-2020-21-M-0090,UEFA Champions League,2020-21,2020-12-09,18:55,2020-12-09T18:55:00,Gruppe H,group_stage,3,,H,not_applicable,0,0,ucl-paris-saint-germain,ucl-istanbul-basaksehir,Paris Saint-Germain,İstanbul Başakşehir,Paris Saint-Germain,İstanbul Başakşehir,FRA,TUR,5,1,5,1,3,0,,,Normal Time,H,6,4,1,1594.92,1475.45,184.47,80,5,5-1 (3-0),2020-21/cl.txt,175,abfaeddc2ee3d14f99ecc163c9ddb46cb4d67cef
UCL-2020-21-M-0091,UEFA Champions League,2020-21,2020-12-09,21:00,2020-12-09T21:00:00,Group A,group_stage,3,,A,not_applicable,0,0,ucl-bayern-munich,ucl-lokomotiv-moskva,Bayern Munich,Lokomotiv Moskva,Bayern München,Lokomotiv Moskva,GER,RUS,2,0,2,0,0,0,,,Normal Time,H,2,2,0,1672.73,1442.9,294.83,108,17,2-0 (0-0),2020-21/cl.txt,26,abfaeddc2ee3d14f99ecc163c9ddb46cb4d67cef
UCL-2020-21-M-0092,UEFA Champions League,2020-21,2020-12-09,21:00,2020-12-09T21:00:00,Group A,group_stage,3,,A,not_applicable,0,0,ucl-rb-salzburg,ucl-atletico-madrid,RB Salzburg,Atlético Madrid,RB Salzburg,Atlético Madrid,AUT,ESP,0,2,0,2,0,1,,,Normal Time,A,2,-2,0,1486.08,1551.89,-0.8,11,76,0-2 (0-1),2020-21/cl.txt,27,abfaeddc2ee3d14f99ecc163c9ddb46cb4d67cef
UCL-2020-21-M-0093,UEFA Champions League,2020-21,2020-12-09,21:00,2020-12-09T21:00:00,Group B,group_stage,3,,B,not_applicable,0,0,ucl-inter-milan,ucl-shakhtar-donetsk,Inter Milan,Shakhtar Donetsk,Inter,Shakhtar Donetsk,ITA,UKR,0,0,0,0,,,,,Normal Time,D,0,0,0,1498.22,1490.89,72.33,25,59,0-0,2020-21/cl.txt,47,abfaeddc2ee3d14f99ecc163c9ddb46cb4d67cef
UCL-2020-21-M-0094,UEFA Champions League,2020-21,2020-12-09,21:00,2020-12-09T21:00:00,Group B,group_stage,3,,B,not_applicable,0,0,ucl-real-madrid,ucl-bor-monchengladbach,Real Madrid,Bor. Mönchengladbach,Real Madrid,Bor. Mönchengladbach,ESP,GER,2,0,2,0,2,0,,,Normal Time,H,2,2,0,1571.9,1497.94,138.96,109,17,2-0 (2-0),2020-21/cl.txt,48,abfaeddc2ee3d14f99ecc163c9ddb46cb4d67cef
UCL-2020-21-M-0095,UEFA Champions League,2020-21,2020-12-09,21:00,2020-12-09T21:00:00,Group C,group_stage,3,,C,not_applicable,0,0,ucl-manchester-city,ucl-olympique-marseille,Manchester City,Olympique Marseille,Manchester City,Olympique Marseille,ENG,FRA,3,0,3,0,0,0,,,Normal Time,H,3,3,0,1608.4,1456.5,216.9,82,21,3-0 (0-0),2020-21/cl.txt,68,abfaeddc2ee3d14f99ecc163c9ddb46cb4d67cef
UCL-2020-21-M-0096,UEFA Champions League,2020-21,2020-12-09,21:00,2020-12-09T21:00:00,Group C,group_stage,3,,C,not_applicable,0,0,ucl-olympiacos,ucl-fc-porto,Olympiacos,FC Porto,Olympiakos Piraeus,FC Porto,GRE,POR,0,2,0,2,0,1,,,Normal Time,A,2,-2,0,1448.39,1545.23,-31.84,49,67,0-2 (0-1),2020-21/cl.txt,69,abfaeddc2ee3d14f99ecc163c9ddb46cb4d67cef
UCL-2020-21-M-0097,UEFA Champions League,2020-21,2021-02-16,21:00,2021-02-16T21:00:00,Round of 16,round_of_16,5,,,1,0,0,ucl-rb-leipzig,ucl-liverpool-fc,RB Leipzig,Liverpool FC,RB Leipzig,Liverpool FC,GER,ENG,0,2,0,2,0,0,,,Normal Time,A,2,-2,0,1551.4,1591.71,24.69,22,46,0-2 (0-0),2020-21/cl.txt,180,abfaeddc2ee3d14f99ecc163c9ddb46cb4d67cef
UCL-2020-21-M-0098,UEFA Champions League,2020-21,2021-02-16,21:00,2021-02-16T21:00:00,Round of 16,round_of_16,5,,,1,0,0,ucl-fc-barcelona,ucl-paris-saint-germain,FC Barcelona,Paris Saint-Germain,FC Barcelona,Paris Saint-Germain,ESP,FRA,1,4,1,4,1,1,,,Normal Time,A,5,-3,1,1638.31,1600.06,103.25,104,81,1-4 (1-1),2020-21/cl.txt,181,abfaeddc2ee3d14f99ecc163c9ddb46cb4d67cef
UCL-2020-21-M-0099,UEFA Champions League,2020-21,2021-02-17,21:00,2021-02-17T21:00:00,Round of 16,round_of_16,5,,,1,0,0,ucl-fc-porto,ucl-juventus,FC Porto,Juventus,FC Porto,Juventus,POR,ITA,2,1,2,1,1,0,,,Normal Time,H,3,1,1,1554.32,1619.58,-0.26,68,84,2-1 (1-0),2020-21/cl.txt,183,abfaeddc2ee3d14f99ecc163c9ddb46cb4d67cef
UCL-2020-21-M-0100,UEFA Champions League,2020-21,2021-02-17,21:00,2021-02-17T21:00:00,Round of 16,round_of_16,5,,,1,0,0,ucl-sevilla-fc,ucl-borussia-dortmund,Sevilla FC,Borussia Dortmund,Sevilla FC,Borussia Dortmund,ESP,GER,2,3,2,3,1,3,,,Normal Time,A,5,-1,1,1538.92,1543.43,60.49,30,75,2-3 (1-3),2020-21/cl.txt,184,abfaeddc2ee3d14f99ecc163c9ddb46cb4d67cef
UCL-2020-21-M-0101,UEFA Champions League,2020-21,2021-02-23,21:00,2021-02-23T21:00:00,Round of 16,round_of_16,5,,,1,0,0,ucl-lazio,ucl-bayern-munich,Lazio,Bayern Munich,Lazio Roma,Bayern München,ITA,GER,1,4,1,4,0,3,,,Normal Time,A,5,-3,1,1516.37,1675.83,-94.46,6,109,1-4 (0-3),2020-21/cl.txt,186,abfaeddc2ee3d14f99ecc163c9ddb46cb4d67cef
UCL-2020-21-M-0102,UEFA Champions League,2020-21,2021-02-23,21:00,2021-02-23T21:00:00,Round of 16,round_of_16,5,,,1,0,0,ucl-atletico-madrid,ucl-chelsea-fc,Atlético Madrid,Chelsea FC,Atlético Madrid,Chelsea FC,ESP,ENG,0,1,0,1,0,0,,,Normal Time,A,1,-1,0,1561.86,1566.67,60.19,77,69,0-1 (0-0),2020-21/cl.txt,187,abfaeddc2ee3d14f99ecc163c9ddb46cb4d67cef
UCL-2020-21-M-0103,UEFA Champions League,2020-21,2021-02-24,21:00,2021-02-24T21:00:00,Round of 16,round_of_16,5,,,1,0,0,ucl-bor-monchengladbach,ucl-manchester-city,Bor. Mönchengladbach,Manchester City,Bor. Mönchengladbach,Manchester City,GER,ENG,0,2,0,2,0,1,,,Normal Time,A,2,-2,0,1491.74,1612.86,-56.12,18,83,0-2 (0-1),2020-21/cl.txt,189,abfaeddc2ee3d14f99ecc163c9ddb46cb4d67cef
UCL-2020-21-M-0104,UEFA Champions League,2020-21,2021-02-24,21:00,2021-02-24T21:00:00,Round of 16,round_of_16,5,,,1,0,0,ucl-atalanta,ucl-real-madrid,Atalanta,Real Madrid,Atalanta,Real Madrid,ITA,ESP,0,1,0,1,0,0,,,Normal Time,A,1,-1,0,1530.09,1578.1,16.99,15,110,0-1 (0-0),2020-21/cl.txt,190,abfaeddc2ee3d14f99ecc163c9ddb46cb4d67cef
UCL-2020-21-M-0105,UEFA Champions League,2020-21,2021-03-09,21:00,2021-03-09T21:00:00,Round of 16,round_of_16,5,,,2,0,0,ucl-juventus,ucl-fc-porto,Juventus,FC Porto,Juventus,FC Porto,ITA,POR,2,1,3,2,0,1,,,Extra Time,H,3,1,1,1609.57,1564.33,110.24,85,69,"3-2 a.e.t. (2-1, 0-1)",2020-21/cl.txt,192,abfaeddc2ee3d14f99ecc163c9ddb46cb4d67cef
UCL-2020-21-M-0106,UEFA Champions League,2020-21,2021-03-09,21:00,2021-03-09T21:00:00,Round of 16,round_of_16,5,,,2,0,0,ucl-borussia-dortmund,ucl-sevilla-fc,Borussia Dortmund,Sevilla FC,Borussia Dortmund,Sevilla FC,GER,ESP,2,2,2,2,1,0,,,Normal Time,D,4,0,1,1555.16,1527.2,92.96,76,31,2-2 (1-0),2020-21/cl.txt,193,abfaeddc2ee3d14f99ecc163c9ddb46cb4d67cef
UCL-2020-21-M-0107,UEFA Champions League,2020-21,2021-03-10,21:00,2021-03-10T21:00:00,Round of 16,round_of_16,5,,,2,0,0,ucl-liverpool-fc,ucl-rb-leipzig,Liverpool FC,RB Leipzig,Liverpool FC,RB Leipzig,ENG,GER,2,0,2,0,0,0,,,Normal Time,H,2,2,0,1602.42,1540.69,126.73,47,23,2-0 (0-0),2020-21/cl.txt,195,abfaeddc2ee3d14f99ecc163c9ddb46cb4d67cef
UCL-2020-21-M-0108,UEFA Champions League,2020-21,2021-03-10,21:00,2021-03-10T21:00:00,Round of 16,round_of_16,5,,,2,0,0,ucl-paris-saint-germain,ucl-fc-barcelona,Paris Saint-Germain,FC Barcelona,Paris Saint-Germain,FC Barcelona,FRA,ESP,1,1,1,1,1,1,,,Normal Time,D,2,0,1,1612.95,1625.43,52.52,82,105,1-1 (1-1),2020-21/cl.txt,196,abfaeddc2ee3d14f99ecc163c9ddb46cb4d67cef
UCL-2020-21-M-0109,UEFA Champions League,2020-21,2021-03-16,21:00,2021-03-16T21:00:00,Round of 16,round_of_16,5,,,2,0,0,ucl-manchester-city,ucl-bor-monchengladbach,Manchester City,Bor. Mönchengladbach,Manchester City,Bor. Mönchengladbach,ENG,GER,2,0,2,0,2,0,,,Normal Time,H,2,2,0,1621.26,1483.34,202.92,84,19,2-0 (2-0),2020-21/cl.txt,198,abfaeddc2ee3d14f99ecc163c9ddb46cb4d67cef
UCL-2020-21-M-0110,UEFA Champions League,2020-21,2021-03-16,21:00,2021-03-16T21:00:00,Round of 16,round_of_16,5,,,2,0,0,ucl-real-madrid,ucl-atalanta,Real Madrid,Atalanta,Real Madrid,Atalanta,ESP,ITA,3,1,3,1,1,0,,,Normal Time,H,4,2,1,1588.59,1519.6,133.99,111,16,3-1 (1-0),2020-21/cl.txt,199,abfaeddc2ee3d14f99ecc163c9ddb46cb4d67cef
UCL-2020-21-M-0111,UEFA Champions League,2020-21,2021-03-17,21:00,2021-03-17T21:00:00,Round of 16,round_of_16,5,,,2,0,0,ucl-bayern-munich,ucl-lazio,Bayern Munich,Lazio,Bayern München,Lazio Roma,GER,ITA,2,1,2,1,1,0,,,Normal Time,H,3,1,1,1683.17,1509.02,239.15,110,7,2-1 (1-0),2020-21/cl.txt,201,abfaeddc2ee3d14f99ecc163c9ddb46cb4d67cef
UCL-2020-21-M-0112,UEFA Champions League,2020-21,2021-03-17,21:00,2021-03-17T21:00:00,Round of 16,round_of_16,5,,,2,0,0,ucl-chelsea-fc,ucl-atletico-madrid,Chelsea FC,Atlético Madrid,Chelsea FC,Atlético Madrid,ENG,ESP,2,0,2,0,1,0,,,Normal Time,H,2,2,0,1578.39,1550.15,93.24,70,78,2-0 (1-0),2020-21/cl.txt,202,abfaeddc2ee3d14f99ecc163c9ddb46cb4d67cef
UCL-2020-21-M-0113,UEFA Champions League,2020-21,2021-04-06,21:00,2021-04-06T21:00:00,Quarterfinals,quarterfinal,6,,,1,0,0,ucl-manchester-city,ucl-borussia-dortmund,Manchester City,Borussia Dortmund,Manchester City,Borussia Dortmund,ENG,GER,2,1,2,1,1,0,,,Normal Time,H,3,1,1,1626.01,1552.54,138.46,85,77,2-1 (1-0),2020-21/cl.txt,207,abfaeddc2ee3d14f99ecc163c9ddb46cb4d67cef
UCL-2020-21-M-0114,UEFA Champions League,2020-21,2021-04-06,21:00,2021-04-06T21:00:00,Quarterfinals,quarterfinal,6,,,1,0,0,ucl-real-madrid,ucl-liverpool-fc,Real Madrid,Liverpool FC,Real Madrid,Liverpool FC,ESP,ENG,3,1,3,1,2,0,,,Normal Time,H,4,2,1,1594.91,1608.93,50.99,112,48,3-1 (2-0),2020-21/cl.txt,208,abfaeddc2ee3d14f99ecc163c9ddb46cb4d67cef
UCL-2020-21-M-0115,UEFA Champions League,2020-21,2021-04-07,21:00,2021-04-07T21:00:00,Quarterfinals,quarterfinal,6,,,1,0,0,ucl-fc-porto,ucl-chelsea-fc,FC Porto,Chelsea FC,FC Porto,Chelsea FC,POR,ENG,0,2,0,2,0,1,,,Normal Time,A,2,-2,0,1557.4,1585.77,36.63,70,71,0-2 (0-1),2020-21/cl.txt,210,abfaeddc2ee3d14f99ecc163c9ddb46cb4d67cef
UCL-2020-21-M-0116,UEFA Champions League,2020-21,2021-04-07,21:00,2021-04-07T21:00:00,Quarterfinals,quarterfinal,6,,,1,0,0,ucl-bayern-munich,ucl-paris-saint-germain,Bayern Munich,Paris Saint-Germain,Bayern München,Paris Saint-Germain,GER,FRA,2,3,2,3,1,2,,,Normal Time,A,5,-1,1,1687.2,1611.45,140.76,111,83,2-3 (1-2),2020-21/cl.txt,211,abfaeddc2ee3d14f99ecc163c9ddb46cb4d67cef
UCL-2020-21-M-0117,UEFA Champions League,2020-21,2021-04-13,21:00,2021-04-13T21:00:00,Quarterfinals,quarterfinal,6,,,2,0,0,ucl-chelsea-fc,ucl-fc-porto,Chelsea FC,FC Porto,Chelsea FC,FC Porto,ENG,POR,0,1,0,1,0,0,,,Normal Time,A,1,-1,0,1596.82,1546.35,115.47,72,71,0-1 (0-0),2020-21/cl.txt,213,abfaeddc2ee3d14f99ecc163c9ddb46cb4d67cef
UCL-2020-21-M-0118,UEFA Champions League,2020-21,2021-04-13,21:00,2021-04-13T21:00:00,Quarterfinals,quarterfinal,6,,,2,0,0,ucl-paris-saint-germain,ucl-bayern-munich,Paris Saint-Germain,Bayern Munich,Paris Saint-Germain,Bayern München,FRA,GER,0,1,0,1,0,1,,,Normal Time,A,1,-1,0,1625.29,1673.36,16.93,84,112,0-1 (0-1),2020-21/cl.txt,214,abfaeddc2ee3d14f99ecc163c9ddb46cb4d67cef
UCL-2020-21-M-0119,UEFA Champions League,2020-21,2021-04-14,21:00,2021-04-14T21:00:00,Quarterfinals,quarterfinal,6,,,2,0,0,ucl-borussia-dortmund,ucl-manchester-city,Borussia Dortmund,Manchester City,Borussia Dortmund,Manchester City,GER,ENG,1,2,1,2,1,0,,,Normal Time,A,3,-1,1,1546.33,1632.22,-20.89,78,86,1-2 (1-0),2020-21/cl.txt,216,abfaeddc2ee3d14f99ecc163c9ddb46cb4d67cef
UCL-2020-21-M-0120,UEFA Champions League,2020-21,2021-04-14,21:00,2021-04-14T21:00:00,Quarterfinals,quarterfinal,6,,,2,0,0,ucl-liverpool-fc,ucl-real-madrid,Liverpool FC,Real Madrid,Liverpool FC,Real Madrid,ENG,ESP,0,0,0,0,,,,,Normal Time,D,0,0,0,1600.38,1603.46,61.93,49,113,0-0,2020-21/cl.txt,217,abfaeddc2ee3d14f99ecc163c9ddb46cb4d67cef
UCL-2020-21-M-0121,UEFA Champions League,2020-21,2021-04-27,21:00,2021-04-27T21:00:00,Semifinals,semifinal,7,,,1,0,0,ucl-real-madrid,ucl-chelsea-fc,Real Madrid,Chelsea FC,Real Madrid,Chelsea FC,ESP,ENG,1,1,1,1,1,1,,,Normal Time,D,2,0,1,1605.22,1583.61,86.61,114,73,1-1 (1-1),2020-21/cl.txt,222,abfaeddc2ee3d14f99ecc163c9ddb46cb4d67cef
UCL-2020-21-M-0122,UEFA Champions League,2020-21,2021-04-28,21:00,2021-04-28T21:00:00,Semifinals,semifinal,7,,,1,0,0,ucl-paris-saint-germain,ucl-manchester-city,Paris Saint-Germain,Manchester City,Paris Saint-Germain,Manchester City,FRA,ENG,1,2,1,2,1,0,,,Normal Time,A,3,-1,1,1614.8,1641.62,38.19,85,87,1-2 (1-0),2020-21/cl.txt,224,abfaeddc2ee3d14f99ecc163c9ddb46cb4d67cef
UCL-2020-21-M-0123,UEFA Champions League,2020-21,2021-05-04,21:00,2021-05-04T21:00:00,Semifinals,semifinal,7,,,2,0,0,ucl-manchester-city,ucl-paris-saint-germain,Manchester City,Paris Saint-Germain,Manchester City,Paris Saint-Germain,ENG,FRA,2,0,2,0,1,0,,,Normal Time,H,2,2,0,1652.71,1603.71,114.0,88,86,2-0 (1-0),2020-21/cl.txt,226,abfaeddc2ee3d14f99ecc163c9ddb46cb4d67cef
UCL-2020-21-M-0124,UEFA Champions League,2020-21,2021-05-05,21:00,2021-05-05T21:00:00,Semifinals,semifinal,7,,,2,0,0,ucl-chelsea-fc,ucl-real-madrid,Chelsea FC,Real Madrid,Chelsea FC,Real Madrid,ENG,ESP,2,0,2,0,1,0,,,Normal Time,H,2,2,0,1586.05,1602.78,48.27,74,115,2-0 (1-0),2020-21/cl.txt,228,abfaeddc2ee3d14f99ecc163c9ddb46cb4d67cef
UCL-2020-21-M-0125,UEFA Champions League,2020-21,2021-05-29,21:00,2021-05-29T21:00:00,Final,final,8,,,single,0,1,ucl-manchester-city,ucl-chelsea-fc,Manchester City,Chelsea FC,Manchester City,Chelsea FC,ENG,ENG,0,1,0,1,0,1,,,Normal Time,A,1,-1,0,1659.54,1594.67,64.87,89,75,0-1 (0-1),2020-21/cl.txt,233,abfaeddc2ee3d14f99ecc163c9ddb46cb4d67cef
UCL-2021-22-M-0001,UEFA Champions League,2021-22,2021-09-14,18:45,2021-09-14T18:45:00,Group F,group_stage,3,,F,not_applicable,0,0,ucl-bsc-young-boys,ucl-manchester-united,BSC Young Boys,Manchester United,BSC Young Boys,Manchester United,SUI,ENG,2,1,2,1,0,1,,,Normal Time,H,3,1,1,1487.73,1517.14,35.59,6,54,2-1 (0-1),2021-22/cl.txt,116,abfaeddc2ee3d14f99ecc163c9ddb46cb4d67cef
UCL-2021-22-M-0002,UEFA Champions League,2021-22,2021-09-14,18:45,2021-09-14T18:45:00,Gruppe G,group_stage,3,,G,not_applicable,0,0,ucl-sevilla-fc,ucl-rb-salzburg,Sevilla FC,RB Salzburg,Sevilla FC,RB Salzburg,ESP,AUT,1,1,1,1,1,1,,,Normal Time,D,2,0,1,1525.34,1479.69,110.65,32,12,1-1 (1-1),2021-22/cl.txt,138,abfaeddc2ee3d14f99ecc163c9ddb46cb4d67cef
UCL-2021-22-M-0003,UEFA Champions League,2021-22,2021-09-14,21:00,2021-09-14T21:00:00,Group E,group_stage,3,,E,not_applicable,0,0,ucl-fc-barcelona,ucl-bayern-munich,FC Barcelona,Bayern Munich,FC Barcelona,Bayern München,ESP,GER,0,3,0,3,0,1,,,Normal Time,A,3,-3,0,1607.89,1656.27,16.62,106,113,0-3 (0-1),2021-22/cl.txt,95,abfaeddc2ee3d14f99ecc163c9ddb46cb4d67cef
UCL-2021-22-M-0004,UEFA Champions League,2021-22,2021-09-14,21:00,2021-09-14T21:00:00,Group E,group_stage,3,,E,not_applicable,0,0,ucl-dinamo-kiev,ucl-benfica,Dinamo Kiev,Benfica,Dinamo Kiev,SL Benfica,UKR,POR,0,0,0,0,,,,,Normal Time,D,0,0,0,1481.07,1475.9,70.17,26,64,0-0,2021-22/cl.txt,96,abfaeddc2ee3d14f99ecc163c9ddb46cb4d67cef
UCL-2021-22-M-0005,UEFA Champions League,2021-22,2021-09-14,21:00,2021-09-14T21:00:00,Group F,group_stage,3,,F,not_applicable,0,0,ucl-villarreal-cf,ucl-atalanta,Villarreal CF,Atalanta,Villarreal CF,Atalanta,ESP,ITA,2,2,2,2,1,1,,,Normal Time,D,4,0,1,1489.11,1511.29,42.83,6,17,2-2 (1-1),2021-22/cl.txt,117,abfaeddc2ee3d14f99ecc163c9ddb46cb4d67cef
UCL-2021-22-M-0006,UEFA Champions League,2021-22,2021-09-14,21:00,2021-09-14T21:00:00,Gruppe G,group_stage,3,,G,not_applicable,0,0,ucl-lille-osc,ucl-vfl-wolfsburg,Lille OSC,VfL Wolfsburg,Lille OSC,VfL Wolfsburg,FRA,GER,0,0,0,0,,,,,Normal Time,D,0,0,0,1460.84,1516.35,9.49,18,10,0-0,2021-22/cl.txt,139,abfaeddc2ee3d14f99ecc163c9ddb46cb4d67cef
UCL-2021-22-M-0007,UEFA Champions League,2021-22,2021-09-14,21:00,2021-09-14T21:00:00,Gruppe H,group_stage,3,,H,not_applicable,0,0,ucl-chelsea-fc,ucl-zenit-st-petersburg,Chelsea FC,Zenit St. Petersburg,Chelsea FC,Zenit St. Petersburg,ENG,RUS,1,0,1,0,0,0,,,Normal Time,H,1,1,0,1590.54,1453.99,201.55,76,48,1-0 (0-0),2021-22/cl.txt,159,abfaeddc2ee3d14f99ecc163c9ddb46cb4d67cef
UCL-2021-22-M-0008,UEFA Champions League,2021-22,2021-09-14,21:00,2021-09-14T21:00:00,Gruppe H,group_stage,3,,H,not_applicable,0,0,ucl-malmo-ff,ucl-juventus,Malmö FF,Juventus,Malmö FF,Juventus,SWE,ITA,0,3,0,3,0,3,,,Normal Time,A,3,-3,0,1479.94,1599.02,-54.08,12,86,0-3 (0-3),2021-22/cl.txt,160,abfaeddc2ee3d14f99ecc163c9ddb46cb4d67cef
UCL-2021-22-M-0009,UEFA Champions League,2021-22,2021-09-15,18:45,2021-09-15T18:45:00,Group C,group_stage,3,,C,not_applicable,0,0,ucl-besiktas,ucl-borussia-dortmund,Beşiktaş,Borussia Dortmund,Beşiktaş,Borussia Dortmund,TUR,GER,1,2,1,2,0,2,,,Normal Time,A,3,-1,1,1512.89,1531.39,46.5,14,79,1-2 (0-2),2021-22/cl.txt,53,abfaeddc2ee3d14f99ecc163c9ddb46cb4d67cef
UCL-2021-22-M-0010,UEFA Champions League,2021-22,2021-09-15,18:45,2021-09-15T18:45:00,Group D,group_stage,3,,D,not_applicable,0,0,ucl-fc-sheriff,ucl-shakhtar-donetsk,FC Sheriff,Shakhtar Donetsk,FC Sheriff,Shakhtar Donetsk,MDA,UKR,2,0,2,0,1,0,,,Normal Time,H,2,2,0,1500.0,1494.0,71.0,0,60,2-0 (1-0),2021-22/cl.txt,74,abfaeddc2ee3d14f99ecc163c9ddb46cb4d67cef
UCL-2021-22-M-0011,UEFA Champions League,2021-22,2021-09-15,21:00,2021-09-15T21:00:00,Group A,group_stage,3,,A,not_applicable,0,0,ucl-manchester-city,ucl-rb-leipzig,Manchester City,RB Leipzig,Manchester City,RB Leipzig,ENG,GER,6,3,6,3,3,1,,,Normal Time,H,9,3,1,1625.54,1529.06,161.49,90,24,6-3 (3-1),2021-22/cl.txt,11,abfaeddc2ee3d14f99ecc163c9ddb46cb4d67cef
UCL-2021-22-M-0012,UEFA Champions League,2021-22,2021-09-15,21:00,2021-09-15T21:00:00,Group A,group_stage,3,,A,not_applicable,0,0,ucl-club-brugge-kv,ucl-paris-saint-germain,Club Brugge KV,Paris Saint-Germain,Club Brugge KV,Paris Saint-Germain,BEL,FRA,1,1,1,1,1,1,,,Normal Time,D,2,0,1,1470.6,1582.35,-46.74,24,87,1-1 (1-1),2021-22/cl.txt,12,abfaeddc2ee3d14f99ecc163c9ddb46cb4d67cef
UCL-2021-22-M-0013,UEFA Champions League,2021-22,2021-09-15,21:00,2021-09-15T21:00:00,Group B,group_stage,3,,B,not_applicable,0,0,ucl-atletico-madrid,ucl-fc-porto,Atlético Madrid,FC Porto,Atlético Madrid,FC Porto,ESP,POR,0,0,0,0,,,,,Normal Time,D,0,0,0,1536.35,1550.62,50.73,79,72,0-0,2021-22/cl.txt,32,abfaeddc2ee3d14f99ecc163c9ddb46cb4d67cef
UCL-2021-22-M-0014,UEFA Champions League,2021-22,2021-09-15,21:00,2021-09-15T21:00:00,Group B,group_stage,3,,B,not_applicable,0,0,ucl-liverpool-fc,ucl-ac-milan,Liverpool FC,AC Milan,Liverpool FC,AC Milan,ENG,ITA,3,2,3,2,1,2,,,Normal Time,H,5,1,1,1583.83,1498.74,150.09,50,26,3-2 (1-2),2021-22/cl.txt,33,abfaeddc2ee3d14f99ecc163c9ddb46cb4d67cef
UCL-2021-22-M-0015,UEFA Champions League,2021-22,2021-09-15,21:00,2021-09-15T21:00:00,Group C,group_stage,3,,C,not_applicable,0,0,ucl-sporting-cp,ucl-afc-ajax,Sporting CP,AFC Ajax,Sporting CP,AFC Ajax,POR,NED,1,5,1,5,1,3,,,Normal Time,A,6,-4,1,1487.79,1519.08,33.71,18,48,1-5 (1-3),2021-22/cl.txt,54,abfaeddc2ee3d14f99ecc163c9ddb46cb4d67cef
UCL-2021-22-M-0016,UEFA Champions League,2021-22,2021-09-15,21:00,2021-09-15T21:00:00,Group D,group_stage,3,,D,not_applicable,0,0,ucl-inter-milan,ucl-real-madrid,Inter Milan,Real Madrid,Inter,Real Madrid,ITA,ESP,0,1,0,1,0,0,,,Normal Time,A,1,-1,0,1496.74,1580.04,-18.29,26,116,0-1 (0-0),2021-22/cl.txt,75,abfaeddc2ee3d14f99ecc163c9ddb46cb4d67cef
UCL-2021-22-M-0017,UEFA Champions League,2021-22,2021-09-28,18:45,2021-09-28T18:45:00,Group C,group_stage,3,,C,not_applicable,0,0,ucl-afc-ajax,ucl-besiktas,AFC Ajax,Beşiktaş,AFC Ajax,Beşiktaş,NED,TUR,2,0,2,0,2,0,,,Normal Time,H,2,2,0,1530.05,1501.56,93.48,49,15,2-0 (2-0),2021-22/cl.txt,56,abfaeddc2ee3d14f99ecc163c9ddb46cb4d67cef
UCL-2021-22-M-0018,UEFA Champions League,2021-22,2021-09-28,18:45,2021-09-28T18:45:00,Group D,group_stage,3,,D,not_applicable,0,0,ucl-shakhtar-donetsk,ucl-inter-milan,Shakhtar Donetsk,Inter Milan,Shakhtar Donetsk,Inter,UKR,ITA,0,0,0,0,,,,,Normal Time,D,0,0,0,1486.02,1487.27,63.75,61,27,0-0,2021-22/cl.txt,77,abfaeddc2ee3d14f99ecc163c9ddb46cb4d67cef
UCL-2021-22-M-0019,UEFA Champions League,2021-22,2021-09-28,21:00,2021-09-28T21:00:00,Group A,group_stage,3,,A,not_applicable,0,0,ucl-paris-saint-germain,ucl-manchester-city,Paris Saint-Germain,Manchester City,Paris Saint-Germain,Manchester City,FRA,ENG,2,0,2,0,1,0,,,Normal Time,H,2,2,0,1581.01,1631.2,14.81,88,91,2-0 (1-0),2021-22/cl.txt,14,abfaeddc2ee3d14f99ecc163c9ddb46cb4d67cef
UCL-2021-22-M-0020,UEFA Champions League,2021-22,2021-09-28,21:00,2021-09-28T21:00:00,Group A,group_stage,3,,A,not_applicable,0,0,ucl-rb-leipzig,ucl-club-brugge-kv,RB Leipzig,Club Brugge KV,RB Leipzig,Club Brugge KV,GER,BEL,1,2,1,2,1,2,,,Normal Time,A,3,-1,1,1523.4,1471.94,116.46,25,25,1-2 (1-2),2021-22/cl.txt,15,abfaeddc2ee3d14f99ecc163c9ddb46cb4d67cef
UCL-2021-22-M-0021,UEFA Champions League,2021-22,2021-09-28,21:00,2021-09-28T21:00:00,Group B,group_stage,3,,B,not_applicable,0,0,ucl-fc-porto,ucl-liverpool-fc,FC Porto,Liverpool FC,FC Porto,Liverpool FC,POR,ENG,1,5,1,5,0,2,,,Normal Time,A,6,-4,1,1552.07,1589.76,27.31,73,51,1-5 (0-2),2021-22/cl.txt,35,abfaeddc2ee3d14f99ecc163c9ddb46cb4d67cef
UCL-2021-22-M-0022,UEFA Champions League,2021-22,2021-09-28,21:00,2021-09-28T21:00:00,Group B,group_stage,3,,B,not_applicable,0,0,ucl-ac-milan,ucl-atletico-madrid,AC Milan,Atlético Madrid,AC Milan,Atlético Madrid,ITA,ESP,1,2,1,2,1,0,,,Normal Time,A,3,-1,1,1492.81,1534.9,22.91,27,80,1-2 (1-0),2021-22/cl.txt,36,abfaeddc2ee3d14f99ecc163c9ddb46cb4d67cef
UCL-2021-22-M-0023,UEFA Champions League,2021-22,2021-09-28,21:00,2021-09-28T21:00:00,Group C,group_stage,3,,C,not_applicable,0,0,ucl-borussia-dortmund,ucl-sporting-cp,Borussia Dortmund,Sporting CP,Borussia Dortmund,Sporting CP,GER,POR,1,0,1,0,1,0,,,Normal Time,H,1,1,0,1542.72,1476.82,130.9,80,19,1-0 (1-0),2021-22/cl.txt,57,abfaeddc2ee3d14f99ecc163c9ddb46cb4d67cef
UCL-2021-22-M-0024,UEFA Champions League,2021-22,2021-09-28,21:00,2021-09-28T21:00:00,Group D,group_stage,3,,D,not_applicable,0,0,ucl-real-madrid,ucl-fc-sheriff,Real Madrid,FC Sheriff,Real Madrid,FC Sheriff,ESP,MDA,1,2,1,2,0,1,,,Normal Time,A,3,-1,1,1589.51,1507.98,146.52,117,1,1-2 (0-1),2021-22/cl.txt,78,abfaeddc2ee3d14f99ecc163c9ddb46cb4d67cef
UCL-2021-22-M-0025,UEFA Champions League,2021-22,2021-09-29,18:45,2021-09-29T18:45:00,Group F,group_stage,3,,F,not_applicable,0,0,ucl-atalanta,ucl-bsc-young-boys,Atalanta,BSC Young Boys,Atalanta,BSC Young Boys,ITA,SUI,1,0,1,0,0,0,,,Normal Time,H,1,1,0,1512.51,1496.71,80.8,18,7,1-0 (0-0),2021-22/cl.txt,119,abfaeddc2ee3d14f99ecc163c9ddb46cb4d67cef
UCL-2021-22-M-0026,UEFA Champions League,2021-22,2021-09-29,18:45,2021-09-29T18:45:00,Gruppe H,group_stage,3,,H,not_applicable,0,0,ucl-zenit-st-petersburg,ucl-malmo-ff,Zenit St. Petersburg,Malmö FF,Zenit St. Petersburg,Malmö FF,RUS,SWE,4,0,4,0,1,0,,,Normal Time,H,4,4,0,1449.21,1471.49,42.73,49,13,4-0 (1-0),2021-22/cl.txt,162,abfaeddc2ee3d14f99ecc163c9ddb46cb4d67cef
UCL-2021-22-M-0027,UEFA Champions League,2021-22,2021-09-29,21:00,2021-09-29T21:00:00,Group E,group_stage,3,,E,not_applicable,0,0,ucl-benfica,ucl-fc-barcelona,Benfica,FC Barcelona,SL Benfica,FC Barcelona,POR,ESP,3,0,3,0,1,0,,,Normal Time,H,3,3,0,1477.89,1597.41,-54.52,65,107,3-0 (1-0),2021-22/cl.txt,98,abfaeddc2ee3d14f99ecc163c9ddb46cb4d67cef
UCL-2021-22-M-0028,UEFA Champions League,2021-22,2021-09-29,21:00,2021-09-29T21:00:00,Group E,group_stage,3,,E,not_applicable,0,0,ucl-bayern-munich,ucl-dinamo-kiev,Bayern Munich,Dinamo Kiev,Bayern München,Dinamo Kiev,GER,UKR,5,0,5,0,2,0,,,Normal Time,H,5,5,0,1666.75,1479.08,252.67,114,27,5-0 (2-0),2021-22/cl.txt,99,abfaeddc2ee3d14f99ecc163c9ddb46cb4d67cef
UCL-2021-22-M-0029,UEFA Champions League,2021-22,2021-09-29,21:00,2021-09-29T21:00:00,Group F,group_stage,3,,F,not_applicable,0,0,ucl-manchester-united,ucl-villarreal-cf,Manchester United,Villarreal CF,Manchester United,Villarreal CF,ENG,ESP,2,1,2,1,0,0,,,Normal Time,H,3,1,1,1508.16,1487.89,85.28,55,7,2-1 (0-0),2021-22/cl.txt,120,abfaeddc2ee3d14f99ecc163c9ddb46cb4d67cef
UCL-2021-22-M-0030,UEFA Champions League,2021-22,2021-09-29,21:00,2021-09-29T21:00:00,Gruppe G,group_stage,3,,G,not_applicable,0,0,ucl-rb-salzburg,ucl-lille-osc,RB Salzburg,Lille OSC,RB Salzburg,Lille OSC,AUT,FRA,2,1,2,1,1,0,,,Normal Time,H,3,1,1,1482.77,1460.57,87.2,13,19,2-1 (1-0),2021-22/cl.txt,141,abfaeddc2ee3d14f99ecc163c9ddb46cb4d67cef
UCL-2021-22-M-0031,UEFA Champions League,2021-22,2021-09-29,21:00,2021-09-29T21:00:00,Gruppe G,group_stage,3,,G,not_applicable,0,0,ucl-vfl-wolfsburg,ucl-sevilla-fc,VfL Wolfsburg,Sevilla FC,VfL Wolfsburg,Sevilla FC,GER,ESP,1,1,1,1,0,0,,,Normal Time,D,2,0,1,1516.62,1522.26,59.36,11,33,1-1 (0-0),2021-22/cl.txt,142,abfaeddc2ee3d14f99ecc163c9ddb46cb4d67cef
UCL-2021-22-M-0032,UEFA Champions League,2021-22,2021-09-29,21:00,2021-09-29T21:00:00,Gruppe H,group_stage,3,,H,not_applicable,0,0,ucl-juventus,ucl-chelsea-fc,Juventus,Chelsea FC,Juventus,Chelsea FC,ITA,ENG,1,0,1,0,0,0,,,Normal Time,H,1,1,0,1607.48,1595.31,77.17,87,77,1-0 (0-0),2021-22/cl.txt,163,abfaeddc2ee3d14f99ecc163c9ddb46cb4d67cef
UCL-2021-22-M-0033,UEFA Champions League,2021-22,2021-10-19,18:45,2021-10-19T18:45:00,Group A,group_stage,3,,A,not_applicable,0,0,ucl-club-brugge-kv,ucl-manchester-city,Club Brugge KV,Manchester City,Club Brugge KV,Manchester City,BEL,ENG,1,5,1,5,0,2,,,Normal Time,A,6,-4,1,1485.17,1621.63,-71.46,26,92,1-5 (0-2),2021-22/cl.txt,17,abfaeddc2ee3d14f99ecc163c9ddb46cb4d67cef
UCL-2021-22-M-0034,UEFA Champions League,2021-22,2021-10-19,18:45,2021-10-19T18:45:00,Group C,group_stage,3,,C,not_applicable,0,0,ucl-besiktas,ucl-sporting-cp,Beşiktaş,Sporting CP,Beşiktaş,Sporting CP,TUR,POR,1,4,1,4,1,3,,,Normal Time,A,5,-3,1,1494.19,1470.42,88.77,16,20,1-4 (1-3),2021-22/cl.txt,59,abfaeddc2ee3d14f99ecc163c9ddb46cb4d67cef
UCL-2021-22-M-0035,UEFA Champions League,2021-22,2021-10-19,21:00,2021-10-19T21:00:00,Group A,group_stage,3,,A,not_applicable,0,0,ucl-paris-saint-germain,ucl-rb-leipzig,Paris Saint-Germain,RB Leipzig,Paris Saint-Germain,RB Leipzig,FRA,GER,3,2,3,2,1,1,,,Normal Time,H,5,1,1,1590.58,1510.17,145.42,89,26,3-2 (1-1),2021-22/cl.txt,18,abfaeddc2ee3d14f99ecc163c9ddb46cb4d67cef
UCL-2021-22-M-0036,UEFA Champions League,2021-22,2021-10-19,21:00,2021-10-19T21:00:00,Group B,group_stage,3,,B,not_applicable,0,0,ucl-atletico-madrid,ucl-liverpool-fc,Atlético Madrid,Liverpool FC,Atlético Madrid,Liverpool FC,ESP,ENG,2,3,2,3,2,2,,,Normal Time,A,5,-1,1,1545.56,1600.54,10.02,81,52,2-3 (2-2),2021-22/cl.txt,38,abfaeddc2ee3d14f99ecc163c9ddb46cb4d67cef
UCL-2021-22-M-0037,UEFA Champions League,2021-22,2021-10-19,21:00,2021-10-19T21:00:00,Group B,group_stage,3,,B,not_applicable,0,0,ucl-fc-porto,ucl-ac-milan,FC Porto,AC Milan,FC Porto,AC Milan,POR,ITA,1,0,1,0,0,0,,,Normal Time,H,1,1,0,1541.28,1482.15,124.13,74,28,1-0 (0-0),2021-22/cl.txt,39,abfaeddc2ee3d14f99ecc163c9ddb46cb4d67cef
UCL-2021-22-M-0038,UEFA Champions League,2021-22,2021-10-19,21:00,2021-10-19T21:00:00,Group C,group_stage,3,,C,not_applicable,0,0,ucl-afc-ajax,ucl-borussia-dortmund,AFC Ajax,Borussia Dortmund,AFC Ajax,Borussia Dortmund,NED,GER,4,0,4,0,2,0,,,Normal Time,H,4,4,0,1537.42,1549.12,53.3,50,81,4-0 (2-0),2021-22/cl.txt,60,abfaeddc2ee3d14f99ecc163c9ddb46cb4d67cef
UCL-2021-22-M-0039,UEFA Champions League,2021-22,2021-10-19,21:00,2021-10-19T21:00:00,Group D,group_stage,3,,D,not_applicable,0,0,ucl-shakhtar-donetsk,ucl-real-madrid,Shakhtar Donetsk,Real Madrid,Shakhtar Donetsk,Real Madrid,UKR,ESP,0,5,0,5,0,1,,,Normal Time,A,5,-5,0,1484.2,1575.53,-26.32,62,118,0-5 (0-1),2021-22/cl.txt,80,abfaeddc2ee3d14f99ecc163c9ddb46cb4d67cef
UCL-2021-22-M-0040,UEFA Champions League,2021-22,2021-10-19,21:00,2021-10-19T21:00:00,Group D,group_stage,3,,D,not_applicable,0,0,ucl-inter-milan,ucl-fc-sheriff,Inter Milan,FC Sheriff,Inter,FC Sheriff,ITA,MDA,3,1,3,1,1,0,,,Normal Time,H,4,2,1,1489.08,1521.97,32.12,28,2,3-1 (1-0),2021-22/cl.txt,81,abfaeddc2ee3d14f99ecc163c9ddb46cb4d67cef
UCL-2021-22-M-0041,UEFA Champions League,2021-22,2021-10-20,18:45,2021-10-20T18:45:00,Group E,group_stage,3,,E,not_applicable,0,0,ucl-fc-barcelona,ucl-dinamo-kiev,FC Barcelona,Dinamo Kiev,FC Barcelona,Dinamo Kiev,ESP,UKR,1,0,1,0,1,0,,,Normal Time,H,1,1,0,1585.85,1475.29,175.56,108,28,1-0 (1-0),2021-22/cl.txt,101,abfaeddc2ee3d14f99ecc163c9ddb46cb4d67cef
UCL-2021-22-M-0042,UEFA Champions League,2021-22,2021-10-20,18:45,2021-10-20T18:45:00,Gruppe G,group_stage,3,,G,not_applicable,0,0,ucl-rb-salzburg,ucl-vfl-wolfsburg,RB Salzburg,VfL Wolfsburg,RB Salzburg,VfL Wolfsburg,AUT,GER,3,1,3,1,1,1,,,Normal Time,H,4,2,1,1490.31,1514.93,40.38,14,12,3-1 (1-1),2021-22/cl.txt,144,abfaeddc2ee3d14f99ecc163c9ddb46cb4d67cef
UCL-2021-22-M-0043,UEFA Champions League,2021-22,2021-10-20,21:00,2021-10-20T21:00:00,Group E,group_stage,3,,E,not_applicable,0,0,ucl-benfica,ucl-bayern-munich,Benfica,Bayern Munich,SL Benfica,Bayern München,POR,GER,0,4,0,4,0,0,,,Normal Time,A,4,-4,0,1489.45,1670.53,-116.09,66,115,0-4 (0-0),2021-22/cl.txt,102,abfaeddc2ee3d14f99ecc163c9ddb46cb4d67cef
UCL-2021-22-M-0044,UEFA Champions League,2021-22,2021-10-20,21:00,2021-10-20T21:00:00,Group F,group_stage,3,,F,not_applicable,0,0,ucl-manchester-united,ucl-atalanta,Manchester United,Atalanta,Manchester United,Atalanta,ENG,ITA,3,2,3,2,0,2,,,Normal Time,H,5,1,1,1515.76,1520.23,60.53,56,19,3-2 (0-2),2021-22/cl.txt,122,abfaeddc2ee3d14f99ecc163c9ddb46cb4d67cef
UCL-2021-22-M-0045,UEFA Champions League,2021-22,2021-10-20,21:00,2021-10-20T21:00:00,Group F,group_stage,3,,F,not_applicable,0,0,ucl-bsc-young-boys,ucl-villarreal-cf,BSC Young Boys,Villarreal CF,BSC Young Boys,Villarreal CF,SUI,ESP,1,4,1,4,0,2,,,Normal Time,A,5,-3,1,1489.0,1480.29,73.71,8,8,1-4 (0-2),2021-22/cl.txt,123,abfaeddc2ee3d14f99ecc163c9ddb46cb4d67cef
UCL-2021-22-M-0046,UEFA Champions League,2021-22,2021-10-20,21:00,2021-10-20T21:00:00,Gruppe G,group_stage,3,,G,not_applicable,0,0,ucl-lille-osc,ucl-sevilla-fc,Lille OSC,Sevilla FC,Lille OSC,Sevilla FC,FRA,ESP,0,0,0,0,,,,,Normal Time,D,0,0,0,1453.03,1523.95,-5.92,20,34,0-0,2021-22/cl.txt,145,abfaeddc2ee3d14f99ecc163c9ddb46cb4d67cef
UCL-2021-22-M-0047,UEFA Champions League,2021-22,2021-10-20,21:00,2021-10-20T21:00:00,Gruppe H,group_stage,3,,H,not_applicable,0,0,ucl-zenit-st-petersburg,ucl-juventus,Zenit St. Petersburg,Juventus,Zenit St. Petersburg,Juventus,RUS,ITA,0,1,0,1,0,0,,,Normal Time,A,1,-1,0,1457.99,1615.29,-92.3,50,88,0-1 (0-0),2021-22/cl.txt,165,abfaeddc2ee3d14f99ecc163c9ddb46cb4d67cef
UCL-2021-22-M-0048,UEFA Champions League,2021-22,2021-10-20,21:00,2021-10-20T21:00:00,Gruppe H,group_stage,3,,H,not_applicable,0,0,ucl-chelsea-fc,ucl-malmo-ff,Chelsea FC,Malmö FF,Chelsea FC,Malmö FF,ENG,SWE,4,0,4,0,2,0,,,Normal Time,H,4,4,0,1587.5,1462.71,189.79,78,14,4-0 (2-0),2021-22/cl.txt,166,abfaeddc2ee3d14f99ecc163c9ddb46cb4d67cef
UCL-2021-22-M-0049,UEFA Champions League,2021-22,2021-11-02,18:45,2021-11-02T18:45:00,Gruppe G,group_stage,3,,G,not_applicable,0,0,ucl-vfl-wolfsburg,ucl-rb-salzburg,VfL Wolfsburg,RB Salzburg,VfL Wolfsburg,RB Salzburg,GER,AUT,2,1,2,1,1,1,,,Normal Time,H,3,1,1,1506.09,1499.16,71.93,13,15,2-1 (1-1),2021-22/cl.txt,147,abfaeddc2ee3d14f99ecc163c9ddb46cb4d67cef
UCL-2021-22-M-0050,UEFA Champions League,2021-22,2021-11-02,18:45,2021-11-02T18:45:00,Gruppe H,group_stage,3,,H,not_applicable,0,0,ucl-malmo-ff,ucl-chelsea-fc,Malmö FF,Chelsea FC,Malmö FF,Chelsea FC,SWE,ENG,0,1,0,1,0,0,,,Normal Time,A,1,-1,0,1457.69,1592.52,-69.83,15,79,0-1 (0-0),2021-22/cl.txt,168,abfaeddc2ee3d14f99ecc163c9ddb46cb4d67cef
UCL-2021-22-M-0051,UEFA Champions League,2021-22,2021-11-02,21:00,2021-11-02T21:00:00,Group E,group_stage,3,,E,not_applicable,0,0,ucl-bayern-munich,ucl-benfica,Bayern Munich,Benfica,Bayern München,SL Benfica,GER,POR,5,2,5,2,2,1,,,Normal Time,H,7,3,1,1677.31,1482.67,259.64,116,67,5-2 (2-1),2021-22/cl.txt,104,abfaeddc2ee3d14f99ecc163c9ddb46cb4d67cef
UCL-2021-22-M-0052,UEFA Champions League,2021-22,2021-11-02,21:00,2021-11-02T21:00:00,Group E,group_stage,3,,E,not_applicable,0,0,ucl-dinamo-kiev,ucl-fc-barcelona,Dinamo Kiev,FC Barcelona,Dinamo Kiev,FC Barcelona,UKR,ESP,0,1,0,1,0,0,,,Normal Time,A,1,-1,0,1469.96,1591.19,-56.23,29,109,0-1 (0-0),2021-22/cl.txt,105,abfaeddc2ee3d14f99ecc163c9ddb46cb4d67cef
UCL-2021-22-M-0053,UEFA Champions League,2021-22,2021-11-02,21:00,2021-11-02T21:00:00,Group F,group_stage,3,,F,not_applicable,0,0,ucl-atalanta,ucl-manchester-united,Atalanta,Manchester United,Atalanta,Manchester United,ITA,ENG,2,2,2,2,1,1,,,Normal Time,D,4,0,1,1511.95,1524.03,52.92,20,57,2-2 (1-1),2021-22/cl.txt,125,abfaeddc2ee3d14f99ecc163c9ddb46cb4d67cef
UCL-2021-22-M-0054,UEFA Champions League,2021-22,2021-11-02,21:00,2021-11-02T21:00:00,Group F,group_stage,3,,F,not_applicable,0,0,ucl-villarreal-cf,ucl-bsc-young-boys,Villarreal CF,BSC Young Boys,Villarreal CF,BSC Young Boys,ESP,SUI,2,0,2,0,1,0,,,Normal Time,H,2,2,0,1492.38,1476.91,80.47,9,9,2-0 (1-0),2021-22/cl.txt,126,abfaeddc2ee3d14f99ecc163c9ddb46cb4d67cef
UCL-2021-22-M-0055,UEFA Champions League,2021-22,2021-11-02,21:00,2021-11-02T21:00:00,Gruppe G,group_stage,3,,G,not_applicable,0,0,ucl-sevilla-fc,ucl-lille-osc,Sevilla FC,Lille OSC,Sevilla FC,Lille OSC,ESP,FRA,1,2,1,2,1,1,,,Normal Time,A,3,-1,1,1523.78,1453.2,135.58,35,21,1-2 (1-1),2021-22/cl.txt,148,abfaeddc2ee3d14f99ecc163c9ddb46cb4d67cef
UCL-2021-22-M-0056,UEFA Champions League,2021-22,2021-11-02,21:00,2021-11-02T21:00:00,Gruppe H,group_stage,3,,H,not_applicable,0,0,ucl-juventus,ucl-zenit-st-petersburg,Juventus,Zenit St. Petersburg,Juventus,Zenit St. Petersburg,ITA,RUS,4,2,4,2,1,1,,,Normal Time,H,6,2,1,1622.7,1450.59,237.11,89,51,4-2 (1-1),2021-22/cl.txt,169,abfaeddc2ee3d14f99ecc163c9ddb46cb4d67cef
UCL-2021-22-M-0057,UEFA Champions League,2021-22,2021-11-03,18:45,2021-11-03T18:45:00,Group B,group_stage,3,,B,not_applicable,0,0,ucl-ac-milan,ucl-fc-porto,AC Milan,FC Porto,AC Milan,FC Porto,ITA,POR,1,1,1,1,0,1,,,Normal Time,D,2,0,1,1475.58,1547.86,-7.28,29,75,1-1 (0-1),2021-22/cl.txt,41,abfaeddc2ee3d14f99ecc163c9ddb46cb4d67cef
UCL-2021-22-M-0058,UEFA Champions League,2021-22,2021-11-03,18:45,2021-11-03T18:45:00,Group D,group_stage,3,,D,not_applicable,0,0,ucl-real-madrid,ucl-shakhtar-donetsk,Real Madrid,Shakhtar Donetsk,Real Madrid,Shakhtar Donetsk,ESP,UKR,2,1,2,1,1,1,,,Normal Time,H,3,1,1,1584.77,1474.96,174.81,119,63,2-1 (1-1),2021-22/cl.txt,83,abfaeddc2ee3d14f99ecc163c9ddb46cb4d67cef
UCL-2021-22-M-0059,UEFA Champions League,2021-22,2021-11-03,21:00,2021-11-03T21:00:00,Group A,group_stage,3,,A,not_applicable,0,0,ucl-rb-leipzig,ucl-paris-saint-germain,RB Leipzig,Paris Saint-Germain,RB Leipzig,Paris Saint-Germain,GER,FRA,2,2,2,2,1,2,,,Normal Time,D,4,0,1,1504.12,1596.63,-27.5,27,90,2-2 (1-2),2021-22/cl.txt,20,abfaeddc2ee3d14f99ecc163c9ddb46cb4d67cef
UCL-2021-22-M-0060,UEFA Champions League,2021-22,2021-11-03,21:00,2021-11-03T21:00:00,Group A,group_stage,3,,A,not_applicable,0,0,ucl-manchester-city,ucl-club-brugge-kv,Manchester City,Club Brugge KV,Manchester City,Club Brugge KV,ENG,BEL,4,1,4,1,1,1,,,Normal Time,H,5,3,1,1629.6,1477.2,217.4,93,27,4-1 (1-1),2021-22/cl.txt,21,abfaeddc2ee3d14f99ecc163c9ddb46cb4d67cef
UCL-2021-22-M-0061,UEFA Champions League,2021-22,2021-11-03,21:00,2021-11-03T21:00:00,Group B,group_stage,3,,B,not_applicable,0,0,ucl-liverpool-fc,ucl-atletico-madrid,Liverpool FC,Atlético Madrid,Liverpool FC,Atlético Madrid,ENG,ESP,2,0,2,0,2,0,,,Normal Time,H,2,2,0,1610.83,1535.27,140.56,53,82,2-0 (2-0),2021-22/cl.txt,42,abfaeddc2ee3d14f99ecc163c9ddb46cb4d67cef
UCL-2021-22-M-0062,UEFA Champions League,2021-22,2021-11-03,21:00,2021-11-03T21:00:00,Group C,group_stage,3,,C,not_applicable,0,0,ucl-borussia-dortmund,ucl-afc-ajax,Borussia Dortmund,AFC Ajax,Borussia Dortmund,AFC Ajax,GER,NED,1,3,1,3,1,0,,,Normal Time,A,4,-2,1,1540.64,1545.9,59.75,82,51,1-3 (1-0),2021-22/cl.txt,62,abfaeddc2ee3d14f99ecc163c9ddb46cb4d67cef
UCL-2021-22-M-0063,UEFA Champions League,2021-22,2021-11-03,21:00,2021-11-03T21:00:00,Group C,group_stage,3,,C,not_applicable,0,0,ucl-sporting-cp,ucl-besiktas,Sporting CP,Beşiktaş,Sporting CP,Beşiktaş,POR,TUR,4,0,4,0,3,0,,,Normal Time,H,4,4,0,1482.92,1481.69,66.24,21,17,4-0 (3-0),2021-22/cl.txt,63,abfaeddc2ee3d14f99ecc163c9ddb46cb4d67cef
UCL-2021-22-M-0064,UEFA Champions League,2021-22,2021-11-03,21:00,2021-11-03T21:00:00,Group D,group_stage,3,,D,not_applicable,0,0,ucl-fc-sheriff,ucl-inter-milan,FC Sheriff,Inter Milan,FC Sheriff,Inter,MDA,ITA,1,3,1,3,0,0,,,Normal Time,A,4,-2,1,1512.89,1498.16,79.73,3,29,1-3 (0-0),2021-22/cl.txt,84,abfaeddc2ee3d14f99ecc163c9ddb46cb4d67cef
UCL-2021-22-M-0065,UEFA Champions League,2021-22,2021-11-23,18:45,2021-11-23T18:45:00,Group E,group_stage,3,,E,not_applicable,0,0,ucl-dinamo-kiev,ucl-bayern-munich,Dinamo Kiev,Bayern Munich,Dinamo Kiev,Bayern München,UKR,GER,1,2,1,2,0,2,,,Normal Time,A,3,-1,1,1461.56,1680.98,-154.42,30,117,1-2 (0-2),2021-22/cl.txt,107,abfaeddc2ee3d14f99ecc163c9ddb46cb4d67cef
UCL-2021-22-M-0066,UEFA Champions League,2021-22,2021-11-23,18:45,2021-11-23T18:45:00,Group F,group_stage,3,,F,not_applicable,0,0,ucl-villarreal-cf,ucl-manchester-united,Villarreal CF,Manchester United,Villarreal CF,Manchester United,ESP,ENG,0,2,0,2,0,0,,,Normal Time,A,2,-2,0,1500.11,1525.54,39.56,10,58,0-2 (0-0),2021-22/cl.txt,128,abfaeddc2ee3d14f99ecc163c9ddb46cb4d67cef
UCL-2021-22-M-0067,UEFA Champions League,2021-22,2021-11-23,21:00,2021-11-23T21:00:00,Group E,group_stage,3,,E,not_applicable,0,0,ucl-fc-barcelona,ucl-benfica,FC Barcelona,Benfica,FC Barcelona,SL Benfica,ESP,POR,0,0,0,0,,,,,Normal Time,D,0,0,0,1599.59,1479.0,185.58,110,68,0-0,2021-22/cl.txt,108,abfaeddc2ee3d14f99ecc163c9ddb46cb4d67cef
UCL-2021-22-M-0068,UEFA Champions League,2021-22,2021-11-23,21:00,2021-11-23T21:00:00,Group F,group_stage,3,,F,not_applicable,0,0,ucl-bsc-young-boys,ucl-atalanta,BSC Young Boys,Atalanta,BSC Young Boys,Atalanta,SUI,ITA,3,3,3,3,1,1,,,Normal Time,D,6,0,1,1469.18,1510.44,23.74,10,21,3-3 (1-1),2021-22/cl.txt,129,abfaeddc2ee3d14f99ecc163c9ddb46cb4d67cef
UCL-2021-22-M-0069,UEFA Champions League,2021-22,2021-11-23,21:00,2021-11-23T21:00:00,Gruppe G,group_stage,3,,G,not_applicable,0,0,ucl-lille-osc,ucl-rb-salzburg,Lille OSC,RB Salzburg,Lille OSC,RB Salzburg,FRA,AUT,1,0,1,0,1,0,,,Normal Time,H,1,1,0,1466.91,1491.2,40.72,22,16,1-0 (1-0),2021-22/cl.txt,150,abfaeddc2ee3d14f99ecc163c9ddb46cb4d67cef
UCL-2021-22-M-0070,UEFA Champions League,2021-22,2021-11-23,21:00,2021-11-23T21:00:00,Gruppe G,group_stage,3,,G,not_applicable,0,0,ucl-sevilla-fc,ucl-vfl-wolfsburg,Sevilla FC,VfL Wolfsburg,Sevilla FC,VfL Wolfsburg,ESP,GER,2,0,2,0,1,0,,,Normal Time,H,2,2,0,1510.06,1514.05,61.02,36,14,2-0 (1-0),2021-22/cl.txt,151,abfaeddc2ee3d14f99ecc163c9ddb46cb4d67cef
UCL-2021-22-M-0071,UEFA Champions League,2021-22,2021-11-23,21:00,2021-11-23T21:00:00,Gruppe H,group_stage,3,,H,not_applicable,0,0,ucl-chelsea-fc,ucl-juventus,Chelsea FC,Juventus,Chelsea FC,Juventus,ENG,ITA,4,0,4,0,1,0,,,Normal Time,H,4,4,0,1600.54,1626.77,38.77,80,90,4-0 (1-0),2021-22/cl.txt,171,abfaeddc2ee3d14f99ecc163c9ddb46cb4d67cef
UCL-2021-22-M-0072,UEFA Champions League,2021-22,2021-11-23,21:00,2021-11-23T21:00:00,Gruppe H,group_stage,3,,H,not_applicable,0,0,ucl-malmo-ff,ucl-zenit-st-petersburg,Malmö FF,Zenit St. Petersburg,Malmö FF,Zenit St. Petersburg,SWE,RUS,1,1,1,1,1,0,,,Normal Time,D,2,0,1,1449.67,1446.52,68.15,16,52,1-1 (1-0),2021-22/cl.txt,172,abfaeddc2ee3d14f99ecc163c9ddb46cb4d67cef
UCL-2021-22-M-0073,UEFA Champions League,2021-22,2021-11-24,18:45,2021-11-24T18:45:00,Group C,group_stage,3,,C,not_applicable,0,0,ucl-besiktas,ucl-afc-ajax,Beşiktaş,AFC Ajax,Beşiktaş,AFC Ajax,TUR,NED,1,2,1,2,1,0,,,Normal Time,A,3,-1,1,1473.57,1557.6,-19.03,18,52,1-2 (1-0),2021-22/cl.txt,65,abfaeddc2ee3d14f99ecc163c9ddb46cb4d67cef
UCL-2021-22-M-0074,UEFA Champions League,2021-22,2021-11-24,18:45,2021-11-24T18:45:00,Group D,group_stage,3,,D,not_applicable,0,0,ucl-inter-milan,ucl-shakhtar-donetsk,Inter Milan,Shakhtar Donetsk,Inter,Shakhtar Donetsk,ITA,UKR,2,0,2,0,0,0,,,Normal Time,H,2,2,0,1510.42,1469.6,105.81,30,64,2-0 (0-0),2021-22/cl.txt,86,abfaeddc2ee3d14f99ecc163c9ddb46cb4d67cef
UCL-2021-22-M-0075,UEFA Champions League,2021-22,2021-11-24,21:00,2021-11-24T21:00:00,Group A,group_stage,3,,A,not_applicable,0,0,ucl-manchester-city,ucl-paris-saint-germain,Manchester City,Paris Saint-Germain,Manchester City,Paris Saint-Germain,ENG,FRA,2,1,2,1,0,0,,,Normal Time,H,3,1,1,1634.05,1595.84,103.21,94,91,2-1 (0-0),2021-22/cl.txt,23,abfaeddc2ee3d14f99ecc163c9ddb46cb4d67cef
UCL-2021-22-M-0076,UEFA Champions League,2021-22,2021-11-24,21:00,2021-11-24T21:00:00,Group A,group_stage,3,,A,not_applicable,0,0,ucl-club-brugge-kv,ucl-rb-leipzig,Club Brugge KV,RB Leipzig,Club Brugge KV,RB Leipzig,BEL,GER,0,5,0,5,0,4,,,Normal Time,A,5,-5,0,1472.75,1504.91,32.84,28,28,0-5 (0-4),2021-22/cl.txt,24,abfaeddc2ee3d14f99ecc163c9ddb46cb4d67cef
UCL-2021-22-M-0077,UEFA Champions League,2021-22,2021-11-24,21:00,2021-11-24T21:00:00,Group B,group_stage,3,,B,not_applicable,0,0,ucl-liverpool-fc,ucl-fc-porto,Liverpool FC,FC Porto,Liverpool FC,FC Porto,ENG,POR,2,0,2,0,0,0,,,Normal Time,H,2,2,0,1616.99,1547.65,134.35,54,76,2-0 (0-0),2021-22/cl.txt,44,abfaeddc2ee3d14f99ecc163c9ddb46cb4d67cef
UCL-2021-22-M-0078,UEFA Champions League,2021-22,2021-11-24,21:00,2021-11-24T21:00:00,Group B,group_stage,3,,B,not_applicable,0,0,ucl-atletico-madrid,ucl-ac-milan,Atlético Madrid,AC Milan,Atlético Madrid,AC Milan,ESP,ITA,0,1,0,1,0,0,,,Normal Time,A,1,-1,0,1529.11,1475.79,118.32,83,30,0-1 (0-0),2021-22/cl.txt,45,abfaeddc2ee3d14f99ecc163c9ddb46cb4d67cef
UCL-2021-22-M-0079,UEFA Champions League,2021-22,2021-11-24,21:00,2021-11-24T21:00:00,Group C,group_stage,3,,C,not_applicable,0,0,ucl-sporting-cp,ucl-borussia-dortmund,Sporting CP,Borussia Dortmund,Sporting CP,Borussia Dortmund,POR,GER,3,1,3,1,2,0,,,Normal Time,H,4,2,1,1491.04,1528.94,27.1,22,83,3-1 (2-0),2021-22/cl.txt,66,abfaeddc2ee3d14f99ecc163c9ddb46cb4d67cef
UCL-2021-22-M-0080,UEFA Champions League,2021-22,2021-11-24,21:00,2021-11-24T21:00:00,Group D,group_stage,3,,D,not_applicable,0,0,ucl-fc-sheriff,ucl-real-madrid,FC Sheriff,Real Madrid,FC Sheriff,Real Madrid,MDA,ESP,0,3,0,3,0,2,,,Normal Time,A,3,-3,0,1500.63,1590.12,-24.49,4,120,0-3 (0-2),2021-22/cl.txt,87,abfaeddc2ee3d14f99ecc163c9ddb46cb4d67cef
UCL-2021-22-M-0081,UEFA Champions League,2021-22,2021-12-07,18:45,2021-12-07T18:45:00,Group A,group_stage,3,,A,not_applicable,0,0,ucl-rb-leipzig,ucl-manchester-city,RB Leipzig,Manchester City,RB Leipzig,Manchester City,GER,ENG,2,1,2,1,1,0,,,Normal Time,H,3,1,1,1515.85,1641.16,-60.31,29,95,2-1 (1-0),2021-22/cl.txt,26,abfaeddc2ee3d14f99ecc163c9ddb46cb4d67cef
UCL-2021-22-M-0082,UEFA Champions League,2021-22,2021-12-07,18:45,2021-12-07T18:45:00,Group A,group_stage,3,,A,not_applicable,0,0,ucl-paris-saint-germain,ucl-club-brugge-kv,Paris Saint-Germain,Club Brugge KV,Paris Saint-Germain,Club Brugge KV,FRA,BEL,4,1,4,1,3,0,,,Normal Time,H,5,3,1,1588.72,1461.81,191.91,92,29,4-1 (3-0),2021-22/cl.txt,27,abfaeddc2ee3d14f99ecc163c9ddb46cb4d67cef
UCL-2021-22-M-0083,UEFA Champions League,2021-22,2021-12-07,21:00,2021-12-07T21:00:00,Group B,group_stage,3,,B,not_applicable,0,0,ucl-fc-porto,ucl-atletico-madrid,FC Porto,Atlético Madrid,FC Porto,Atlético Madrid,POR,ESP,1,3,1,3,0,0,,,Normal Time,A,4,-2,1,1541.33,1515.83,90.5,77,84,1-3 (0-0),2021-22/cl.txt,47,abfaeddc2ee3d14f99ecc163c9ddb46cb4d67cef
UCL-2021-22-M-0084,UEFA Champions League,2021-22,2021-12-07,21:00,2021-12-07T21:00:00,Group B,group_stage,3,,B,not_applicable,0,0,ucl-ac-milan,ucl-liverpool-fc,AC Milan,Liverpool FC,AC Milan,Liverpool FC,ITA,ENG,1,2,1,2,1,1,,,Normal Time,A,3,-1,1,1489.07,1623.31,-69.24,31,55,1-2 (1-1),2021-22/cl.txt,48,abfaeddc2ee3d14f99ecc163c9ddb46cb4d67cef
UCL-2021-22-M-0085,UEFA Champions League,2021-22,2021-12-07,21:00,2021-12-07T21:00:00,Group C,group_stage,3,,C,not_applicable,0,0,ucl-afc-ajax,ucl-sporting-cp,AFC Ajax,Sporting CP,AFC Ajax,Sporting CP,NED,POR,4,2,4,2,2,1,,,Normal Time,H,6,2,1,1567.05,1500.26,131.79,53,23,4-2 (2-1),2021-22/cl.txt,68,abfaeddc2ee3d14f99ecc163c9ddb46cb4d67cef
UCL-2021-22-M-0086,UEFA Champions League,2021-22,2021-12-07,21:00,2021-12-07T21:00:00,Group C,group_stage,3,,C,not_applicable,0,0,ucl-borussia-dortmund,ucl-besiktas,Borussia Dortmund,Beşiktaş,Borussia Dortmund,Beşiktaş,GER,TUR,5,0,5,0,2,0,,,Normal Time,H,5,5,0,1519.72,1464.12,120.6,84,19,5-0 (2-0),2021-22/cl.txt,69,abfaeddc2ee3d14f99ecc163c9ddb46cb4d67cef
UCL-2021-22-M-0087,UEFA Champions League,2021-22,2021-12-07,21:00,2021-12-07T21:00:00,Group D,group_stage,3,,D,not_applicable,0,0,ucl-real-madrid,ucl-inter-milan,Real Madrid,Inter Milan,Real Madrid,Inter,ESP,ITA,2,0,2,0,1,0,,,Normal Time,H,2,2,0,1599.42,1517.46,146.96,121,31,2-0 (1-0),2021-22/cl.txt,89,abfaeddc2ee3d14f99ecc163c9ddb46cb4d67cef
UCL-2021-22-M-0088,UEFA Champions League,2021-22,2021-12-07,21:00,2021-12-07T21:00:00,Group D,group_stage,3,,D,not_applicable,0,0,ucl-shakhtar-donetsk,ucl-fc-sheriff,Shakhtar Donetsk,FC Sheriff,Shakhtar Donetsk,FC Sheriff,UKR,MDA,1,1,1,1,1,0,,,Normal Time,D,2,0,1,1462.56,1491.34,36.22,65,5,1-1 (1-0),2021-22/cl.txt,90,abfaeddc2ee3d14f99ecc163c9ddb46cb4d67cef
UCL-2021-22-M-0089,UEFA Champions League,2021-22,2021-12-08,18:45,2021-12-08T18:45:00,Gruppe H,group_stage,3,,H,not_applicable,0,0,ucl-zenit-st-petersburg,ucl-chelsea-fc,Zenit St. Petersburg,Chelsea FC,Zenit St. Petersburg,Chelsea FC,RUS,ENG,3,3,3,3,2,1,,,Normal Time,D,6,0,1,1448.45,1609.43,-95.97,53,81,3-3 (2-1),2021-22/cl.txt,174,abfaeddc2ee3d14f99ecc163c9ddb46cb4d67cef
UCL-2021-22-M-0090,UEFA Champions League,2021-22,2021-12-08,18:45,2021-12-08T18:45:00,Gruppe H,group_stage,3,,H,not_applicable,0,0,ucl-juventus,ucl-malmo-ff,Juventus,Malmö FF,Juventus,Malmö FF,ITA,SWE,1,0,1,0,1,0,,,Normal Time,H,1,1,0,1617.88,1447.73,235.14,91,17,1-0 (1-0),2021-22/cl.txt,175,abfaeddc2ee3d14f99ecc163c9ddb46cb4d67cef
UCL-2021-22-M-0091,UEFA Champions League,2021-22,2021-12-08,21:00,2021-12-08T21:00:00,Group E,group_stage,3,,E,not_applicable,0,0,ucl-bayern-munich,ucl-fc-barcelona,Bayern Munich,FC Barcelona,Bayern München,FC Barcelona,GER,ESP,3,0,3,0,2,0,,,Normal Time,H,3,3,0,1686.8,1594.7,157.1,118,111,3-0 (2-0),2021-22/cl.txt,110,abfaeddc2ee3d14f99ecc163c9ddb46cb4d67cef
UCL-2021-22-M-0092,UEFA Champions League,2021-22,2021-12-08,21:00,2021-12-08T21:00:00,Group E,group_stage,3,,E,not_applicable,0,0,ucl-benfica,ucl-dinamo-kiev,Benfica,Dinamo Kiev,SL Benfica,Dinamo Kiev,POR,UKR,2,0,2,0,2,0,,,Normal Time,H,2,2,0,1483.89,1455.73,93.16,69,31,2-0 (2-0),2021-22/cl.txt,111,abfaeddc2ee3d14f99ecc163c9ddb46cb4d67cef
UCL-2021-22-M-0093,UEFA Champions League,2021-22,2021-12-08,21:00,2021-12-08T21:00:00,Group F,group_stage,3,,F,not_applicable,0,0,ucl-manchester-united,ucl-bsc-young-boys,Manchester United,BSC Young Boys,Manchester United,BSC Young Boys,ENG,SUI,1,1,1,1,1,1,,,Normal Time,D,2,0,1,1536.68,1468.5,133.17,59,11,1-1 (1-1),2021-22/cl.txt,131,abfaeddc2ee3d14f99ecc163c9ddb46cb4d67cef
UCL-2021-22-M-0094,UEFA Champions League,2021-22,2021-12-08,21:00,2021-12-08T21:00:00,Gruppe G,group_stage,3,,G,not_applicable,0,0,ucl-rb-salzburg,ucl-sevilla-fc,RB Salzburg,Sevilla FC,RB Salzburg,Sevilla FC,AUT,ESP,1,0,1,0,0,0,,,Normal Time,H,1,1,0,1482.36,1518.33,29.04,17,37,1-0 (0-0),2021-22/cl.txt,153,abfaeddc2ee3d14f99ecc163c9ddb46cb4d67cef
UCL-2021-22-M-0095,UEFA Champions League,2021-22,2021-12-08,21:00,2021-12-08T21:00:00,Gruppe G,group_stage,3,,G,not_applicable,0,0,ucl-vfl-wolfsburg,ucl-lille-osc,VfL Wolfsburg,Lille OSC,VfL Wolfsburg,Lille OSC,GER,FRA,1,3,1,3,0,1,,,Normal Time,A,4,-2,1,1505.78,1475.75,95.04,15,23,1-3 (0-1),2021-22/cl.txt,154,abfaeddc2ee3d14f99ecc163c9ddb46cb4d67cef
UCL-2021-22-M-0096,UEFA Champions League,2021-22,2021-12-09,19:00,2021-12-09T19:00:00,Group F,group_stage,3,,F,not_applicable,0,0,ucl-atalanta,ucl-villarreal-cf,Atalanta,Villarreal CF,Atalanta,Villarreal CF,ITA,ESP,2,3,2,3,0,2,,,Normal Time,A,5,-1,1,1511.12,1488.97,87.15,22,11,2-3 (0-2),2021-22/cl.txt,133,abfaeddc2ee3d14f99ecc163c9ddb46cb4d67cef
UCL-2021-22-M-0097,UEFA Champions League,2021-22,2022-02-15,21:00,2022-02-15T21:00:00,Round of 16,round_of_16,5,,,1,0,0,ucl-sporting-cp,ucl-manchester-city,Sporting CP,Manchester City,Sporting CP,Manchester City,POR,ENG,0,5,0,5,0,4,,,Normal Time,A,5,-5,0,1493.88,1629.45,-70.56,24,96,0-5 (0-4),2021-22/cl.txt,180,abfaeddc2ee3d14f99ecc163c9ddb46cb4d67cef
UCL-2021-22-M-0098,UEFA Champions League,2021-22,2022-02-15,21:00,2022-02-15T21:00:00,Round of 16,round_of_16,5,,,1,0,0,ucl-paris-saint-germain,ucl-real-madrid,Paris Saint-Germain,Real Madrid,Paris Saint-Germain,Real Madrid,FRA,ESP,1,0,1,0,0,0,,,Normal Time,H,1,1,0,1593.7,1605.43,53.27,93,122,1-0 (0-0),2021-22/cl.txt,181,abfaeddc2ee3d14f99ecc163c9ddb46cb4d67cef
UCL-2021-22-M-0099,UEFA Champions League,2021-22,2022-02-16,21:00,2022-02-16T21:00:00,Round of 16,round_of_16,5,,,1,0,0,ucl-rb-salzburg,ucl-bayern-munich,RB Salzburg,Bayern Munich,RB Salzburg,Bayern München,AUT,GER,1,1,1,1,1,0,,,Normal Time,D,2,0,1,1491.53,1692.57,-136.04,18,119,1-1 (1-0),2021-22/cl.txt,183,abfaeddc2ee3d14f99ecc163c9ddb46cb4d67cef
UCL-2021-22-M-0100,UEFA Champions League,2021-22,2022-02-16,21:00,2022-02-16T21:00:00,Round of 16,round_of_16,5,,,1,0,0,ucl-inter-milan,ucl-liverpool-fc,Inter Milan,Liverpool FC,Inter,Liverpool FC,ITA,ENG,0,2,0,2,0,0,,,Normal Time,A,2,-2,0,1511.46,1631.34,-54.88,32,56,0-2 (0-0),2021-22/cl.txt,184,abfaeddc2ee3d14f99ecc163c9ddb46cb4d67cef
UCL-2021-22-M-0101,UEFA Champions League,2021-22,2022-02-22,21:00,2022-02-22T21:00:00,Round of 16,round_of_16,5,,,1,0,0,ucl-chelsea-fc,ucl-lille-osc,Chelsea FC,Lille OSC,Chelsea FC,Lille OSC,ENG,FRA,2,0,2,0,1,0,,,Normal Time,H,2,2,0,1606.73,1488.42,183.32,82,24,2-0 (1-0),2021-22/cl.txt,186,abfaeddc2ee3d14f99ecc163c9ddb46cb4d67cef
UCL-2021-22-M-0102,UEFA Champions League,2021-22,2022-02-22,21:00,2022-02-22T21:00:00,Round of 16,round_of_16,5,,,1,0,0,ucl-villarreal-cf,ucl-juventus,Villarreal CF,Juventus,Villarreal CF,Juventus,ESP,ITA,1,1,1,1,0,1,,,Normal Time,D,2,0,1,1501.43,1621.98,-55.55,12,92,1-1 (0-1),2021-22/cl.txt,187,abfaeddc2ee3d14f99ecc163c9ddb46cb4d67cef
UCL-2021-22-M-0103,UEFA Champions League,2021-22,2022-02-23,21:00,2022-02-23T21:00:00,Round of 16,round_of_16,5,,,1,0,0,ucl-benfica,ucl-afc-ajax,Benfica,AFC Ajax,SL Benfica,AFC Ajax,POR,NED,2,2,2,2,1,2,,,Normal Time,D,4,0,1,1491.27,1573.43,-17.16,70,54,2-2 (1-2),2021-22/cl.txt,189,abfaeddc2ee3d14f99ecc163c9ddb46cb4d67cef
UCL-2021-22-M-0104,UEFA Champions League,2021-22,2022-02-23,21:00,2022-02-23T21:00:00,Round of 16,round_of_16,5,,,1,0,0,ucl-atletico-madrid,ucl-manchester-united,Atlético Madrid,Manchester United,Atlético Madrid,Manchester United,ESP,ENG,1,1,1,1,1,0,,,Normal Time,D,2,0,1,1528.38,1533.02,60.36,85,60,1-1 (1-0),2021-22/cl.txt,190,abfaeddc2ee3d14f99ecc163c9ddb46cb4d67cef
UCL-2021-22-M-0105,UEFA Champions League,2021-22,2022-03-08,21:00,2022-03-08T21:00:00,Round of 16,round_of_16,5,,,2,0,0,ucl-bayern-munich,ucl-rb-salzburg,Bayern Munich,RB Salzburg,Bayern München,RB Salzburg,GER,AUT,7,1,7,1,4,0,,,Normal Time,H,8,6,1,1688.84,1495.26,258.58,120,19,7-1 (4-0),2021-22/cl.txt,192,abfaeddc2ee3d14f99ecc163c9ddb46cb4d67cef
UCL-2021-22-M-0106,UEFA Champions League,2021-22,2022-03-08,21:00,2022-03-08T21:00:00,Round of 16,round_of_16,5,,,2,0,0,ucl-liverpool-fc,ucl-inter-milan,Liverpool FC,Inter Milan,Liverpool FC,Inter,ENG,ITA,0,1,0,1,0,0,,,Normal Time,A,1,-1,0,1639.77,1503.02,201.75,57,33,0-1 (0-0),2021-22/cl.txt,193,abfaeddc2ee3d14f99ecc163c9ddb46cb4d67cef
UCL-2021-22-M-0107,UEFA Champions League,2021-22,2022-03-09,21:00,2022-03-09T21:00:00,Round of 16,round_of_16,5,,,2,0,0,ucl-manchester-city,ucl-sporting-cp,Manchester City,Sporting CP,Manchester City,Sporting CP,ENG,POR,0,0,0,0,,,,,Normal Time,D,0,0,0,1637.44,1485.89,216.56,97,25,0-0,2021-22/cl.txt,195,abfaeddc2ee3d14f99ecc163c9ddb46cb4d67cef
UCL-2021-22-M-0108,UEFA Champions League,2021-22,2022-03-09,21:00,2022-03-09T21:00:00,Round of 16,round_of_16,5,,,2,0,0,ucl-real-madrid,ucl-paris-saint-germain,Real Madrid,Paris Saint-Germain,Real Madrid,Paris Saint-Germain,ESP,FRA,3,1,3,1,0,1,,,Normal Time,H,4,2,1,1596.95,1602.18,59.77,123,94,3-1 (0-1),2021-22/cl.txt,196,abfaeddc2ee3d14f99ecc163c9ddb46cb4d67cef
UCL-2021-22-M-0109,UEFA Champions League,2021-22,2022-03-15,21:00,2022-03-15T21:00:00,Round of 16,round_of_16,5,,,2,0,0,ucl-afc-ajax,ucl-benfica,AFC Ajax,Benfica,AFC Ajax,SL Benfica,NED,POR,0,1,0,1,0,0,,,Normal Time,A,1,-1,0,1572.94,1491.76,146.17,55,71,0-1 (0-0),2021-22/cl.txt,198,abfaeddc2ee3d14f99ecc163c9ddb46cb4d67cef
UCL-2021-22-M-0110,UEFA Champions League,2021-22,2022-03-15,21:00,2022-03-15T21:00:00,Round of 16,round_of_16,5,,,2,0,0,ucl-manchester-united,ucl-atletico-madrid,Manchester United,Atlético Madrid,Manchester United,Atlético Madrid,ENG,ESP,0,1,0,1,0,1,,,Normal Time,A,1,-1,0,1534.74,1526.66,73.08,61,86,0-1 (0-1),2021-22/cl.txt,199,abfaeddc2ee3d14f99ecc163c9ddb46cb4d67cef
UCL-2021-22-M-0111,UEFA Champions League,2021-22,2022-03-16,21:00,2022-03-16T21:00:00,Round of 16,round_of_16,5,,,2,0,0,ucl-lille-osc,ucl-chelsea-fc,Lille OSC,Chelsea FC,Lille OSC,Chelsea FC,FRA,ENG,1,2,1,2,1,1,,,Normal Time,A,3,-1,1,1483.25,1611.9,-63.64,25,83,1-2 (1-1),2021-22/cl.txt,201,abfaeddc2ee3d14f99ecc163c9ddb46cb4d67cef
UCL-2021-22-M-0112,UEFA Champions League,2021-22,2022-03-16,21:00,2022-03-16T21:00:00,Round of 16,round_of_16,5,,,2,0,0,ucl-juventus,ucl-villarreal-cf,Juventus,Villarreal CF,Juventus,Villarreal CF,ITA,ESP,0,3,0,3,0,0,,,Normal Time,A,3,-3,0,1620.4,1503.01,182.38,93,13,0-3 (0-0),2021-22/cl.txt,202,abfaeddc2ee3d14f99ecc163c9ddb46cb4d67cef
UCL-2021-22-M-0113,UEFA Champions League,2021-22,2022-04-05,21:00,2022-04-05T21:00:00,Quarterfinals,quarterfinal,6,,,1,0,0,ucl-manchester-city,ucl-atletico-madrid,Manchester City,Atlético Madrid,Manchester City,Atlético Madrid,ENG,ESP,1,0,1,0,0,0,,,Normal Time,H,1,1,0,1631.91,1538.73,158.18,98,87,1-0 (0-0),2021-22/cl.txt,207,abfaeddc2ee3d14f99ecc163c9ddb46cb4d67cef
UCL-2021-22-M-0114,UEFA Champions League,2021-22,2022-04-05,21:00,2022-04-05T21:00:00,Quarterfinals,quarterfinal,6,,,1,0,0,ucl-benfica,ucl-liverpool-fc,Benfica,Liverpool FC,SL Benfica,Liverpool FC,POR,ENG,1,3,1,3,0,2,,,Normal Time,A,4,-2,1,1505.74,1624.54,-53.8,72,58,1-3 (0-2),2021-22/cl.txt,208,abfaeddc2ee3d14f99ecc163c9ddb46cb4d67cef
UCL-2021-22-M-0115,UEFA Champions League,2021-22,2022-04-06,21:00,2022-04-06T21:00:00,Quarterfinals,quarterfinal,6,,,1,0,0,ucl-chelsea-fc,ucl-real-madrid,Chelsea FC,Real Madrid,Chelsea FC,Real Madrid,ENG,ESP,1,3,1,3,1,2,,,Normal Time,A,4,-2,1,1620.08,1605.24,79.84,84,124,1-3 (1-2),2021-22/cl.txt,210,abfaeddc2ee3d14f99ecc163c9ddb46cb4d67cef
UCL-2021-22-M-0116,UEFA Champions League,2021-22,2022-04-06,21:00,2022-04-06T21:00:00,Quarterfinals,quarterfinal,6,,,1,0,0,ucl-villarreal-cf,ucl-bayern-munich,Villarreal CF,Bayern Munich,Villarreal CF,Bayern München,ESP,GER,1,0,1,0,1,0,,,Normal Time,H,1,1,0,1517.83,1692.52,-109.69,14,121,1-0 (1-0),2021-22/cl.txt,211,abfaeddc2ee3d14f99ecc163c9ddb46cb4d67cef
UCL-2021-22-M-0117,UEFA Champions League,2021-22,2022-04-12,21:00,2022-04-12T21:00:00,Quarterfinals,quarterfinal,6,,,2,0,0,ucl-real-madrid,ucl-chelsea-fc,Real Madrid,Chelsea FC,Real Madrid,Chelsea FC,ESP,ENG,1,3,2,3,0,1,,,Extra Time,A,4,-2,1,1617.5,1607.83,74.68,125,85,"2-3 a.e.t. (1-3, 0-1)",2021-22/cl.txt,213,abfaeddc2ee3d14f99ecc163c9ddb46cb4d67cef
UCL-2021-22-M-0118,UEFA Champions League,2021-22,2022-04-12,21:00,2022-04-12T21:00:00,Quarterfinals,quarterfinal,6,,,2,0,0,ucl-bayern-munich,ucl-villarreal-cf,Bayern Munich,Villarreal CF,Bayern München,Villarreal CF,GER,ESP,1,1,1,1,0,0,,,Normal Time,D,2,0,1,1679.47,1530.89,213.58,122,15,1-1 (0-0),2021-22/cl.txt,214,abfaeddc2ee3d14f99ecc163c9ddb46cb4d67cef
UCL-2021-22-M-0119,UEFA Champions League,2021-22,2022-04-13,21:00,2022-04-13T21:00:00,Quarterfinals,quarterfinal,6,,,2,0,0,ucl-atletico-madrid,ucl-manchester-city,Atlético Madrid,Manchester City,Atlético Madrid,Manchester City,ESP,ENG,0,0,0,0,,,,,Normal Time,D,0,0,0,1532.99,1637.65,-39.65,88,99,0-0,2021-22/cl.txt,216,abfaeddc2ee3d14f99ecc163c9ddb46cb4d67cef
UCL-2021-22-M-0120,UEFA Champions League,2021-22,2022-04-13,21:00,2022-04-13T21:00:00,Quarterfinals,quarterfinal,6,,,2,0,0,ucl-liverpool-fc,ucl-benfica,Liverpool FC,Benfica,Liverpool FC,SL Benfica,ENG,POR,3,3,3,3,1,1,,,Normal Time,D,6,0,1,1633.01,1497.28,200.73,59,73,3-3 (1-1),2021-22/cl.txt,217,abfaeddc2ee3d14f99ecc163c9ddb46cb4d67cef
UCL-2021-22-M-0121,UEFA Champions League,2021-22,2022-04-26,21:00,2022-04-26T21:00:00,Semifinals,semifinal,7,,,1,0,0,ucl-manchester-city,ucl-real-madrid,Manchester City,Real Madrid,Manchester City,Real Madrid,ENG,ESP,4,3,4,3,2,1,,,Normal Time,H,7,1,1,1636.51,1605.38,96.12,100,126,4-3 (2-1),2021-22/cl.txt,222,abfaeddc2ee3d14f99ecc163c9ddb46cb4d67cef
UCL-2021-22-M-0122,UEFA Champions League,2021-22,2022-04-27,21:00,2022-04-27T21:00:00,Semifinals,semifinal,7,,,1,0,0,ucl-liverpool-fc,ucl-villarreal-cf,Liverpool FC,Villarreal CF,Liverpool FC,Villarreal CF,ENG,ESP,2,0,2,0,0,0,,,Normal Time,H,2,2,0,1627.8,1536.36,156.43,60,16,2-0 (0-0),2021-22/cl.txt,224,abfaeddc2ee3d14f99ecc163c9ddb46cb4d67cef
UCL-2021-22-M-0123,UEFA Champions League,2021-22,2022-05-03,21:00,2022-05-03T21:00:00,Semifinals,semifinal,7,,,2,0,0,ucl-villarreal-cf,ucl-liverpool-fc,Villarreal CF,Liverpool FC,Villarreal CF,Liverpool FC,ESP,ENG,2,3,2,3,2,0,,,Normal Time,A,5,-1,1,1530.58,1633.57,-37.99,17,61,2-3 (2-0),2021-22/cl.txt,226,abfaeddc2ee3d14f99ecc163c9ddb46cb4d67cef
UCL-2021-22-M-0124,UEFA Champions League,2021-22,2022-05-04,21:00,2022-05-04T21:00:00,Semifinals,semifinal,7,,,2,0,0,ucl-real-madrid,ucl-manchester-city,Real Madrid,Manchester City,Real Madrid,Manchester City,ESP,ENG,2,1,3,1,0,0,,,Extra Time,H,3,1,1,1598.08,1643.81,19.27,127,101,"3-1 a.e.t. (2-1, 0-0)",2021-22/cl.txt,228,abfaeddc2ee3d14f99ecc163c9ddb46cb4d67cef
UCL-2021-22-M-0125,UEFA Champions League,2021-22,2022-05-28,21:35,2022-05-28T21:35:00,Final,final,8,,,single,0,1,ucl-liverpool-fc,ucl-real-madrid,Liverpool FC,Real Madrid,Liverpool FC,Real Madrid,ENG,ESP,0,1,0,1,0,0,,,Normal Time,A,1,-1,0,1642.49,1607.53,34.96,62,128,0-1 (0-0),2021-22/cl.txt,233,abfaeddc2ee3d14f99ecc163c9ddb46cb4d67cef
UCL-2022-23-M-0001,UEFA Champions League,2022-23,2022-09-06,18:45,2022-09-06T18:45:00,Group E,group_stage,3,,E,not_applicable,0,0,ucl-dinamo-zagreb,ucl-chelsea-fc,Dinamo Zagreb,Chelsea FC,Dinamo Zagreb,Chelsea FC,CRO,ENG,1,0,1,0,1,0,,,Normal Time,H,1,1,0,1454.41,1601.95,-82.54,30,86,1-0 (1-0),2022-23/cl.txt,96,abfaeddc2ee3d14f99ecc163c9ddb46cb4d67cef
UCL-2022-23-M-0002,UEFA Champions League,2022-23,2022-09-06,18:45,2022-09-06T18:45:00,Gruppe G,group_stage,3,,G,not_applicable,0,0,ucl-borussia-dortmund,ucl-fc-k-benhavn,Borussia Dortmund,FC København,Borussia Dortmund,FC København,GER,DEN,3,0,3,0,2,0,,,Normal Time,H,3,3,0,1522.42,1500.01,87.42,85,12,3-0 (2-0),2022-23/cl.txt,138,abfaeddc2ee3d14f99ecc163c9ddb46cb4d67cef
UCL-2022-23-M-0003,UEFA Champions League,2022-23,2022-09-06,21:00,2022-09-06T21:00:00,Group E,group_stage,3,,E,not_applicable,0,0,ucl-rb-salzburg,ucl-ac-milan,RB Salzburg,AC Milan,RB Salzburg,AC Milan,AUT,ITA,1,1,1,1,1,1,,,Normal Time,D,2,0,1,1492.84,1483.88,73.96,20,32,1-1 (1-1),2022-23/cl.txt,97,abfaeddc2ee3d14f99ecc163c9ddb46cb4d67cef
UCL-2022-23-M-0004,UEFA Champions League,2022-23,2022-09-06,21:00,2022-09-06T21:00:00,Group F,group_stage,3,,F,not_applicable,0,0,ucl-celtic-fc,ucl-real-madrid,Celtic FC,Real Madrid,Celtic FC,Real Madrid,SCO,ESP,0,3,0,3,0,0,,,Normal Time,A,3,-3,0,1472.76,1600.75,-62.99,26,129,0-3 (0-0),2022-23/cl.txt,117,abfaeddc2ee3d14f99ecc163c9ddb46cb4d67cef
UCL-2022-23-M-0005,UEFA Champions League,2022-23,2022-09-06,21:00,2022-09-06T21:00:00,Group F,group_stage,3,,F,not_applicable,0,0,ucl-rb-leipzig,ucl-shakhtar-donetsk,RB Leipzig,Shakhtar Donetsk,RB Leipzig,Shakhtar Donetsk,GER,UKR,1,4,1,4,0,1,,,Normal Time,A,5,-3,1,1523.44,1467.29,121.15,30,66,1-4 (0-1),2022-23/cl.txt,118,abfaeddc2ee3d14f99ecc163c9ddb46cb4d67cef
UCL-2022-23-M-0006,UEFA Champions League,2022-23,2022-09-06,21:00,2022-09-06T21:00:00,Gruppe G,group_stage,3,,G,not_applicable,0,0,ucl-sevilla-fc,ucl-manchester-city,Sevilla FC,Manchester City,Sevilla FC,Manchester City,ESP,ENG,0,4,0,4,0,1,,,Normal Time,A,4,-4,0,1507.79,1614.21,-41.42,38,102,0-4 (0-1),2022-23/cl.txt,139,abfaeddc2ee3d14f99ecc163c9ddb46cb4d67cef
UCL-2022-23-M-0007,UEFA Champions League,2022-23,2022-09-06,21:00,2022-09-06T21:00:00,Gruppe H,group_stage,3,,H,not_applicable,0,0,ucl-paris-saint-germain,ucl-juventus,Paris Saint-Germain,Juventus,Paris Saint-Germain,Juventus,FRA,ITA,2,1,2,1,2,0,,,Normal Time,H,3,1,1,1579.8,1589.75,55.05,95,94,2-1 (2-0),2022-23/cl.txt,159,abfaeddc2ee3d14f99ecc163c9ddb46cb4d67cef
UCL-2022-23-M-0008,UEFA Champions League,2022-23,2022-09-06,21:00,2022-09-06T21:00:00,Gruppe H,group_stage,3,,H,not_applicable,0,0,ucl-benfica,ucl-maccabi-haifa,Benfica,Maccabi Haifa,SL Benfica,Maccabi Haifa,POR,ISR,2,0,2,0,0,0,,,Normal Time,H,2,2,0,1502.11,1500.0,67.11,74,0,2-0 (0-0),2022-23/cl.txt,160,abfaeddc2ee3d14f99ecc163c9ddb46cb4d67cef
UCL-2022-23-M-0009,UEFA Champions League,2022-23,2022-09-07,18:45,2022-09-07T18:45:00,Group A,group_stage,3,,A,not_applicable,0,0,ucl-afc-ajax,ucl-rangers-fc,AFC Ajax,Rangers FC,AFC Ajax,Rangers FC,NED,SCO,4,0,4,0,3,0,,,Normal Time,H,4,4,0,1550.12,1500.0,115.12,56,0,4-0 (3-0),2022-23/cl.txt,11,abfaeddc2ee3d14f99ecc163c9ddb46cb4d67cef
UCL-2022-23-M-0010,UEFA Champions League,2022-23,2022-09-07,18:45,2022-09-07T18:45:00,Group D,group_stage,3,,D,not_applicable,0,0,ucl-eintracht-frankfurt,ucl-sporting-cp,Eintracht Frankfurt,Sporting CP,Eintracht Frankfurt,Sporting CP,GER,POR,0,3,0,3,0,0,,,Normal Time,A,3,-3,0,1500.0,1492.71,72.29,0,26,0-3 (0-0),2022-23/cl.txt,75,abfaeddc2ee3d14f99ecc163c9ddb46cb4d67cef
UCL-2022-23-M-0011,UEFA Champions League,2022-23,2022-09-07,21:00,2022-09-07T21:00:00,Group A,group_stage,3,,A,not_applicable,0,0,ucl-ssc-napoli,ucl-liverpool-fc,SSC Napoli,Liverpool FC,SSC Napoli,Liverpool FC,ITA,ENG,4,1,4,1,3,0,,,Normal Time,H,5,3,1,1521.73,1611.76,-25.03,42,63,4-1 (3-0),2022-23/cl.txt,12,abfaeddc2ee3d14f99ecc163c9ddb46cb4d67cef
UCL-2022-23-M-0012,UEFA Champions League,2022-23,2022-09-07,21:00,2022-09-07T21:00:00,Group B,group_stage,3,,B,not_applicable,0,0,ucl-atletico-madrid,ucl-fc-porto,Atlético Madrid,FC Porto,Atlético Madrid,FC Porto,ESP,POR,2,1,2,1,0,0,,,Normal Time,H,3,1,1,1529.01,1524.47,69.54,89,78,2-1 (0-0),2022-23/cl.txt,33,abfaeddc2ee3d14f99ecc163c9ddb46cb4d67cef
UCL-2022-23-M-0013,UEFA Champions League,2022-23,2022-09-07,21:00,2022-09-07T21:00:00,Group B,group_stage,3,,B,not_applicable,0,0,ucl-club-brugge-kv,ucl-bayer-leverkusen,Club Brugge KV,Bayer Leverkusen,Club Brugge KV,Bayer Leverkusen,BEL,GER,1,0,1,0,1,0,,,Normal Time,H,1,1,0,1463.31,1496.69,31.62,30,44,1-0 (1-0),2022-23/cl.txt,34,abfaeddc2ee3d14f99ecc163c9ddb46cb4d67cef
UCL-2022-23-M-0014,UEFA Champions League,2022-23,2022-09-07,21:00,2022-09-07T21:00:00,Group C,group_stage,3,,C,not_applicable,0,0,ucl-inter-milan,ucl-bayern-munich,Inter Milan,Bayern Munich,Inter,Bayern München,ITA,GER,0,2,0,2,0,1,,,Normal Time,A,2,-2,0,1515.52,1647.89,-67.38,34,123,0-2 (0-1),2022-23/cl.txt,54,abfaeddc2ee3d14f99ecc163c9ddb46cb4d67cef
UCL-2022-23-M-0015,UEFA Champions League,2022-23,2022-09-07,21:00,2022-09-07T21:00:00,Group C,group_stage,3,,C,not_applicable,0,0,ucl-fc-barcelona,ucl-viktoria-plzen,FC Barcelona,Viktoria Plzeň,FC Barcelona,Viktoria Plzeň,ESP,CZE,5,1,5,1,3,1,,,Normal Time,H,6,4,1,1575.6,1490.35,150.25,112,18,5-1 (3-1),2022-23/cl.txt,55,abfaeddc2ee3d14f99ecc163c9ddb46cb4d67cef
UCL-2022-23-M-0016,UEFA Champions League,2022-23,2022-09-07,21:00,2022-09-07T21:00:00,Group D,group_stage,3,,D,not_applicable,0,0,ucl-tottenham-hotspur,ucl-olympique-marseille,Tottenham Hotspur,Olympique Marseille,Tottenham Hotspur,Olympique Marseille,ENG,FRA,2,0,2,0,0,0,,,Normal Time,H,2,2,0,1515.94,1465.35,115.59,35,22,2-0 (0-0),2022-23/cl.txt,76,abfaeddc2ee3d14f99ecc163c9ddb46cb4d67cef
UCL-2022-23-M-0017,UEFA Champions League,2022-23,2022-09-13,18:45,2022-09-13T18:45:00,Group C,group_stage,3,,C,not_applicable,0,0,ucl-viktoria-plzen,ucl-inter-milan,Viktoria Plzeň,Inter Milan,Viktoria Plzeň,Inter,CZE,ITA,0,2,0,2,0,1,,,Normal Time,A,2,-2,0,1484.42,1507.43,41.99,19,35,0-2 (0-1),2022-23/cl.txt,57,abfaeddc2ee3d14f99ecc163c9ddb46cb4d67cef
UCL-2022-23-M-0018,UEFA Champions League,2022-23,2022-09-13,18:45,2022-09-13T18:45:00,Group D,group_stage,3,,D,not_applicable,0,0,ucl-sporting-cp,ucl-tottenham-hotspur,Sporting CP,Tottenham Hotspur,Sporting CP,Tottenham Hotspur,POR,ENG,2,0,2,0,0,0,,,Normal Time,H,2,2,0,1504.76,1522.73,47.03,27,36,2-0 (0-0),2022-23/cl.txt,78,abfaeddc2ee3d14f99ecc163c9ddb46cb4d67cef
UCL-2022-23-M-0019,UEFA Champions League,2022-23,2022-09-13,21:00,2022-09-13T21:00:00,Group A,group_stage,3,,A,not_applicable,0,0,ucl-liverpool-fc,ucl-afc-ajax,Liverpool FC,AFC Ajax,Liverpool FC,AFC Ajax,ENG,NED,2,1,2,1,1,1,,,Normal Time,H,3,1,1,1601.04,1556.92,109.12,64,57,2-1 (1-1),2022-23/cl.txt,14,abfaeddc2ee3d14f99ecc163c9ddb46cb4d67cef
UCL-2022-23-M-0020,UEFA Champions League,2022-23,2022-09-13,21:00,2022-09-13T21:00:00,Group B,group_stage,3,,B,not_applicable,0,0,ucl-bayer-leverkusen,ucl-atletico-madrid,Bayer Leverkusen,Atlético Madrid,Bayer Leverkusen,Atlético Madrid,GER,ESP,2,0,2,0,0,0,,,Normal Time,H,2,2,0,1487.6,1537.04,15.56,45,90,2-0 (0-0),2022-23/cl.txt,36,abfaeddc2ee3d14f99ecc163c9ddb46cb4d67cef
UCL-2022-23-M-0021,UEFA Champions League,2022-23,2022-09-13,21:00,2022-09-13T21:00:00,Group B,group_stage,3,,B,not_applicable,0,0,ucl-fc-porto,ucl-club-brugge-kv,FC Porto,Club Brugge KV,FC Porto,Club Brugge KV,POR,BEL,0,4,0,4,0,1,,,Normal Time,A,4,-4,0,1516.44,1472.4,109.04,79,31,0-4 (0-1),2022-23/cl.txt,37,abfaeddc2ee3d14f99ecc163c9ddb46cb4d67cef
UCL-2022-23-M-0022,UEFA Champions League,2022-23,2022-09-13,21:00,2022-09-13T21:00:00,Group C,group_stage,3,,C,not_applicable,0,0,ucl-bayern-munich,ucl-fc-barcelona,Bayern Munich,FC Barcelona,Bayern München,FC Barcelona,GER,ESP,2,0,2,0,0,0,,,Normal Time,H,2,2,0,1655.98,1581.52,139.46,124,113,2-0 (0-0),2022-23/cl.txt,58,abfaeddc2ee3d14f99ecc163c9ddb46cb4d67cef
UCL-2022-23-M-0023,UEFA Champions League,2022-23,2022-09-13,21:00,2022-09-13T21:00:00,Group D,group_stage,3,,D,not_applicable,0,0,ucl-olympique-marseille,ucl-eintracht-frankfurt,Olympique Marseille,Eintracht Frankfurt,Olympique Marseille,Eintracht Frankfurt,FRA,GER,0,1,0,1,0,1,,,Normal Time,A,1,-1,0,1458.56,1487.95,35.61,23,1,0-1 (0-1),2022-23/cl.txt,79,abfaeddc2ee3d14f99ecc163c9ddb46cb4d67cef
UCL-2022-23-M-0024,UEFA Champions League,2022-23,2022-09-14,18:45,2022-09-14T18:45:00,Group E,group_stage,3,,E,not_applicable,0,0,ucl-ac-milan,ucl-dinamo-zagreb,AC Milan,Dinamo Zagreb,AC Milan,Dinamo Zagreb,ITA,CRO,3,1,3,1,1,0,,,Normal Time,H,4,2,1,1485.98,1466.74,84.24,33,31,3-1 (1-0),2022-23/cl.txt,99,abfaeddc2ee3d14f99ecc163c9ddb46cb4d67cef
UCL-2022-23-M-0025,UEFA Champions League,2022-23,2022-09-14,18:45,2022-09-14T18:45:00,Group F,group_stage,3,,F,not_applicable,0,0,ucl-shakhtar-donetsk,ucl-celtic-fc,Shakhtar Donetsk,Celtic FC,Shakhtar Donetsk,Celtic FC,UKR,SCO,1,1,1,1,1,1,,,Normal Time,D,2,0,1,1480.64,1464.55,81.09,67,27,1-1 (1-1),2022-23/cl.txt,120,abfaeddc2ee3d14f99ecc163c9ddb46cb4d67cef
UCL-2022-23-M-0026,UEFA Champions League,2022-23,2022-09-14,21:00,2022-09-14T21:00:00,Group A,group_stage,3,,A,not_applicable,0,0,ucl-rangers-fc,ucl-ssc-napoli,Rangers FC,SSC Napoli,Rangers FC,SSC Napoli,SCO,ITA,0,3,0,3,0,0,,,Normal Time,A,3,-3,0,1493.2,1532.44,25.75,1,43,0-3 (0-0),2022-23/cl.txt,16,abfaeddc2ee3d14f99ecc163c9ddb46cb4d67cef
UCL-2022-23-M-0027,UEFA Champions League,2022-23,2022-09-14,21:00,2022-09-14T21:00:00,Group E,group_stage,3,,E,not_applicable,0,0,ucl-chelsea-fc,ucl-rb-salzburg,Chelsea FC,RB Salzburg,Chelsea FC,RB Salzburg,ENG,AUT,1,1,1,1,0,0,,,Normal Time,D,2,0,1,1589.62,1490.74,163.88,87,21,1-1 (0-0),2022-23/cl.txt,100,abfaeddc2ee3d14f99ecc163c9ddb46cb4d67cef
UCL-2022-23-M-0028,UEFA Champions League,2022-23,2022-09-14,21:00,2022-09-14T21:00:00,Group F,group_stage,3,,F,not_applicable,0,0,ucl-real-madrid,ucl-rb-leipzig,Real Madrid,RB Leipzig,Real Madrid,RB Leipzig,ESP,GER,2,0,2,0,0,0,,,Normal Time,H,2,2,0,1608.96,1510.09,163.87,130,31,2-0 (0-0),2022-23/cl.txt,121,abfaeddc2ee3d14f99ecc163c9ddb46cb4d67cef
UCL-2022-23-M-0029,UEFA Champions League,2022-23,2022-09-14,21:00,2022-09-14T21:00:00,Gruppe G,group_stage,3,,G,not_applicable,0,0,ucl-manchester-city,ucl-borussia-dortmund,Manchester City,Borussia Dortmund,Manchester City,Borussia Dortmund,ENG,GER,2,1,2,1,0,0,,,Normal Time,H,3,1,1,1623.02,1529.96,158.06,103,86,2-1 (0-0),2022-23/cl.txt,141,abfaeddc2ee3d14f99ecc163c9ddb46cb4d67cef
UCL-2022-23-M-0030,UEFA Champions League,2022-23,2022-09-14,21:00,2022-09-14T21:00:00,Gruppe G,group_stage,3,,G,not_applicable,0,0,ucl-fc-k-benhavn,ucl-sevilla-fc,FC København,Sevilla FC,FC København,Sevilla FC,DEN,ESP,0,0,0,0,,,,,Normal Time,D,0,0,0,1492.47,1498.97,58.5,13,39,0-0,2022-23/cl.txt,142,abfaeddc2ee3d14f99ecc163c9ddb46cb4d67cef
UCL-2022-23-M-0031,UEFA Champions League,2022-23,2022-09-14,21:00,2022-09-14T21:00:00,Gruppe H,group_stage,3,,H,not_applicable,0,0,ucl-juventus,ucl-benfica,Juventus,Benfica,Juventus,SL Benfica,ITA,POR,1,2,1,2,1,1,,,Normal Time,A,3,-1,1,1581.32,1510.21,136.11,95,75,1-2 (1-1),2022-23/cl.txt,162,abfaeddc2ee3d14f99ecc163c9ddb46cb4d67cef
UCL-2022-23-M-0032,UEFA Champions League,2022-23,2022-09-14,21:00,2022-09-14T21:00:00,Gruppe H,group_stage,3,,H,not_applicable,0,0,ucl-maccabi-haifa,ucl-paris-saint-germain,Maccabi Haifa,Paris Saint-Germain,Maccabi Haifa,Paris Saint-Germain,ISR,FRA,1,3,1,3,1,1,,,Normal Time,A,4,-2,1,1491.91,1588.23,-31.32,1,96,1-3 (1-1),2022-23/cl.txt,163,abfaeddc2ee3d14f99ecc163c9ddb46cb4d67cef
UCL-2022-23-M-0033,UEFA Champions League,2022-23,2022-10-04,18:45,2022-10-04T18:45:00,Group C,group_stage,3,,C,not_applicable,0,0,ucl-bayern-munich,ucl-viktoria-plzen,Bayern Munich,Viktoria Plzeň,Bayern München,Viktoria Plzeň,GER,CZE,5,0,5,0,3,0,,,Normal Time,H,5,5,0,1662.17,1473.22,253.95,125,20,5-0 (3-0),2022-23/cl.txt,60,abfaeddc2ee3d14f99ecc163c9ddb46cb4d67cef
UCL-2022-23-M-0034,UEFA Champions League,2022-23,2022-10-04,18:45,2022-10-04T18:45:00,Group D,group_stage,3,,D,not_applicable,0,0,ucl-olympique-marseille,ucl-sporting-cp,Olympique Marseille,Sporting CP,Olympique Marseille,Sporting CP,FRA,POR,4,1,4,1,3,1,,,Normal Time,H,5,3,1,1447.54,1513.41,-0.87,24,28,4-1 (3-1),2022-23/cl.txt,81,abfaeddc2ee3d14f99ecc163c9ddb46cb4d67cef
UCL-2022-23-M-0035,UEFA Champions League,2022-23,2022-10-04,21:00,2022-10-04T21:00:00,Group A,group_stage,3,,A,not_applicable,0,0,ucl-afc-ajax,ucl-ssc-napoli,AFC Ajax,SSC Napoli,AFC Ajax,SSC Napoli,NED,ITA,1,6,1,6,1,3,,,Normal Time,A,7,-5,1,1549.96,1543.18,71.78,58,44,1-6 (1-3),2022-23/cl.txt,18,abfaeddc2ee3d14f99ecc163c9ddb46cb4d67cef
UCL-2022-23-M-0036,UEFA Champions League,2022-23,2022-10-04,21:00,2022-10-04T21:00:00,Group A,group_stage,3,,A,not_applicable,0,0,ucl-liverpool-fc,ucl-rangers-fc,Liverpool FC,Rangers FC,Liverpool FC,Rangers FC,ENG,SCO,2,0,2,0,1,0,,,Normal Time,H,2,2,0,1608.0,1482.46,190.54,65,2,2-0 (1-0),2022-23/cl.txt,19,abfaeddc2ee3d14f99ecc163c9ddb46cb4d67cef
UCL-2022-23-M-0037,UEFA Champions League,2022-23,2022-10-04,21:00,2022-10-04T21:00:00,Group B,group_stage,3,,B,not_applicable,0,0,ucl-club-brugge-kv,ucl-atletico-madrid,Club Brugge KV,Atlético Madrid,Club Brugge KV,Atlético Madrid,BEL,ESP,2,0,2,0,1,0,,,Normal Time,H,2,2,0,1485.44,1527.48,22.96,32,91,2-0 (1-0),2022-23/cl.txt,39,abfaeddc2ee3d14f99ecc163c9ddb46cb4d67cef
UCL-2022-23-M-0038,UEFA Champions League,2022-23,2022-10-04,21:00,2022-10-04T21:00:00,Group B,group_stage,3,,B,not_applicable,0,0,ucl-fc-porto,ucl-bayer-leverkusen,FC Porto,Bayer Leverkusen,FC Porto,Bayer Leverkusen,POR,GER,2,0,2,0,0,0,,,Normal Time,H,2,2,0,1503.4,1497.15,71.25,80,46,2-0 (0-0),2022-23/cl.txt,40,abfaeddc2ee3d14f99ecc163c9ddb46cb4d67cef
UCL-2022-23-M-0039,UEFA Champions League,2022-23,2022-10-04,21:00,2022-10-04T21:00:00,Group C,group_stage,3,,C,not_applicable,0,0,ucl-inter-milan,ucl-fc-barcelona,Inter Milan,FC Barcelona,Inter,FC Barcelona,ITA,ESP,1,0,1,0,1,0,,,Normal Time,H,1,1,0,1518.63,1575.33,8.3,36,114,1-0 (1-0),2022-23/cl.txt,61,abfaeddc2ee3d14f99ecc163c9ddb46cb4d67cef
UCL-2022-23-M-0040,UEFA Champions League,2022-23,2022-10-04,21:00,2022-10-04T21:00:00,Group D,group_stage,3,,D,not_applicable,0,0,ucl-eintracht-frankfurt,ucl-tottenham-hotspur,Eintracht Frankfurt,Tottenham Hotspur,Eintracht Frankfurt,Tottenham Hotspur,GER,ENG,0,0,0,0,,,,,Normal Time,D,0,0,0,1498.97,1514.07,49.9,2,37,0-0,2022-23/cl.txt,82,abfaeddc2ee3d14f99ecc163c9ddb46cb4d67cef
UCL-2022-23-M-0041,UEFA Champions League,2022-23,2022-10-05,18:45,2022-10-05T18:45:00,Group E,group_stage,3,,E,not_applicable,0,0,ucl-rb-salzburg,ucl-dinamo-zagreb,RB Salzburg,Dinamo Zagreb,RB Salzburg,Dinamo Zagreb,AUT,CRO,1,0,1,0,0,0,,,Normal Time,H,1,1,0,1495.14,1459.12,101.02,22,32,1-0 (0-0),2022-23/cl.txt,102,abfaeddc2ee3d14f99ecc163c9ddb46cb4d67cef
UCL-2022-23-M-0042,UEFA Champions League,2022-23,2022-10-05,18:45,2022-10-05T18:45:00,Group F,group_stage,3,,F,not_applicable,0,0,ucl-rb-leipzig,ucl-celtic-fc,RB Leipzig,Celtic FC,RB Leipzig,Celtic FC,GER,SCO,3,1,3,1,1,0,,,Normal Time,H,4,2,1,1504.48,1466.84,102.64,32,28,3-1 (1-0),2022-23/cl.txt,123,abfaeddc2ee3d14f99ecc163c9ddb46cb4d67cef
UCL-2022-23-M-0043,UEFA Champions League,2022-23,2022-10-05,21:00,2022-10-05T21:00:00,Group E,group_stage,3,,E,not_applicable,0,0,ucl-chelsea-fc,ucl-ac-milan,Chelsea FC,AC Milan,Chelsea FC,AC Milan,ENG,ITA,3,0,3,0,1,0,,,Normal Time,H,3,3,0,1585.22,1493.6,156.62,88,34,3-0 (1-0),2022-23/cl.txt,103,abfaeddc2ee3d14f99ecc163c9ddb46cb4d67cef
UCL-2022-23-M-0044,UEFA Champions League,2022-23,2022-10-05,21:00,2022-10-05T21:00:00,Group F,group_stage,3,,F,not_applicable,0,0,ucl-real-madrid,ucl-shakhtar-donetsk,Real Madrid,Shakhtar Donetsk,Real Madrid,Shakhtar Donetsk,ESP,UKR,2,1,2,1,2,1,,,Normal Time,H,3,1,1,1614.56,1478.35,201.21,131,68,2-1 (2-1),2022-23/cl.txt,124,abfaeddc2ee3d14f99ecc163c9ddb46cb4d67cef
UCL-2022-23-M-0045,UEFA Champions League,2022-23,2022-10-05,21:00,2022-10-05T21:00:00,Gruppe G,group_stage,3,,G,not_applicable,0,0,ucl-sevilla-fc,ucl-borussia-dortmund,Sevilla FC,Borussia Dortmund,Sevilla FC,Borussia Dortmund,ESP,GER,1,4,1,4,0,3,,,Normal Time,A,5,-3,1,1500.64,1524.22,41.42,40,87,1-4 (0-3),2022-23/cl.txt,144,abfaeddc2ee3d14f99ecc163c9ddb46cb4d67cef
UCL-2022-23-M-0046,UEFA Champions League,2022-23,2022-10-05,21:00,2022-10-05T21:00:00,Gruppe G,group_stage,3,,G,not_applicable,0,0,ucl-manchester-city,ucl-fc-k-benhavn,Manchester City,FC København,Manchester City,FC København,ENG,DEN,5,0,5,0,3,0,,,Normal Time,H,5,5,0,1628.76,1490.8,202.96,104,14,5-0 (3-0),2022-23/cl.txt,145,abfaeddc2ee3d14f99ecc163c9ddb46cb4d67cef
UCL-2022-23-M-0047,UEFA Champions League,2022-23,2022-10-05,21:00,2022-10-05T21:00:00,Gruppe H,group_stage,3,,H,not_applicable,0,0,ucl-juventus,ucl-maccabi-haifa,Juventus,Maccabi Haifa,Juventus,Maccabi Haifa,ITA,ISR,3,1,3,1,1,0,,,Normal Time,H,4,2,1,1567.59,1482.81,149.78,96,2,3-1 (1-0),2022-23/cl.txt,165,abfaeddc2ee3d14f99ecc163c9ddb46cb4d67cef
UCL-2022-23-M-0048,UEFA Champions League,2022-23,2022-10-05,21:00,2022-10-05T21:00:00,Gruppe H,group_stage,3,,H,not_applicable,0,0,ucl-benfica,ucl-paris-saint-germain,Benfica,Paris Saint-Germain,SL Benfica,Paris Saint-Germain,POR,FRA,1,1,1,1,1,1,,,Normal Time,D,2,0,1,1523.93,1597.33,-8.39,76,97,1-1 (1-1),2022-23/cl.txt,166,abfaeddc2ee3d14f99ecc163c9ddb46cb4d67cef
UCL-2022-23-M-0049,UEFA Champions League,2022-23,2022-10-11,18:45,2022-10-11T18:45:00,Gruppe G,group_stage,3,,G,not_applicable,0,0,ucl-fc-k-benhavn,ucl-manchester-city,FC København,Manchester City,FC København,Manchester City,DEN,ENG,0,0,0,0,,,,,Normal Time,D,0,0,0,1486.06,1633.51,-82.45,15,105,0-0,2022-23/cl.txt,147,abfaeddc2ee3d14f99ecc163c9ddb46cb4d67cef
UCL-2022-23-M-0050,UEFA Champions League,2022-23,2022-10-11,18:45,2022-10-11T18:45:00,Gruppe H,group_stage,3,,H,not_applicable,0,0,ucl-maccabi-haifa,ucl-juventus,Maccabi Haifa,Juventus,Maccabi Haifa,Juventus,ISR,ITA,2,0,2,0,2,0,,,Normal Time,H,2,2,0,1476.87,1573.53,-31.66,3,97,2-0 (2-0),2022-23/cl.txt,168,abfaeddc2ee3d14f99ecc163c9ddb46cb4d67cef
UCL-2022-23-M-0051,UEFA Champions League,2022-23,2022-10-11,21:00,2022-10-11T21:00:00,Group E,group_stage,3,,E,not_applicable,0,0,ucl-ac-milan,ucl-chelsea-fc,AC Milan,Chelsea FC,AC Milan,Chelsea FC,ITA,ENG,0,2,0,2,0,2,,,Normal Time,A,2,-2,0,1487.82,1591.0,-38.17,35,89,0-2 (0-2),2022-23/cl.txt,105,abfaeddc2ee3d14f99ecc163c9ddb46cb4d67cef
UCL-2022-23-M-0052,UEFA Champions League,2022-23,2022-10-11,21:00,2022-10-11T21:00:00,Group E,group_stage,3,,E,not_applicable,0,0,ucl-dinamo-zagreb,ucl-rb-salzburg,Dinamo Zagreb,RB Salzburg,Dinamo Zagreb,RB Salzburg,CRO,AUT,1,1,1,1,1,1,,,Normal Time,D,2,0,1,1451.95,1502.31,14.64,33,23,1-1 (1-1),2022-23/cl.txt,106,abfaeddc2ee3d14f99ecc163c9ddb46cb4d67cef
UCL-2022-23-M-0053,UEFA Champions League,2022-23,2022-10-11,21:00,2022-10-11T21:00:00,Group F,group_stage,3,,F,not_applicable,0,0,ucl-celtic-fc,ucl-rb-leipzig,Celtic FC,RB Leipzig,Celtic FC,RB Leipzig,SCO,GER,0,2,0,2,0,0,,,Normal Time,A,2,-2,0,1459.71,1511.61,13.1,29,33,0-2 (0-0),2022-23/cl.txt,126,abfaeddc2ee3d14f99ecc163c9ddb46cb4d67cef
UCL-2022-23-M-0054,UEFA Champions League,2022-23,2022-10-11,21:00,2022-10-11T21:00:00,Group F,group_stage,3,,F,not_applicable,0,0,ucl-shakhtar-donetsk,ucl-real-madrid,Shakhtar Donetsk,Real Madrid,Shakhtar Donetsk,Real Madrid,UKR,ESP,1,1,1,1,0,0,,,Normal Time,D,2,0,1,1473.57,1619.34,-80.77,69,132,1-1 (0-0),2022-23/cl.txt,127,abfaeddc2ee3d14f99ecc163c9ddb46cb4d67cef
UCL-2022-23-M-0055,UEFA Champions League,2022-23,2022-10-11,21:00,2022-10-11T21:00:00,Gruppe G,group_stage,3,,G,not_applicable,0,0,ucl-borussia-dortmund,ucl-sevilla-fc,Borussia Dortmund,Sevilla FC,Borussia Dortmund,Sevilla FC,GER,ESP,1,1,1,1,1,1,,,Normal Time,D,2,0,1,1535.41,1489.45,110.95,88,41,1-1 (1-1),2022-23/cl.txt,148,abfaeddc2ee3d14f99ecc163c9ddb46cb4d67cef
UCL-2022-23-M-0056,UEFA Champions League,2022-23,2022-10-11,21:00,2022-10-11T21:00:00,Gruppe H,group_stage,3,,H,not_applicable,0,0,ucl-paris-saint-germain,ucl-benfica,Paris Saint-Germain,Benfica,Paris Saint-Germain,SL Benfica,FRA,POR,1,1,1,1,1,0,,,Normal Time,D,2,0,1,1597.09,1524.18,137.91,98,77,1-1 (1-0),2022-23/cl.txt,169,abfaeddc2ee3d14f99ecc163c9ddb46cb4d67cef
UCL-2022-23-M-0057,UEFA Champions League,2022-23,2022-10-12,18:45,2022-10-12T18:45:00,Group A,group_stage,3,,A,not_applicable,0,0,ucl-ssc-napoli,ucl-afc-ajax,SSC Napoli,AFC Ajax,SSC Napoli,AFC Ajax,ITA,NED,4,2,4,2,2,0,,,Normal Time,H,6,2,1,1555.22,1537.93,82.3,45,59,4-2 (2-0),2022-23/cl.txt,21,abfaeddc2ee3d14f99ecc163c9ddb46cb4d67cef
UCL-2022-23-M-0058,UEFA Champions League,2022-23,2022-10-12,18:45,2022-10-12T18:45:00,Group B,group_stage,3,,B,not_applicable,0,0,ucl-atletico-madrid,ucl-club-brugge-kv,Atlético Madrid,Club Brugge KV,Atlético Madrid,Club Brugge KV,ESP,BEL,0,0,0,0,,,,,Normal Time,D,0,0,0,1518.14,1494.78,88.36,92,33,0-0,2022-23/cl.txt,42,abfaeddc2ee3d14f99ecc163c9ddb46cb4d67cef
UCL-2022-23-M-0059,UEFA Champions League,2022-23,2022-10-12,21:00,2022-10-12T21:00:00,Group A,group_stage,3,,A,not_applicable,0,0,ucl-rangers-fc,ucl-liverpool-fc,Rangers FC,Liverpool FC,Rangers FC,Liverpool FC,SCO,ENG,1,7,1,7,1,1,,,Normal Time,A,8,-6,1,1477.45,1613.01,-70.56,3,66,1-7 (1-1),2022-23/cl.txt,22,abfaeddc2ee3d14f99ecc163c9ddb46cb4d67cef
UCL-2022-23-M-0060,UEFA Champions League,2022-23,2022-10-12,21:00,2022-10-12T21:00:00,Group B,group_stage,3,,B,not_applicable,0,0,ucl-bayer-leverkusen,ucl-fc-porto,Bayer Leverkusen,FC Porto,Bayer Leverkusen,FC Porto,GER,POR,0,3,0,3,0,1,,,Normal Time,A,3,-3,0,1489.17,1511.38,42.79,47,81,0-3 (0-1),2022-23/cl.txt,43,abfaeddc2ee3d14f99ecc163c9ddb46cb4d67cef
UCL-2022-23-M-0061,UEFA Champions League,2022-23,2022-10-12,21:00,2022-10-12T21:00:00,Group C,group_stage,3,,C,not_applicable,0,0,ucl-viktoria-plzen,ucl-bayern-munich,Viktoria Plzeň,Bayern Munich,Viktoria Plzeň,Bayern München,CZE,GER,2,4,2,4,0,4,,,Normal Time,A,6,-2,1,1469.46,1665.93,-131.47,21,126,2-4 (0-4),2022-23/cl.txt,63,abfaeddc2ee3d14f99ecc163c9ddb46cb4d67cef
UCL-2022-23-M-0062,UEFA Champions League,2022-23,2022-10-12,21:00,2022-10-12T21:00:00,Group C,group_stage,3,,C,not_applicable,0,0,ucl-fc-barcelona,ucl-inter-milan,FC Barcelona,Inter Milan,FC Barcelona,Inter,ESP,ITA,3,3,3,3,1,0,,,Normal Time,D,6,0,1,1565.57,1528.4,102.18,115,37,3-3 (1-0),2022-23/cl.txt,64,abfaeddc2ee3d14f99ecc163c9ddb46cb4d67cef
UCL-2022-23-M-0063,UEFA Champions League,2022-23,2022-10-12,21:00,2022-10-12T21:00:00,Group D,group_stage,3,,D,not_applicable,0,0,ucl-tottenham-hotspur,ucl-eintracht-frankfurt,Tottenham Hotspur,Eintracht Frankfurt,Tottenham Hotspur,Eintracht Frankfurt,ENG,GER,3,2,3,2,3,1,,,Normal Time,H,5,1,1,1515.5,1497.54,82.96,38,3,3-2 (3-1),2022-23/cl.txt,84,abfaeddc2ee3d14f99ecc163c9ddb46cb4d67cef
UCL-2022-23-M-0064,UEFA Champions League,2022-23,2022-10-12,21:00,2022-10-12T21:00:00,Group D,group_stage,3,,D,not_applicable,0,0,ucl-sporting-cp,ucl-olympique-marseille,Sporting CP,Olympique Marseille,Sporting CP,Olympique Marseille,POR,FRA,0,2,0,2,0,2,,,Normal Time,A,2,-2,0,1503.39,1457.57,110.82,29,25,0-2 (0-2),2022-23/cl.txt,85,abfaeddc2ee3d14f99ecc163c9ddb46cb4d67cef
UCL-2022-23-M-0065,UEFA Champions League,2022-23,2022-10-25,18:45,2022-10-25T18:45:00,Group E,group_stage,3,,E,not_applicable,0,0,ucl-rb-salzburg,ucl-chelsea-fc,RB Salzburg,Chelsea FC,RB Salzburg,Chelsea FC,AUT,ENG,1,2,1,2,0,1,,,Normal Time,A,3,-1,1,1502.73,1599.9,-32.17,24,90,1-2 (0-1),2022-23/cl.txt,108,abfaeddc2ee3d14f99ecc163c9ddb46cb4d67cef
UCL-2022-23-M-0066,UEFA Champions League,2022-23,2022-10-25,18:45,2022-10-25T18:45:00,Gruppe G,group_stage,3,,G,not_applicable,0,0,ucl-sevilla-fc,ucl-fc-k-benhavn,Sevilla FC,FC København,Sevilla FC,FC København,ESP,DEN,3,0,3,0,0,0,,,Normal Time,H,3,3,0,1492.54,1488.39,69.15,42,16,3-0 (0-0),2022-23/cl.txt,150,abfaeddc2ee3d14f99ecc163c9ddb46cb4d67cef
UCL-2022-23-M-0067,UEFA Champions League,2022-23,2022-10-25,21:00,2022-10-25T21:00:00,Group E,group_stage,3,,E,not_applicable,0,0,ucl-dinamo-zagreb,ucl-ac-milan,Dinamo Zagreb,AC Milan,Dinamo Zagreb,AC Milan,CRO,ITA,0,4,0,4,0,1,,,Normal Time,A,4,-4,0,1451.53,1478.92,37.61,34,36,0-4 (0-1),2022-23/cl.txt,109,abfaeddc2ee3d14f99ecc163c9ddb46cb4d67cef
UCL-2022-23-M-0068,UEFA Champions League,2022-23,2022-10-25,21:00,2022-10-25T21:00:00,Group F,group_stage,3,,F,not_applicable,0,0,ucl-celtic-fc,ucl-shakhtar-donetsk,Celtic FC,Shakhtar Donetsk,Celtic FC,Shakhtar Donetsk,SCO,UKR,1,1,1,1,1,0,,,Normal Time,D,2,0,1,1449.34,1475.85,38.48,30,70,1-1 (1-0),2022-23/cl.txt,129,abfaeddc2ee3d14f99ecc163c9ddb46cb4d67cef
UCL-2022-23-M-0069,UEFA Champions League,2022-23,2022-10-25,21:00,2022-10-25T21:00:00,Group F,group_stage,3,,F,not_applicable,0,0,ucl-rb-leipzig,ucl-real-madrid,RB Leipzig,Real Madrid,RB Leipzig,Real Madrid,GER,ESP,3,2,3,2,2,1,,,Normal Time,H,5,1,1,1521.99,1617.06,-30.07,34,133,3-2 (2-1),2022-23/cl.txt,130,abfaeddc2ee3d14f99ecc163c9ddb46cb4d67cef
UCL-2022-23-M-0070,UEFA Champions League,2022-23,2022-10-25,21:00,2022-10-25T21:00:00,Gruppe G,group_stage,3,,G,not_applicable,0,0,ucl-borussia-dortmund,ucl-manchester-city,Borussia Dortmund,Manchester City,Borussia Dortmund,Manchester City,GER,ENG,0,0,0,0,,,,,Normal Time,D,0,0,0,1532.32,1631.18,-33.86,89,106,0-0,2022-23/cl.txt,151,abfaeddc2ee3d14f99ecc163c9ddb46cb4d67cef
UCL-2022-23-M-0071,UEFA Champions League,2022-23,2022-10-25,21:00,2022-10-25T21:00:00,Gruppe H,group_stage,3,,H,not_applicable,0,0,ucl-benfica,ucl-juventus,Benfica,Juventus,SL Benfica,Juventus,POR,ITA,4,3,4,3,2,1,,,Normal Time,H,7,1,1,1527.95,1562.62,30.33,78,98,4-3 (2-1),2022-23/cl.txt,171,abfaeddc2ee3d14f99ecc163c9ddb46cb4d67cef
UCL-2022-23-M-0072,UEFA Champions League,2022-23,2022-10-25,21:00,2022-10-25T21:00:00,Gruppe H,group_stage,3,,H,not_applicable,0,0,ucl-paris-saint-germain,ucl-maccabi-haifa,Paris Saint-Germain,Maccabi Haifa,Paris Saint-Germain,Maccabi Haifa,FRA,ISR,7,2,7,2,4,1,,,Normal Time,H,9,5,1,1593.31,1487.78,170.54,99,4,7-2 (4-1),2022-23/cl.txt,172,abfaeddc2ee3d14f99ecc163c9ddb46cb4d67cef
UCL-2022-23-M-0073,UEFA Champions League,2022-23,2022-10-26,18:45,2022-10-26T18:45:00,Group B,group_stage,3,,B,not_applicable,0,0,ucl-club-brugge-kv,ucl-fc-porto,Club Brugge KV,FC Porto,Club Brugge KV,FC Porto,BEL,POR,0,4,0,4,0,1,,,Normal Time,A,4,-4,0,1497.27,1522.61,39.66,34,82,0-4 (0-1),2022-23/cl.txt,45,abfaeddc2ee3d14f99ecc163c9ddb46cb4d67cef
UCL-2022-23-M-0074,UEFA Champions League,2022-23,2022-10-26,18:45,2022-10-26T18:45:00,Group C,group_stage,3,,C,not_applicable,0,0,ucl-inter-milan,ucl-viktoria-plzen,Inter Milan,Viktoria Plzeň,Inter,Viktoria Plzeň,ITA,CZE,4,0,4,0,2,0,,,Normal Time,H,4,4,0,1531.25,1463.07,133.18,38,22,4-0 (2-0),2022-23/cl.txt,66,abfaeddc2ee3d14f99ecc163c9ddb46cb4d67cef
UCL-2022-23-M-0075,UEFA Champions League,2022-23,2022-10-26,21:00,2022-10-26T21:00:00,Group A,group_stage,3,,A,not_applicable,0,0,ucl-afc-ajax,ucl-liverpool-fc,AFC Ajax,Liverpool FC,AFC Ajax,Liverpool FC,NED,ENG,0,3,0,3,0,1,,,Normal Time,A,3,-3,0,1530.25,1621.0,-25.75,60,67,0-3 (0-1),2022-23/cl.txt,24,abfaeddc2ee3d14f99ecc163c9ddb46cb4d67cef
UCL-2022-23-M-0076,UEFA Champions League,2022-23,2022-10-26,21:00,2022-10-26T21:00:00,Group A,group_stage,3,,A,not_applicable,0,0,ucl-ssc-napoli,ucl-rangers-fc,SSC Napoli,Rangers FC,SSC Napoli,Rangers FC,ITA,SCO,3,0,3,0,2,0,,,Normal Time,H,3,3,0,1562.9,1469.45,158.44,46,4,3-0 (2-0),2022-23/cl.txt,25,abfaeddc2ee3d14f99ecc163c9ddb46cb4d67cef
UCL-2022-23-M-0077,UEFA Champions League,2022-23,2022-10-26,21:00,2022-10-26T21:00:00,Group B,group_stage,3,,B,not_applicable,0,0,ucl-atletico-madrid,ucl-bayer-leverkusen,Atlético Madrid,Bayer Leverkusen,Atlético Madrid,Bayer Leverkusen,ESP,GER,2,2,2,2,1,2,,,Normal Time,D,4,0,1,1515.65,1477.95,102.71,93,48,2-2 (1-2),2022-23/cl.txt,46,abfaeddc2ee3d14f99ecc163c9ddb46cb4d67cef
UCL-2022-23-M-0078,UEFA Champions League,2022-23,2022-10-26,21:00,2022-10-26T21:00:00,Group C,group_stage,3,,C,not_applicable,0,0,ucl-fc-barcelona,ucl-bayern-munich,FC Barcelona,Bayern Munich,FC Barcelona,Bayern München,ESP,GER,0,3,0,3,0,2,,,Normal Time,A,3,-3,0,1562.71,1672.32,-44.6,116,127,0-3 (0-2),2022-23/cl.txt,67,abfaeddc2ee3d14f99ecc163c9ddb46cb4d67cef
UCL-2022-23-M-0079,UEFA Champions League,2022-23,2022-10-26,21:00,2022-10-26T21:00:00,Group D,group_stage,3,,D,not_applicable,0,0,ucl-eintracht-frankfurt,ucl-olympique-marseille,Eintracht Frankfurt,Olympique Marseille,Eintracht Frankfurt,Olympique Marseille,GER,FRA,2,1,2,1,2,1,,,Normal Time,H,3,1,1,1489.89,1470.65,84.24,4,26,2-1 (2-1),2022-23/cl.txt,87,abfaeddc2ee3d14f99ecc163c9ddb46cb4d67cef
UCL-2022-23-M-0080,UEFA Champions League,2022-23,2022-10-26,21:00,2022-10-26T21:00:00,Group D,group_stage,3,,D,not_applicable,0,0,ucl-tottenham-hotspur,ucl-sporting-cp,Tottenham Hotspur,Sporting CP,Tottenham Hotspur,Sporting CP,ENG,POR,1,1,1,1,0,1,,,Normal Time,D,2,0,1,1523.16,1490.3,97.86,39,30,1-1 (0-1),2022-23/cl.txt,88,abfaeddc2ee3d14f99ecc163c9ddb46cb4d67cef
UCL-2022-23-M-0081,UEFA Champions League,2022-23,2022-11-01,18:45,2022-11-01T18:45:00,Group B,group_stage,3,,B,not_applicable,0,0,ucl-fc-porto,ucl-atletico-madrid,FC Porto,Atlético Madrid,FC Porto,Atlético Madrid,POR,ESP,2,1,2,1,2,0,,,Normal Time,H,3,1,1,1533.74,1512.78,85.96,83,94,2-1 (2-0),2022-23/cl.txt,48,abfaeddc2ee3d14f99ecc163c9ddb46cb4d67cef
UCL-2022-23-M-0082,UEFA Champions League,2022-23,2022-11-01,18:45,2022-11-01T18:45:00,Group B,group_stage,3,,B,not_applicable,0,0,ucl-bayer-leverkusen,ucl-club-brugge-kv,Bayer Leverkusen,Club Brugge KV,Bayer Leverkusen,Club Brugge KV,GER,BEL,0,0,0,0,,,,,Normal Time,D,0,0,0,1480.82,1486.13,59.69,49,35,0-0,2022-23/cl.txt,49,abfaeddc2ee3d14f99ecc163c9ddb46cb4d67cef
UCL-2022-23-M-0083,UEFA Champions League,2022-23,2022-11-01,21:00,2022-11-01T21:00:00,Group A,group_stage,3,,A,not_applicable,0,0,ucl-rangers-fc,ucl-afc-ajax,Rangers FC,AFC Ajax,Rangers FC,AFC Ajax,SCO,NED,1,3,1,3,0,2,,,Normal Time,A,4,-2,1,1463.72,1520.99,7.73,5,61,1-3 (0-2),2022-23/cl.txt,27,abfaeddc2ee3d14f99ecc163c9ddb46cb4d67cef
UCL-2022-23-M-0084,UEFA Champions League,2022-23,2022-11-01,21:00,2022-11-01T21:00:00,Group A,group_stage,3,,A,not_applicable,0,0,ucl-liverpool-fc,ucl-ssc-napoli,Liverpool FC,SSC Napoli,Liverpool FC,SSC Napoli,ENG,ITA,2,0,2,0,0,0,,,Normal Time,H,2,2,0,1630.26,1568.63,126.64,68,47,2-0 (0-0),2022-23/cl.txt,28,abfaeddc2ee3d14f99ecc163c9ddb46cb4d67cef
UCL-2022-23-M-0085,UEFA Champions League,2022-23,2022-11-01,21:00,2022-11-01T21:00:00,Group C,group_stage,3,,C,not_applicable,0,0,ucl-bayern-munich,ucl-inter-milan,Bayern Munich,Inter Milan,Bayern München,Inter,GER,ITA,2,0,2,0,1,0,,,Normal Time,H,2,2,0,1681.04,1537.6,208.44,128,39,2-0 (1-0),2022-23/cl.txt,69,abfaeddc2ee3d14f99ecc163c9ddb46cb4d67cef
UCL-2022-23-M-0086,UEFA Champions League,2022-23,2022-11-01,21:00,2022-11-01T21:00:00,Group C,group_stage,3,,C,not_applicable,0,0,ucl-viktoria-plzen,ucl-fc-barcelona,Viktoria Plzeň,FC Barcelona,Viktoria Plzeň,FC Barcelona,CZE,ESP,2,4,2,4,0,2,,,Normal Time,A,6,-2,1,1456.73,1553.99,-32.26,23,117,2-4 (0-2),2022-23/cl.txt,70,abfaeddc2ee3d14f99ecc163c9ddb46cb4d67cef
UCL-2022-23-M-0087,UEFA Champions League,2022-23,2022-11-01,21:00,2022-11-01T21:00:00,Group D,group_stage,3,,D,not_applicable,0,0,ucl-sporting-cp,ucl-eintracht-frankfurt,Sporting CP,Eintracht Frankfurt,Sporting CP,Eintracht Frankfurt,POR,GER,1,2,1,2,1,0,,,Normal Time,A,3,-1,1,1493.05,1497.51,60.54,31,5,1-2 (1-0),2022-23/cl.txt,90,abfaeddc2ee3d14f99ecc163c9ddb46cb4d67cef
UCL-2022-23-M-0088,UEFA Champions League,2022-23,2022-11-01,21:00,2022-11-01T21:00:00,Group D,group_stage,3,,D,not_applicable,0,0,ucl-olympique-marseille,ucl-tottenham-hotspur,Olympique Marseille,Tottenham Hotspur,Olympique Marseille,Tottenham Hotspur,FRA,ENG,1,2,1,2,1,0,,,Normal Time,A,3,-1,1,1463.03,1520.41,7.62,27,40,1-2 (1-0),2022-23/cl.txt,91,abfaeddc2ee3d14f99ecc163c9ddb46cb4d67cef
UCL-2022-23-M-0089,UEFA Champions League,2022-23,2022-11-02,18:45,2022-11-02T18:45:00,Group F,group_stage,3,,F,not_applicable,0,0,ucl-real-madrid,ucl-celtic-fc,Real Madrid,Celtic FC,Real Madrid,Celtic FC,ESP,SCO,5,1,5,1,2,0,,,Normal Time,H,6,4,1,1606.2,1448.23,222.96,134,31,5-1 (2-0),2022-23/cl.txt,132,abfaeddc2ee3d14f99ecc163c9ddb46cb4d67cef
UCL-2022-23-M-0090,UEFA Champions League,2022-23,2022-11-02,18:45,2022-11-02T18:45:00,Group F,group_stage,3,,F,not_applicable,0,0,ucl-shakhtar-donetsk,ucl-rb-leipzig,Shakhtar Donetsk,RB Leipzig,Shakhtar Donetsk,RB Leipzig,UKR,GER,0,4,0,4,0,1,,,Normal Time,A,4,-4,0,1476.96,1532.85,9.11,71,35,0-4 (0-1),2022-23/cl.txt,133,abfaeddc2ee3d14f99ecc163c9ddb46cb4d67cef
UCL-2022-23-M-0091,UEFA Champions League,2022-23,2022-11-02,21:00,2022-11-02T21:00:00,Group E,group_stage,3,,E,not_applicable,0,0,ucl-ac-milan,ucl-rb-salzburg,AC Milan,RB Salzburg,AC Milan,RB Salzburg,ITA,AUT,4,0,4,0,1,0,,,Normal Time,H,4,4,0,1490.0,1493.65,61.34,37,25,4-0 (1-0),2022-23/cl.txt,111,abfaeddc2ee3d14f99ecc163c9ddb46cb4d67cef
UCL-2022-23-M-0092,UEFA Champions League,2022-23,2022-11-02,21:00,2022-11-02T21:00:00,Group E,group_stage,3,,E,not_applicable,0,0,ucl-chelsea-fc,ucl-dinamo-zagreb,Chelsea FC,Dinamo Zagreb,Chelsea FC,Dinamo Zagreb,ENG,CRO,2,1,2,1,2,1,,,Normal Time,H,3,1,1,1608.98,1440.45,233.53,91,35,2-1 (2-1),2022-23/cl.txt,112,abfaeddc2ee3d14f99ecc163c9ddb46cb4d67cef
UCL-2022-23-M-0093,UEFA Champions League,2022-23,2022-11-02,21:00,2022-11-02T21:00:00,Gruppe G,group_stage,3,,G,not_applicable,0,0,ucl-fc-k-benhavn,ucl-borussia-dortmund,FC København,Borussia Dortmund,FC København,Borussia Dortmund,DEN,GER,1,1,1,1,1,1,,,Normal Time,D,2,0,1,1480.35,1533.29,12.07,17,90,1-1 (1-1),2022-23/cl.txt,153,abfaeddc2ee3d14f99ecc163c9ddb46cb4d67cef
UCL-2022-23-M-0094,UEFA Champions League,2022-23,2022-11-02,21:00,2022-11-02T21:00:00,Gruppe G,group_stage,3,,G,not_applicable,0,0,ucl-manchester-city,ucl-sevilla-fc,Manchester City,Sevilla FC,Manchester City,Sevilla FC,ENG,ESP,3,1,3,1,0,1,,,Normal Time,H,4,2,1,1630.21,1500.58,194.63,107,43,3-1 (0-1),2022-23/cl.txt,154,abfaeddc2ee3d14f99ecc163c9ddb46cb4d67cef
UCL-2022-23-M-0095,UEFA Champions League,2022-23,2022-11-02,21:00,2022-11-02T21:00:00,Gruppe H,group_stage,3,,H,not_applicable,0,0,ucl-juventus,ucl-paris-saint-germain,Juventus,Paris Saint-Germain,Juventus,Paris Saint-Germain,ITA,FRA,1,2,1,2,1,1,,,Normal Time,A,3,-1,1,1553.49,1598.77,19.72,99,100,1-2 (1-1),2022-23/cl.txt,174,abfaeddc2ee3d14f99ecc163c9ddb46cb4d67cef
UCL-2022-23-M-0096,UEFA Champions League,2022-23,2022-11-02,21:00,2022-11-02T21:00:00,Gruppe H,group_stage,3,,H,not_applicable,0,0,ucl-maccabi-haifa,ucl-benfica,Maccabi Haifa,Benfica,Maccabi Haifa,SL Benfica,ISR,POR,1,6,1,6,1,1,,,Normal Time,A,7,-5,1,1482.33,1537.08,10.25,5,79,1-6 (1-1),2022-23/cl.txt,175,abfaeddc2ee3d14f99ecc163c9ddb46cb4d67cef
UCL-2022-23-M-0097,UEFA Champions League,2022-23,2023-02-14,21:00,2023-02-14T21:00:00,Round of 16,round_of_16,5,,,1,0,0,ucl-ac-milan,ucl-tottenham-hotspur,AC Milan,Tottenham Hotspur,AC Milan,Tottenham Hotspur,ITA,ENG,1,0,1,0,1,0,,,Normal Time,H,1,1,0,1498.25,1530.63,32.62,38,41,1-0 (1-0),2022-23/cl.txt,180,abfaeddc2ee3d14f99ecc163c9ddb46cb4d67cef
UCL-2022-23-M-0098,UEFA Champions League,2022-23,2023-02-14,21:00,2023-02-14T21:00:00,Round of 16,round_of_16,5,,,1,0,0,ucl-paris-saint-germain,ucl-bayern-munich,Paris Saint-Germain,Bayern Munich,Paris Saint-Germain,Bayern München,FRA,GER,0,1,0,1,0,0,,,Normal Time,A,1,-1,0,1609.33,1685.67,-11.34,101,129,0-1 (0-0),2022-23/cl.txt,181,abfaeddc2ee3d14f99ecc163c9ddb46cb4d67cef
UCL-2022-23-M-0099,UEFA Champions League,2022-23,2023-02-15,21:00,2023-02-15T21:00:00,Round of 16,round_of_16,5,,,1,0,0,ucl-club-brugge-kv,ucl-benfica,Club Brugge KV,Benfica,Club Brugge KV,SL Benfica,BEL,POR,0,2,0,2,0,0,,,Normal Time,A,2,-2,0,1487.83,1547.37,5.46,36,80,0-2 (0-0),2022-23/cl.txt,183,abfaeddc2ee3d14f99ecc163c9ddb46cb4d67cef
UCL-2022-23-M-0100,UEFA Champions League,2022-23,2023-02-15,21:00,2023-02-15T21:00:00,Round of 16,round_of_16,5,,,1,0,0,ucl-borussia-dortmund,ucl-chelsea-fc,Borussia Dortmund,Chelsea FC,Borussia Dortmund,Chelsea FC,GER,ENG,1,0,1,0,0,0,,,Normal Time,H,1,1,0,1533.64,1613.12,-14.48,91,92,1-0 (0-0),2022-23/cl.txt,184,abfaeddc2ee3d14f99ecc163c9ddb46cb4d67cef
UCL-2022-23-M-0101,UEFA Champions League,2022-23,2023-02-21,21:00,2023-02-21T21:00:00,Round of 16,round_of_16,5,,,1,0,0,ucl-liverpool-fc,ucl-real-madrid,Liverpool FC,Real Madrid,Liverpool FC,Real Madrid,ENG,ESP,2,5,2,5,2,2,,,Normal Time,A,7,-3,1,1636.77,1610.53,91.24,69,135,2-5 (2-2),2022-23/cl.txt,186,abfaeddc2ee3d14f99ecc163c9ddb46cb4d67cef
UCL-2022-23-M-0102,UEFA Champions League,2022-23,2023-02-21,21:00,2023-02-21T21:00:00,Round of 16,round_of_16,5,,,1,0,0,ucl-eintracht-frankfurt,ucl-ssc-napoli,Eintracht Frankfurt,SSC Napoli,Eintracht Frankfurt,SSC Napoli,GER,ITA,0,2,0,2,0,1,,,Normal Time,A,2,-2,0,1509.23,1562.12,12.11,6,48,0-2 (0-1),2022-23/cl.txt,187,abfaeddc2ee3d14f99ecc163c9ddb46cb4d67cef
UCL-2022-23-M-0103,UEFA Champions League,2022-23,2023-02-22,21:00,2023-02-22T21:00:00,Round of 16,round_of_16,5,,,1,0,0,ucl-rb-leipzig,ucl-manchester-city,RB Leipzig,Manchester City,RB Leipzig,Manchester City,GER,ENG,1,1,1,1,0,1,,,Normal Time,D,2,0,1,1543.11,1635.13,-27.01,36,108,1-1 (0-1),2022-23/cl.txt,189,abfaeddc2ee3d14f99ecc163c9ddb46cb4d67cef
UCL-2022-23-M-0104,UEFA Champions League,2022-23,2023-02-22,21:00,2023-02-22T21:00:00,Round of 16,round_of_16,5,,,1,0,0,ucl-inter-milan,ucl-fc-porto,Inter Milan,FC Porto,Inter,FC Porto,ITA,POR,1,0,1,0,0,0,,,Normal Time,H,1,1,0,1532.97,1541.32,56.65,40,84,1-0 (0-0),2022-23/cl.txt,190,abfaeddc2ee3d14f99ecc163c9ddb46cb4d67cef
UCL-2022-23-M-0105,UEFA Champions League,2022-23,2023-03-07,21:00,2023-03-07T21:00:00,Round of 16,round_of_16,5,,,2,0,0,ucl-benfica,ucl-club-brugge-kv,Benfica,Club Brugge KV,SL Benfica,Club Brugge KV,POR,BEL,5,1,5,1,2,0,,,Normal Time,H,6,4,1,1557.53,1477.68,144.85,81,37,5-1 (2-0),2022-23/cl.txt,192,abfaeddc2ee3d14f99ecc163c9ddb46cb4d67cef
UCL-2022-23-M-0106,UEFA Champions League,2022-23,2023-03-07,21:10,2023-03-07T21:10:00,Round of 16,round_of_16,5,,,2,0,0,ucl-chelsea-fc,ucl-borussia-dortmund,Chelsea FC,Borussia Dortmund,Chelsea FC,Borussia Dortmund,ENG,GER,2,0,2,0,1,0,,,Normal Time,H,2,2,0,1602.7,1544.05,123.65,93,92,2-0 (1-0),2022-23/cl.txt,193,abfaeddc2ee3d14f99ecc163c9ddb46cb4d67cef
UCL-2022-23-M-0107,UEFA Champions League,2022-23,2023-03-08,21:00,2023-03-08T21:00:00,Round of 16,round_of_16,5,,,2,0,0,ucl-bayern-munich,ucl-paris-saint-germain,Bayern Munich,Paris Saint-Germain,Bayern München,Paris Saint-Germain,GER,FRA,2,0,2,0,0,0,,,Normal Time,H,2,2,0,1695.34,1599.66,160.69,130,102,2-0 (0-0),2022-23/cl.txt,195,abfaeddc2ee3d14f99ecc163c9ddb46cb4d67cef
UCL-2022-23-M-0108,UEFA Champions League,2022-23,2023-03-08,21:10,2023-03-08T21:10:00,Round of 16,round_of_16,5,,,2,0,0,ucl-tottenham-hotspur,ucl-ac-milan,Tottenham Hotspur,AC Milan,Tottenham Hotspur,AC Milan,ENG,ITA,0,0,0,0,,,,,Normal Time,D,0,0,0,1521.57,1507.31,79.26,42,39,0-0,2022-23/cl.txt,196,abfaeddc2ee3d14f99ecc163c9ddb46cb4d67cef
UCL-2022-23-M-0109,UEFA Champions League,2022-23,2023-03-14,21:00,2023-03-14T21:00:00,Round of 16,round_of_16,5,,,2,0,0,ucl-manchester-city,ucl-rb-leipzig,Manchester City,RB Leipzig,Manchester City,RB Leipzig,ENG,GER,7,0,7,0,3,0,,,Normal Time,H,7,7,0,1634.35,1543.89,155.46,109,37,7-0 (3-0),2022-23/cl.txt,198,abfaeddc2ee3d14f99ecc163c9ddb46cb4d67cef
UCL-2022-23-M-0110,UEFA Champions League,2022-23,2023-03-14,21:00,2023-03-14T21:00:00,Round of 16,round_of_16,5,,,2,0,0,ucl-fc-porto,ucl-inter-milan,FC Porto,Inter Milan,FC Porto,Inter,POR,ITA,0,0,0,0,,,,,Normal Time,D,0,0,0,1532.93,1541.35,56.58,85,41,0-0,2022-23/cl.txt,199,abfaeddc2ee3d14f99ecc163c9ddb46cb4d67cef
UCL-2022-23-M-0111,UEFA Champions League,2022-23,2023-03-15,21:00,2023-03-15T21:00:00,Round of 16,round_of_16,5,,,2,0,0,ucl-real-madrid,ucl-liverpool-fc,Real Madrid,Liverpool FC,Real Madrid,Liverpool FC,ESP,ENG,1,0,1,0,0,0,,,Normal Time,H,1,1,0,1623.1,1624.2,63.9,136,70,1-0 (0-0),2022-23/cl.txt,201,abfaeddc2ee3d14f99ecc163c9ddb46cb4d67cef
UCL-2022-23-M-0112,UEFA Champions League,2022-23,2023-03-15,21:00,2023-03-15T21:00:00,Round of 16,round_of_16,5,,,2,0,0,ucl-ssc-napoli,ucl-eintracht-frankfurt,SSC Napoli,Eintracht Frankfurt,SSC Napoli,Eintracht Frankfurt,ITA,GER,3,0,3,0,1,0,,,Normal Time,H,3,3,0,1572.47,1498.89,138.58,49,7,3-0 (1-0),2022-23/cl.txt,202,abfaeddc2ee3d14f99ecc163c9ddb46cb4d67cef
UCL-2022-23-M-0113,UEFA Champions League,2022-23,2023-04-11,21:00,2023-04-11T21:00:00,Quarterfinals,quarterfinal,6,,,1,0,0,ucl-benfica,ucl-inter-milan,Benfica,Inter Milan,SL Benfica,Inter,POR,ITA,0,2,0,2,0,0,,,Normal Time,A,2,-2,0,1563.59,1542.97,85.62,82,42,0-2 (0-0),2022-23/cl.txt,207,abfaeddc2ee3d14f99ecc163c9ddb46cb4d67cef
UCL-2022-23-M-0114,UEFA Champions League,2022-23,2023-04-11,21:00,2023-04-11T21:00:00,Quarterfinals,quarterfinal,6,,,1,0,0,ucl-manchester-city,ucl-bayern-munich,Manchester City,Bayern Munich,Manchester City,Bayern München,ENG,GER,3,0,3,0,1,0,,,Normal Time,H,3,3,0,1640.15,1701.02,4.13,110,131,3-0 (1-0),2022-23/cl.txt,208,abfaeddc2ee3d14f99ecc163c9ddb46cb4d67cef
UCL-2022-23-M-0115,UEFA Champions League,2022-23,2023-04-12,21:00,2023-04-12T21:00:00,Quarterfinals,quarterfinal,6,,,1,0,0,ucl-real-madrid,ucl-chelsea-fc,Real Madrid,Chelsea FC,Real Madrid,Chelsea FC,ESP,ENG,2,0,2,0,1,0,,,Normal Time,H,2,2,0,1631.28,1609.28,87.0,137,94,2-0 (1-0),2022-23/cl.txt,210,abfaeddc2ee3d14f99ecc163c9ddb46cb4d67cef
UCL-2022-23-M-0116,UEFA Champions League,2022-23,2023-04-12,21:00,2023-04-12T21:00:00,Quarterfinals,quarterfinal,6,,,1,0,0,ucl-ac-milan,ucl-ssc-napoli,AC Milan,SSC Napoli,AC Milan,SSC Napoli,ITA,ITA,1,0,1,0,1,0,,,Normal Time,H,1,1,0,1509.56,1578.68,-4.12,40,50,1-0 (1-0),2022-23/cl.txt,211,abfaeddc2ee3d14f99ecc163c9ddb46cb4d67cef
UCL-2022-23-M-0117,UEFA Champions League,2022-23,2023-04-18,21:00,2023-04-18T21:00:00,Quarterfinals,quarterfinal,6,,,2,0,0,ucl-chelsea-fc,ucl-real-madrid,Chelsea FC,Real Madrid,Chelsea FC,Real Madrid,ENG,ESP,0,2,0,2,0,0,,,Normal Time,A,2,-2,0,1601.74,1638.83,27.91,95,138,0-2 (0-0),2022-23/cl.txt,213,abfaeddc2ee3d14f99ecc163c9ddb46cb4d67cef
UCL-2022-23-M-0118,UEFA Champions League,2022-23,2023-04-18,21:00,2023-04-18T21:00:00,Quarterfinals,quarterfinal,6,,,2,0,0,ucl-ssc-napoli,ucl-ac-milan,SSC Napoli,AC Milan,SSC Napoli,AC Milan,ITA,ITA,1,1,1,1,0,1,,,Normal Time,D,2,0,1,1568.56,1519.67,113.88,51,41,1-1 (0-1),2022-23/cl.txt,214,abfaeddc2ee3d14f99ecc163c9ddb46cb4d67cef
UCL-2022-23-M-0119,UEFA Champions League,2022-23,2023-04-19,21:00,2023-04-19T21:00:00,Quarterfinals,quarterfinal,6,,,2,0,0,ucl-inter-milan,ucl-benfica,Inter Milan,Benfica,Inter,SL Benfica,ITA,POR,3,3,3,3,1,1,,,Normal Time,D,6,0,1,1555.38,1551.17,69.21,43,83,3-3 (1-1),2022-23/cl.txt,216,abfaeddc2ee3d14f99ecc163c9ddb46cb4d67cef
UCL-2022-23-M-0120,UEFA Champions League,2022-23,2023-04-19,21:00,2023-04-19T21:00:00,Quarterfinals,quarterfinal,6,,,2,0,0,ucl-bayern-munich,ucl-manchester-city,Bayern Munich,Manchester City,Bayern München,Manchester City,GER,ENG,1,1,1,1,0,0,,,Normal Time,D,2,0,1,1691.14,1650.03,106.11,132,111,1-1 (0-0),2022-23/cl.txt,217,abfaeddc2ee3d14f99ecc163c9ddb46cb4d67cef
UCL-2022-23-M-0121,UEFA Champions League,2022-23,2023-05-09,21:00,2023-05-09T21:00:00,Semifinals,semifinal,7,,,1,0,0,ucl-real-madrid,ucl-manchester-city,Real Madrid,Manchester City,Real Madrid,Manchester City,ESP,ENG,1,1,1,1,1,0,,,Normal Time,D,2,0,1,1649.63,1652.99,61.64,139,112,1-1 (1-0),2022-23/cl.txt,222,abfaeddc2ee3d14f99ecc163c9ddb46cb4d67cef
UCL-2022-23-M-0122,UEFA Champions League,2022-23,2023-05-10,21:00,2023-05-10T21:00:00,Semifinals,semifinal,7,,,1,0,0,ucl-ac-milan,ucl-inter-milan,AC Milan,Inter Milan,AC Milan,Inter,ITA,ITA,0,2,0,2,0,2,,,Normal Time,A,2,-2,0,1522.84,1553.42,34.42,42,44,0-2 (0-2),2022-23/cl.txt,224,abfaeddc2ee3d14f99ecc163c9ddb46cb4d67cef
UCL-2022-23-M-0123,UEFA Champions League,2022-23,2023-05-16,21:00,2023-05-16T21:00:00,Semifinals,semifinal,7,,,2,0,0,ucl-inter-milan,ucl-ac-milan,Inter Milan,AC Milan,Inter,AC Milan,ITA,ITA,1,0,1,0,0,0,,,Normal Time,H,1,1,0,1564.4,1511.85,117.55,45,43,1-0 (0-0),2022-23/cl.txt,226,abfaeddc2ee3d14f99ecc163c9ddb46cb4d67cef
UCL-2022-23-M-0124,UEFA Champions League,2022-23,2023-05-17,21:00,2023-05-17T21:00:00,Semifinals,semifinal,7,,,2,0,0,ucl-manchester-city,ucl-real-madrid,Manchester City,Real Madrid,Manchester City,Real Madrid,ENG,ESP,4,0,4,0,2,0,,,Normal Time,H,4,4,0,1654.75,1647.88,71.87,113,140,4-0 (2-0),2022-23/cl.txt,228,abfaeddc2ee3d14f99ecc163c9ddb46cb4d67cef
UCL-2022-23-M-0125,UEFA Champions League,2022-23,2023-06-10,21:00,2023-06-10T21:00:00,Final,final,8,,,single,0,1,ucl-manchester-city,ucl-inter-milan,Manchester City,Inter Milan,Manchester City,Inter,ENG,ITA,1,0,1,0,0,0,,,Normal Time,H,1,1,0,1662.71,1571.14,91.57,114,46,1-0 (0-0),2022-23/cl.txt,233,abfaeddc2ee3d14f99ecc163c9ddb46cb4d67cef
UCL-2023-24-M-0001,UEFA Champions League,2023-24,2023-09-19,18:45,2023-09-19T18:45:00,"Group, Matchday 1",group_stage,3,1,,not_applicable,0,0,ucl-ac-milan,ucl-newcastle-united-fc,AC Milan,Newcastle United FC,AC Milan,Newcastle United FC,ITA,ENG,0,0,0,0,,,,,Normal Time,D,0,0,0,1504.35,1500.0,69.35,44,0,0-0,2023-24/cl.txt,12,abfaeddc2ee3d14f99ecc163c9ddb46cb4d67cef
UCL-2023-24-M-0002,UEFA Champions League,2023-24,2023-09-19,18:45,2023-09-19T18:45:00,"Group, Matchday 1",group_stage,3,1,,not_applicable,0,0,ucl-bsc-young-boys,ucl-rb-leipzig,BSC Young Boys,RB Leipzig,BSC Young Boys,RB Leipzig,SUI,GER,1,3,1,3,1,1,,,Normal Time,A,4,-2,1,1479.88,1532.37,12.51,12,38,1-3 (1-1),2023-24/cl.txt,13,abfaeddc2ee3d14f99ecc163c9ddb46cb4d67cef
UCL-2023-24-M-0003,UEFA Champions League,2023-24,2023-09-19,21:00,2023-09-19T21:00:00,"Group, Matchday 1",group_stage,3,1,,not_applicable,0,0,ucl-lazio,ucl-atletico-madrid,Lazio,Atlético Madrid,SS Lazio,Club Atlético de Madrid,ITA,ESP,1,1,1,1,0,1,,,Normal Time,D,2,0,1,1503.06,1504.42,63.64,8,95,1-1 (0-1),2023-24/cl.txt,14,abfaeddc2ee3d14f99ecc163c9ddb46cb4d67cef
UCL-2023-24-M-0004,UEFA Champions League,2023-24,2023-09-19,21:00,2023-09-19T21:00:00,"Group, Matchday 1",group_stage,3,1,,not_applicable,0,0,ucl-feyenoord,ucl-celtic-fc,Feyenoord,Celtic FC,Feyenoord Rotterdam,Celtic FC,NED,SCO,2,0,2,0,1,0,,,Normal Time,H,2,2,0,1487.25,1452.31,99.94,6,32,2-0 (1-0),2023-24/cl.txt,15,abfaeddc2ee3d14f99ecc163c9ddb46cb4d67cef
UCL-2023-24-M-0005,UEFA Champions League,2023-24,2023-09-19,21:00,2023-09-19T21:00:00,"Group, Matchday 1",group_stage,3,1,,not_applicable,0,0,ucl-paris-saint-germain,ucl-borussia-dortmund,Paris Saint-Germain,Borussia Dortmund,Paris Saint-Germain FC,Borussia Dortmund,FRA,GER,2,0,2,0,0,0,,,Normal Time,H,2,2,0,1579.88,1531.85,113.03,103,93,2-0 (0-0),2023-24/cl.txt,16,abfaeddc2ee3d14f99ecc163c9ddb46cb4d67cef
UCL-2023-24-M-0006,UEFA Champions League,2023-24,2023-09-19,21:00,2023-09-19T21:00:00,"Group, Matchday 1",group_stage,3,1,,not_applicable,0,0,ucl-manchester-city,ucl-crvena-zvezda,Manchester City,Crvena Zvezda,Manchester City FC,FK Crvena Zvezda,ENG,SRB,3,1,3,1,0,1,,,Normal Time,H,4,2,1,1644.61,1475.3,234.32,115,12,3-1 (0-1),2023-24/cl.txt,17,abfaeddc2ee3d14f99ecc163c9ddb46cb4d67cef
UCL-2023-24-M-0007,UEFA Champions League,2023-24,2023-09-19,21:00,2023-09-19T21:00:00,"Group, Matchday 1",group_stage,3,1,,not_applicable,0,0,ucl-fc-barcelona,ucl-royal-antwerp-fc,FC Barcelona,Royal Antwerp FC,FC Barcelona,Royal Antwerp FC,ESP,BEL,5,0,5,0,3,0,,,Normal Time,H,5,5,0,1553.6,1500.0,118.6,118,0,5-0 (3-0),2023-24/cl.txt,18,abfaeddc2ee3d14f99ecc163c9ddb46cb4d67cef
UCL-2023-24-M-0008,UEFA Champions League,2023-24,2023-09-19,21:00,2023-09-19T21:00:00,"Group, Matchday 1",group_stage,3,1,,not_applicable,0,0,ucl-shakhtar-donetsk,ucl-fc-porto,Shakhtar Donetsk,FC Porto,FK Shakhtar Donetsk,FC Porto,UKR,POR,1,3,1,3,1,3,,,Normal Time,A,4,-2,1,1471.69,1526.62,10.07,72,86,1-3 (1-3),2023-24/cl.txt,19,abfaeddc2ee3d14f99ecc163c9ddb46cb4d67cef
UCL-2023-24-M-0009,UEFA Champions League,2023-24,2023-09-20,18:45,2023-09-20T18:45:00,"Group, Matchday 1",group_stage,3,1,,not_applicable,0,0,ucl-real-madrid,ucl-1-fc-union-berlin,Real Madrid,1. FC Union Berlin,Real Madrid CF,1. FC Union Berlin,ESP,GER,1,0,1,0,0,0,,,Normal Time,H,1,1,0,1618.93,1500.0,183.93,141,0,1-0 (0-0),2023-24/cl.txt,21,abfaeddc2ee3d14f99ecc163c9ddb46cb4d67cef
UCL-2023-24-M-0010,UEFA Champions League,2023-24,2023-09-20,18:45,2023-09-20T18:45:00,"Group, Matchday 1",group_stage,3,1,,not_applicable,0,0,ucl-galatasaray,ucl-fc-k-benhavn,Galatasaray,FC København,Galatasaray SK,FC København,TUR,DEN,2,2,2,2,0,1,,,Normal Time,D,4,0,1,1465.24,1483.01,47.23,42,18,2-2 (0-1),2023-24/cl.txt,22,abfaeddc2ee3d14f99ecc163c9ddb46cb4d67cef
UCL-2023-24-M-0011,UEFA Champions League,2023-24,2023-09-20,21:00,2023-09-20T21:00:00,"Group, Matchday 1",group_stage,3,1,,not_applicable,0,0,ucl-sevilla-fc,ucl-racing-club-de-lens,Sevilla FC,Racing Club de Lens,Sevilla FC,Racing Club de Lens,ESP,FRA,1,1,1,1,1,1,,,Normal Time,D,2,0,1,1496.31,1500.0,61.31,44,0,1-1 (1-1),2023-24/cl.txt,23,abfaeddc2ee3d14f99ecc163c9ddb46cb4d67cef
UCL-2023-24-M-0012,UEFA Champions League,2023-24,2023-09-20,21:00,2023-09-20T21:00:00,"Group, Matchday 1",group_stage,3,1,,not_applicable,0,0,ucl-braga,ucl-ssc-napoli,Braga,SSC Napoli,Sporting Clube de Braga,SSC Napoli,POR,ITA,1,2,1,2,0,1,,,Normal Time,A,3,-1,1,1493.8,1555.59,3.22,6,52,1-2 (0-1),2023-24/cl.txt,24,abfaeddc2ee3d14f99ecc163c9ddb46cb4d67cef
UCL-2023-24-M-0013,UEFA Champions League,2023-24,2023-09-20,21:00,2023-09-20T21:00:00,"Group, Matchday 1",group_stage,3,1,,not_applicable,0,0,ucl-real-sociedad,ucl-inter-milan,Real Sociedad,Inter Milan,Real Sociedad de Fútbol,FC Internazionale Milano,ESP,ITA,1,1,1,1,1,0,,,Normal Time,D,2,0,1,1490.9,1554.16,1.74,6,47,1-1 (1-0),2023-24/cl.txt,25,abfaeddc2ee3d14f99ecc163c9ddb46cb4d67cef
UCL-2023-24-M-0014,UEFA Champions League,2023-24,2023-09-20,21:00,2023-09-20T21:00:00,"Group, Matchday 1",group_stage,3,1,,not_applicable,0,0,ucl-benfica,ucl-rb-salzburg,Benfica,RB Salzburg,Sport Lisboa e Benfica,FC Red Bull Salzburg,POR,AUT,0,2,0,2,0,1,,,Normal Time,A,2,-2,0,1545.17,1487.59,122.58,84,26,0-2 (0-1),2023-24/cl.txt,26,abfaeddc2ee3d14f99ecc163c9ddb46cb4d67cef
UCL-2023-24-M-0015,UEFA Champions League,2023-24,2023-09-20,21:00,2023-09-20T21:00:00,"Group, Matchday 1",group_stage,3,1,,not_applicable,0,0,ucl-bayern-munich,ucl-manchester-united,Bayern Munich,Manchester United,FC Bayern München,Manchester United FC,GER,ENG,4,3,4,3,2,0,,,Normal Time,H,7,1,1,1659.95,1516.38,208.58,133,62,4-3 (2-0),2023-24/cl.txt,27,abfaeddc2ee3d14f99ecc163c9ddb46cb4d67cef
UCL-2023-24-M-0016,UEFA Champions League,2023-24,2023-09-20,21:00,2023-09-20T21:00:00,"Group, Matchday 1",group_stage,3,1,,not_applicable,0,0,ucl-arsenal-fc,ucl-psv-eindhoven,Arsenal FC,PSV Eindhoven,Arsenal FC,PSV,ENG,NED,4,0,4,0,3,0,,,Normal Time,H,4,4,0,1513.17,1481.89,96.28,48,20,4-0 (3-0),2023-24/cl.txt,28,abfaeddc2ee3d14f99ecc163c9ddb46cb4d67cef
UCL-2023-24-M-0017,UEFA Champions League,2023-24,2023-10-03,18:45,2023-10-03T18:45:00,"Group, Matchday 2",group_stage,3,2,,not_applicable,0,0,ucl-1-fc-union-berlin,ucl-braga,1. FC Union Berlin,Braga,1. FC Union Berlin,Sporting Clube de Braga,GER,POR,2,3,2,3,2,1,,,Normal Time,A,5,-1,1,1494.85,1483.71,76.14,1,7,2-3 (2-1),2023-24/cl.txt,33,abfaeddc2ee3d14f99ecc163c9ddb46cb4d67cef
UCL-2023-24-M-0018,UEFA Champions League,2023-24,2023-10-03,18:45,2023-10-03T18:45:00,"Group, Matchday 2",group_stage,3,2,,not_applicable,0,0,ucl-rb-salzburg,ucl-real-sociedad,RB Salzburg,Real Sociedad,FC Red Bull Salzburg,Real Sociedad de Fútbol,AUT,ESP,0,2,0,2,0,2,,,Normal Time,A,2,-2,0,1500.98,1490.85,75.13,27,7,0-2 (0-2),2023-24/cl.txt,34,abfaeddc2ee3d14f99ecc163c9ddb46cb4d67cef
UCL-2023-24-M-0019,UEFA Champions League,2023-24,2023-10-03,21:00,2023-10-03T21:00:00,"Group, Matchday 2",group_stage,3,2,,not_applicable,0,0,ucl-ssc-napoli,ucl-real-madrid,SSC Napoli,Real Madrid,SSC Napoli,Real Madrid CF,ITA,ESP,2,3,2,3,1,2,,,Normal Time,A,5,-1,1,1565.68,1624.08,6.6,53,142,2-3 (1-2),2023-24/cl.txt,35,abfaeddc2ee3d14f99ecc163c9ddb46cb4d67cef
UCL-2023-24-M-0020,UEFA Champions League,2023-24,2023-10-03,21:00,2023-10-03T21:00:00,"Group, Matchday 2",group_stage,3,2,,not_applicable,0,0,ucl-inter-milan,ucl-benfica,Inter Milan,Benfica,FC Internazionale Milano,Sport Lisboa e Benfica,ITA,POR,1,0,1,0,0,0,,,Normal Time,H,1,1,0,1554.21,1531.78,87.43,48,85,1-0 (0-0),2023-24/cl.txt,36,abfaeddc2ee3d14f99ecc163c9ddb46cb4d67cef
UCL-2023-24-M-0021,UEFA Champions League,2023-24,2023-10-03,21:00,2023-10-03T21:00:00,"Group, Matchday 2",group_stage,3,2,,not_applicable,0,0,ucl-fc-k-benhavn,ucl-bayern-munich,FC København,Bayern Munich,FC København,FC Bayern München,DEN,GER,1,2,1,2,0,0,,,Normal Time,A,3,-1,1,1484.36,1664.58,-115.22,19,134,1-2 (0-0),2023-24/cl.txt,37,abfaeddc2ee3d14f99ecc163c9ddb46cb4d67cef
UCL-2023-24-M-0022,UEFA Champions League,2023-24,2023-10-03,21:00,2023-10-03T21:00:00,"Group, Matchday 2",group_stage,3,2,,not_applicable,0,0,ucl-manchester-united,ucl-galatasaray,Manchester United,Galatasaray,Manchester United FC,Galatasaray SK,ENG,TUR,2,3,2,3,1,1,,,Normal Time,A,5,-1,1,1511.75,1463.88,112.87,63,43,2-3 (1-1),2023-24/cl.txt,38,abfaeddc2ee3d14f99ecc163c9ddb46cb4d67cef
UCL-2023-24-M-0023,UEFA Champions League,2023-24,2023-10-03,21:00,2023-10-03T21:00:00,"Group, Matchday 2",group_stage,3,2,,not_applicable,0,0,ucl-racing-club-de-lens,ucl-arsenal-fc,Racing Club de Lens,Arsenal FC,Racing Club de Lens,Arsenal FC,FRA,ENG,2,1,2,1,1,1,,,Normal Time,H,3,1,1,1501.75,1520.46,46.28,1,49,2-1 (1-1),2023-24/cl.txt,39,abfaeddc2ee3d14f99ecc163c9ddb46cb4d67cef
UCL-2023-24-M-0024,UEFA Champions League,2023-24,2023-10-03,21:00,2023-10-03T21:00:00,"Group, Matchday 2",group_stage,3,2,,not_applicable,0,0,ucl-psv-eindhoven,ucl-sevilla-fc,PSV Eindhoven,Sevilla FC,PSV,Sevilla FC,NED,ESP,2,2,2,2,0,0,,,Normal Time,D,4,0,1,1474.59,1494.56,45.03,21,45,2-2 (0-0),2023-24/cl.txt,40,abfaeddc2ee3d14f99ecc163c9ddb46cb4d67cef
UCL-2023-24-M-0025,UEFA Champions League,2023-24,2023-10-04,18:45,2023-10-04T18:45:00,"Group, Matchday 2",group_stage,3,2,,not_applicable,0,0,ucl-atletico-madrid,ucl-feyenoord,Atlético Madrid,Feyenoord,Club Atlético de Madrid,Feyenoord Rotterdam,ESP,NED,3,2,3,2,2,2,,,Normal Time,H,5,1,1,1506.24,1494.45,76.78,96,7,3-2 (2-2),2023-24/cl.txt,42,abfaeddc2ee3d14f99ecc163c9ddb46cb4d67cef
UCL-2023-24-M-0026,UEFA Champions League,2023-24,2023-10-04,18:45,2023-10-04T18:45:00,"Group, Matchday 2",group_stage,3,2,,not_applicable,0,0,ucl-royal-antwerp-fc,ucl-shakhtar-donetsk,Royal Antwerp FC,Shakhtar Donetsk,Royal Antwerp FC,FK Shakhtar Donetsk,BEL,UKR,2,3,2,3,2,0,,,Normal Time,A,5,-1,1,1493.29,1461.4,96.89,1,73,2-3 (2-0),2023-24/cl.txt,43,abfaeddc2ee3d14f99ecc163c9ddb46cb4d67cef
UCL-2023-24-M-0027,UEFA Champions League,2023-24,2023-10-04,21:00,2023-10-04T21:00:00,"Group, Matchday 2",group_stage,3,2,,not_applicable,0,0,ucl-celtic-fc,ucl-lazio,Celtic FC,Lazio,Celtic FC,SS Lazio,SCO,ITA,1,2,1,2,1,1,,,Normal Time,A,3,-1,1,1445.11,1501.25,8.86,33,9,1-2 (1-1),2023-24/cl.txt,44,abfaeddc2ee3d14f99ecc163c9ddb46cb4d67cef
UCL-2023-24-M-0028,UEFA Champions League,2023-24,2023-10-04,21:00,2023-10-04T21:00:00,"Group, Matchday 2",group_stage,3,2,,not_applicable,0,0,ucl-borussia-dortmund,ucl-ac-milan,Borussia Dortmund,AC Milan,Borussia Dortmund,AC Milan,GER,ITA,0,0,0,0,,,,,Normal Time,D,0,0,0,1524.99,1502.38,87.62,94,45,0-0,2023-24/cl.txt,45,abfaeddc2ee3d14f99ecc163c9ddb46cb4d67cef
UCL-2023-24-M-0029,UEFA Champions League,2023-24,2023-10-04,21:00,2023-10-04T21:00:00,"Group, Matchday 2",group_stage,3,2,,not_applicable,0,0,ucl-newcastle-united-fc,ucl-paris-saint-germain,Newcastle United FC,Paris Saint-Germain,Newcastle United FC,Paris Saint-Germain FC,ENG,FRA,4,1,4,1,2,0,,,Normal Time,H,5,3,1,1501.97,1586.74,-19.77,1,104,4-1 (2-0),2023-24/cl.txt,46,abfaeddc2ee3d14f99ecc163c9ddb46cb4d67cef
UCL-2023-24-M-0030,UEFA Champions League,2023-24,2023-10-04,21:00,2023-10-04T21:00:00,"Group, Matchday 2",group_stage,3,2,,not_applicable,0,0,ucl-crvena-zvezda,ucl-bsc-young-boys,Crvena Zvezda,BSC Young Boys,FK Crvena Zvezda,BSC Young Boys,SRB,SUI,2,2,2,2,1,0,,,Normal Time,D,4,0,1,1471.18,1469.52,66.65,13,13,2-2 (1-0),2023-24/cl.txt,47,abfaeddc2ee3d14f99ecc163c9ddb46cb4d67cef
UCL-2023-24-M-0031,UEFA Champions League,2023-24,2023-10-04,21:00,2023-10-04T21:00:00,"Group, Matchday 2",group_stage,3,2,,not_applicable,0,0,ucl-rb-leipzig,ucl-manchester-city,RB Leipzig,Manchester City,RB Leipzig,Manchester City FC,GER,ENG,1,3,1,3,0,1,,,Normal Time,A,4,-2,1,1542.73,1648.74,-41.0,39,116,1-3 (0-1),2023-24/cl.txt,48,abfaeddc2ee3d14f99ecc163c9ddb46cb4d67cef
UCL-2023-24-M-0032,UEFA Champions League,2023-24,2023-10-04,21:00,2023-10-04T21:00:00,"Group, Matchday 2",group_stage,3,2,,not_applicable,0,0,ucl-fc-porto,ucl-fc-barcelona,FC Porto,FC Barcelona,FC Porto,FC Barcelona,POR,ESP,0,1,0,1,0,1,,,Normal Time,A,1,-1,0,1536.91,1560.32,41.59,87,119,0-1 (0-1),2023-24/cl.txt,49,abfaeddc2ee3d14f99ecc163c9ddb46cb4d67cef
UCL-2023-24-M-0033,UEFA Champions League,2023-24,2023-10-24,18:45,2023-10-24T18:45:00,"Group, Matchday 3",group_stage,3,3,,not_applicable,0,0,ucl-inter-milan,ucl-rb-salzburg,Inter Milan,RB Salzburg,FC Internazionale Milano,FC Red Bull Salzburg,ITA,AUT,2,1,2,1,1,0,,,Normal Time,H,3,1,1,1561.75,1488.85,137.9,49,28,2-1 (1-0),2023-24/cl.txt,54,abfaeddc2ee3d14f99ecc163c9ddb46cb4d67cef
UCL-2023-24-M-0034,UEFA Champions League,2023-24,2023-10-24,18:45,2023-10-24T18:45:00,"Group, Matchday 3",group_stage,3,3,,not_applicable,0,0,ucl-galatasaray,ucl-bayern-munich,Galatasaray,Bayern Munich,Galatasaray SK,FC Bayern München,TUR,GER,1,3,1,3,1,1,,,Normal Time,A,4,-2,1,1477.02,1671.38,-129.36,44,135,1-3 (1-1),2023-24/cl.txt,55,abfaeddc2ee3d14f99ecc163c9ddb46cb4d67cef
UCL-2023-24-M-0035,UEFA Champions League,2023-24,2023-10-24,21:00,2023-10-24T21:00:00,"Group, Matchday 3",group_stage,3,3,,not_applicable,0,0,ucl-1-fc-union-berlin,ucl-ssc-napoli,1. FC Union Berlin,SSC Napoli,1. FC Union Berlin,SSC Napoli,GER,ITA,0,1,0,1,0,0,,,Normal Time,A,1,-1,0,1482.69,1555.49,-7.8,2,54,0-1 (0-0),2023-24/cl.txt,56,abfaeddc2ee3d14f99ecc163c9ddb46cb4d67cef
UCL-2023-24-M-0036,UEFA Champions League,2023-24,2023-10-24,21:00,2023-10-24T21:00:00,"Group, Matchday 3",group_stage,3,3,,not_applicable,0,0,ucl-braga,ucl-real-madrid,Braga,Real Madrid,Sporting Clube de Braga,Real Madrid CF,POR,ESP,1,2,1,2,0,1,,,Normal Time,A,3,-1,1,1495.87,1634.27,-73.4,8,143,1-2 (0-1),2023-24/cl.txt,57,abfaeddc2ee3d14f99ecc163c9ddb46cb4d67cef
UCL-2023-24-M-0037,UEFA Champions League,2023-24,2023-10-24,21:00,2023-10-24T21:00:00,"Group, Matchday 3",group_stage,3,3,,not_applicable,0,0,ucl-benfica,ucl-real-sociedad,Benfica,Real Sociedad,Sport Lisboa e Benfica,Real Sociedad de Fútbol,POR,ESP,0,1,0,1,0,0,,,Normal Time,A,1,-1,0,1524.24,1502.98,86.27,86,8,0-1 (0-0),2023-24/cl.txt,58,abfaeddc2ee3d14f99ecc163c9ddb46cb4d67cef
UCL-2023-24-M-0038,UEFA Champions League,2023-24,2023-10-24,21:00,2023-10-24T21:00:00,"Group, Matchday 3",group_stage,3,3,,not_applicable,0,0,ucl-manchester-united,ucl-fc-k-benhavn,Manchester United,FC København,Manchester United FC,FC København,ENG,DEN,1,0,1,0,0,0,,,Normal Time,H,1,1,0,1498.61,1477.56,86.05,64,20,1-0 (0-0),2023-24/cl.txt,59,abfaeddc2ee3d14f99ecc163c9ddb46cb4d67cef
UCL-2023-24-M-0039,UEFA Champions League,2023-24,2023-10-24,21:00,2023-10-24T21:00:00,"Group, Matchday 3",group_stage,3,3,,not_applicable,0,0,ucl-sevilla-fc,ucl-arsenal-fc,Sevilla FC,Arsenal FC,Sevilla FC,Arsenal FC,ESP,ENG,1,2,1,2,0,1,,,Normal Time,A,3,-1,1,1495.85,1511.79,49.06,46,50,1-2 (0-1),2023-24/cl.txt,60,abfaeddc2ee3d14f99ecc163c9ddb46cb4d67cef
UCL-2023-24-M-0040,UEFA Champions League,2023-24,2023-10-24,21:00,2023-10-24T21:00:00,"Group, Matchday 3",group_stage,3,3,,not_applicable,0,0,ucl-racing-club-de-lens,ucl-psv-eindhoven,Racing Club de Lens,PSV Eindhoven,Racing Club de Lens,PSV,FRA,NED,1,1,1,1,0,0,,,Normal Time,D,2,0,1,1510.42,1473.3,102.12,2,22,1-1 (0-0),2023-24/cl.txt,61,abfaeddc2ee3d14f99ecc163c9ddb46cb4d67cef
UCL-2023-24-M-0041,UEFA Champions League,2023-24,2023-10-25,18:45,2023-10-25T18:45:00,"Group, Matchday 3",group_stage,3,3,,not_applicable,0,0,ucl-feyenoord,ucl-lazio,Feyenoord,Lazio,Feyenoord Rotterdam,SS Lazio,NED,ITA,3,1,3,1,2,0,,,Normal Time,H,4,2,1,1486.63,1511.51,40.12,8,10,3-1 (2-0),2023-24/cl.txt,63,abfaeddc2ee3d14f99ecc163c9ddb46cb4d67cef
UCL-2023-24-M-0042,UEFA Champions League,2023-24,2023-10-25,18:45,2023-10-25T18:45:00,"Group, Matchday 3",group_stage,3,3,,not_applicable,0,0,ucl-fc-barcelona,ucl-shakhtar-donetsk,FC Barcelona,Shakhtar Donetsk,FC Barcelona,FK Shakhtar Donetsk,ESP,UKR,2,1,2,1,2,0,,,Normal Time,H,3,1,1,1571.51,1474.12,162.39,120,74,2-1 (2-0),2023-24/cl.txt,64,abfaeddc2ee3d14f99ecc163c9ddb46cb4d67cef
UCL-2023-24-M-0043,UEFA Champions League,2023-24,2023-10-25,21:00,2023-10-25T21:00:00,"Group, Matchday 3",group_stage,3,3,,not_applicable,0,0,ucl-celtic-fc,ucl-atletico-madrid,Celtic FC,Atlético Madrid,Celtic FC,Club Atlético de Madrid,SCO,ESP,2,2,2,2,2,1,,,Normal Time,D,4,0,1,1434.86,1514.06,-14.21,34,97,2-2 (2-1),2023-24/cl.txt,65,abfaeddc2ee3d14f99ecc163c9ddb46cb4d67cef
UCL-2023-24-M-0044,UEFA Champions League,2023-24,2023-10-25,21:00,2023-10-25T21:00:00,"Group, Matchday 3",group_stage,3,3,,not_applicable,0,0,ucl-paris-saint-germain,ucl-ac-milan,Paris Saint-Germain,AC Milan,Paris Saint-Germain FC,AC Milan,FRA,ITA,3,0,3,0,1,0,,,Normal Time,H,3,3,0,1576.17,1504.85,136.33,105,46,3-0 (1-0),2023-24/cl.txt,66,abfaeddc2ee3d14f99ecc163c9ddb46cb4d67cef
UCL-2023-24-M-0045,UEFA Champions League,2023-24,2023-10-25,21:00,2023-10-25T21:00:00,"Group, Matchday 3",group_stage,3,3,,not_applicable,0,0,ucl-newcastle-united-fc,ucl-borussia-dortmund,Newcastle United FC,Borussia Dortmund,Newcastle United FC,Borussia Dortmund,ENG,GER,0,1,0,1,0,1,,,Normal Time,A,1,-1,0,1512.54,1522.52,55.02,2,95,0-1 (0-1),2023-24/cl.txt,67,abfaeddc2ee3d14f99ecc163c9ddb46cb4d67cef
UCL-2023-24-M-0046,UEFA Champions League,2023-24,2023-10-25,21:00,2023-10-25T21:00:00,"Group, Matchday 3",group_stage,3,3,,not_applicable,0,0,ucl-bsc-young-boys,ucl-manchester-city,BSC Young Boys,Manchester City,BSC Young Boys,Manchester City FC,SUI,ENG,1,3,1,3,0,0,,,Normal Time,A,4,-2,1,1471.42,1657.56,-121.14,14,117,1-3 (0-0),2023-24/cl.txt,68,abfaeddc2ee3d14f99ecc163c9ddb46cb4d67cef
UCL-2023-24-M-0047,UEFA Champions League,2023-24,2023-10-25,21:00,2023-10-25T21:00:00,"Group, Matchday 3",group_stage,3,3,,not_applicable,0,0,ucl-rb-leipzig,ucl-crvena-zvezda,RB Leipzig,Crvena Zvezda,RB Leipzig,FK Crvena Zvezda,GER,SRB,3,1,3,1,1,0,,,Normal Time,H,4,2,1,1533.91,1469.28,129.63,40,14,3-1 (1-0),2023-24/cl.txt,69,abfaeddc2ee3d14f99ecc163c9ddb46cb4d67cef
UCL-2023-24-M-0048,UEFA Champions League,2023-24,2023-10-25,21:00,2023-10-25T21:00:00,"Group, Matchday 3",group_stage,3,3,,not_applicable,0,0,ucl-royal-antwerp-fc,ucl-fc-porto,Royal Antwerp FC,FC Porto,Royal Antwerp FC,FC Porto,BEL,POR,1,4,1,4,1,0,,,Normal Time,A,5,-3,1,1480.57,1525.72,19.85,2,88,1-4 (1-0),2023-24/cl.txt,70,abfaeddc2ee3d14f99ecc163c9ddb46cb4d67cef
UCL-2023-24-M-0049,UEFA Champions League,2023-24,2023-11-07,18:45,2023-11-07T18:45:00,"Group, Matchday 4",group_stage,3,4,,not_applicable,0,0,ucl-borussia-dortmund,ucl-newcastle-united-fc,Borussia Dortmund,Newcastle United FC,Borussia Dortmund,Newcastle United FC,GER,ENG,2,0,2,0,1,0,,,Normal Time,H,2,2,0,1534.09,1500.97,98.12,96,3,2-0 (1-0),2023-24/cl.txt,75,abfaeddc2ee3d14f99ecc163c9ddb46cb4d67cef
UCL-2023-24-M-0050,UEFA Champions League,2023-24,2023-11-07,18:45,2023-11-07T18:45:00,"Group, Matchday 4",group_stage,3,4,,not_applicable,0,0,ucl-shakhtar-donetsk,ucl-fc-barcelona,Shakhtar Donetsk,FC Barcelona,FK Shakhtar Donetsk,FC Barcelona,UKR,ESP,1,0,1,0,1,0,,,Normal Time,H,1,1,0,1468.48,1577.15,-43.67,75,121,1-0 (1-0),2023-24/cl.txt,76,abfaeddc2ee3d14f99ecc163c9ddb46cb4d67cef
UCL-2023-24-M-0051,UEFA Champions League,2023-24,2023-11-07,21:00,2023-11-07T21:00:00,"Group, Matchday 4",group_stage,3,4,,not_applicable,0,0,ucl-atletico-madrid,ucl-celtic-fc,Atlético Madrid,Celtic FC,Club Atlético de Madrid,Celtic FC,ESP,SCO,6,0,6,0,2,0,,,Normal Time,H,6,6,0,1513.65,1435.26,143.39,98,35,6-0 (2-0),2023-24/cl.txt,77,abfaeddc2ee3d14f99ecc163c9ddb46cb4d67cef
UCL-2023-24-M-0052,UEFA Champions League,2023-24,2023-11-07,21:00,2023-11-07T21:00:00,"Group, Matchday 4",group_stage,3,4,,not_applicable,0,0,ucl-lazio,ucl-feyenoord,Lazio,Feyenoord,SS Lazio,Feyenoord Rotterdam,ITA,NED,1,0,1,0,1,0,,,Normal Time,H,1,1,0,1502.66,1495.48,72.18,11,9,1-0 (1-0),2023-24/cl.txt,78,abfaeddc2ee3d14f99ecc163c9ddb46cb4d67cef
UCL-2023-24-M-0053,UEFA Champions League,2023-24,2023-11-07,21:00,2023-11-07T21:00:00,"Group, Matchday 4",group_stage,3,4,,not_applicable,0,0,ucl-ac-milan,ucl-paris-saint-germain,AC Milan,Paris Saint-Germain,AC Milan,Paris Saint-Germain FC,ITA,FRA,2,1,2,1,1,1,,,Normal Time,H,3,1,1,1498.58,1582.44,-18.86,47,106,2-1 (1-1),2023-24/cl.txt,79,abfaeddc2ee3d14f99ecc163c9ddb46cb4d67cef
UCL-2023-24-M-0054,UEFA Champions League,2023-24,2023-11-07,21:00,2023-11-07T21:00:00,"Group, Matchday 4",group_stage,3,4,,not_applicable,0,0,ucl-manchester-city,ucl-bsc-young-boys,Manchester City,BSC Young Boys,Manchester City FC,BSC Young Boys,ENG,SUI,3,0,3,0,2,0,,,Normal Time,H,3,3,0,1664.21,1464.77,264.44,118,15,3-0 (2-0),2023-24/cl.txt,80,abfaeddc2ee3d14f99ecc163c9ddb46cb4d67cef
UCL-2023-24-M-0055,UEFA Champions League,2023-24,2023-11-07,21:00,2023-11-07T21:00:00,"Group, Matchday 4",group_stage,3,4,,not_applicable,0,0,ucl-crvena-zvezda,ucl-rb-leipzig,Crvena Zvezda,RB Leipzig,FK Crvena Zvezda,RB Leipzig,SRB,GER,1,2,1,2,0,1,,,Normal Time,A,3,-1,1,1462.85,1540.34,-12.49,15,41,1-2 (0-1),2023-24/cl.txt,81,abfaeddc2ee3d14f99ecc163c9ddb46cb4d67cef
UCL-2023-24-M-0056,UEFA Champions League,2023-24,2023-11-07,21:00,2023-11-07T21:00:00,"Group, Matchday 4",group_stage,3,4,,not_applicable,0,0,ucl-fc-porto,ucl-royal-antwerp-fc,FC Porto,Royal Antwerp FC,FC Porto,Royal Antwerp FC,POR,BEL,2,0,2,0,1,0,,,Normal Time,H,2,2,0,1536.29,1470.0,131.29,89,3,2-0 (1-0),2023-24/cl.txt,82,abfaeddc2ee3d14f99ecc163c9ddb46cb4d67cef
UCL-2023-24-M-0057,UEFA Champions League,2023-24,2023-11-08,18:45,2023-11-08T18:45:00,"Group, Matchday 4",group_stage,3,4,,not_applicable,0,0,ucl-ssc-napoli,ucl-1-fc-union-berlin,SSC Napoli,1. FC Union Berlin,SSC Napoli,1. FC Union Berlin,ITA,GER,1,1,1,1,1,0,,,Normal Time,D,2,0,1,1565.26,1472.92,157.35,55,3,1-1 (1-0),2023-24/cl.txt,84,abfaeddc2ee3d14f99ecc163c9ddb46cb4d67cef
UCL-2023-24-M-0058,UEFA Champions League,2023-24,2023-11-08,18:45,2023-11-08T18:45:00,"Group, Matchday 4",group_stage,3,4,,not_applicable,0,0,ucl-real-sociedad,ucl-benfica,Real Sociedad,Benfica,Real Sociedad de Fútbol,Sport Lisboa e Benfica,ESP,POR,3,1,3,1,3,0,,,Normal Time,H,4,2,1,1515.41,1511.81,68.6,9,87,3-1 (3-0),2023-24/cl.txt,85,abfaeddc2ee3d14f99ecc163c9ddb46cb4d67cef
UCL-2023-24-M-0059,UEFA Champions League,2023-24,2023-11-08,21:00,2023-11-08T21:00:00,"Group, Matchday 4",group_stage,3,4,,not_applicable,0,0,ucl-real-madrid,ucl-braga,Real Madrid,Braga,Real Madrid CF,Sporting Clube de Braga,ESP,POR,3,0,3,0,1,0,,,Normal Time,H,3,3,0,1642.19,1487.95,219.24,144,9,3-0 (1-0),2023-24/cl.txt,86,abfaeddc2ee3d14f99ecc163c9ddb46cb4d67cef
UCL-2023-24-M-0060,UEFA Champions League,2023-24,2023-11-08,21:00,2023-11-08T21:00:00,"Group, Matchday 4",group_stage,3,4,,not_applicable,0,0,ucl-rb-salzburg,ucl-inter-milan,RB Salzburg,Inter Milan,FC Red Bull Salzburg,FC Internazionale Milano,AUT,ITA,0,1,0,1,0,0,,,Normal Time,A,1,-1,0,1482.62,1567.97,-20.35,29,50,0-1 (0-0),2023-24/cl.txt,87,abfaeddc2ee3d14f99ecc163c9ddb46cb4d67cef
UCL-2023-24-M-0061,UEFA Champions League,2023-24,2023-11-08,21:00,2023-11-08T21:00:00,"Group, Matchday 4",group_stage,3,4,,not_applicable,0,0,ucl-bayern-munich,ucl-galatasaray,Bayern Munich,Galatasaray,FC Bayern München,Galatasaray SK,GER,TUR,2,1,2,1,0,0,,,Normal Time,H,3,1,1,1677.82,1470.58,272.24,136,45,2-1 (0-0),2023-24/cl.txt,88,abfaeddc2ee3d14f99ecc163c9ddb46cb4d67cef
UCL-2023-24-M-0062,UEFA Champions League,2023-24,2023-11-08,21:00,2023-11-08T21:00:00,"Group, Matchday 4",group_stage,3,4,,not_applicable,0,0,ucl-fc-k-benhavn,ucl-manchester-united,FC København,Manchester United,FC København,Manchester United FC,DEN,ENG,4,3,4,3,2,2,,,Normal Time,H,7,1,1,1469.98,1506.18,28.8,21,65,4-3 (2-2),2023-24/cl.txt,89,abfaeddc2ee3d14f99ecc163c9ddb46cb4d67cef
UCL-2023-24-M-0063,UEFA Champions League,2023-24,2023-11-08,21:00,2023-11-08T21:00:00,"Group, Matchday 4",group_stage,3,4,,not_applicable,0,0,ucl-arsenal-fc,ucl-sevilla-fc,Arsenal FC,Sevilla FC,Arsenal FC,Sevilla FC,ENG,ESP,2,0,2,0,1,0,,,Normal Time,H,2,2,0,1523.19,1484.45,103.74,51,47,2-0 (1-0),2023-24/cl.txt,90,abfaeddc2ee3d14f99ecc163c9ddb46cb4d67cef
UCL-2023-24-M-0064,UEFA Champions League,2023-24,2023-11-08,21:00,2023-11-08T21:00:00,"Group, Matchday 4",group_stage,3,4,,not_applicable,0,0,ucl-psv-eindhoven,ucl-racing-club-de-lens,PSV Eindhoven,Racing Club de Lens,PSV,Racing Club de Lens,NED,FRA,1,0,1,0,1,0,,,Normal Time,H,1,1,0,1476.16,1507.56,33.6,23,3,1-0 (1-0),2023-24/cl.txt,91,abfaeddc2ee3d14f99ecc163c9ddb46cb4d67cef
UCL-2023-24-M-0065,UEFA Champions League,2023-24,2023-11-28,18:45,2023-11-28T18:45:00,"Group, Matchday 5",group_stage,3,5,,not_applicable,0,0,ucl-lazio,ucl-celtic-fc,Lazio,Celtic FC,SS Lazio,Celtic FC,ITA,SCO,2,0,2,0,0,0,,,Normal Time,H,2,2,0,1510.61,1429.17,146.44,12,36,2-0 (0-0),2023-24/cl.txt,96,abfaeddc2ee3d14f99ecc163c9ddb46cb4d67cef
UCL-2023-24-M-0066,UEFA Champions League,2023-24,2023-11-28,18:45,2023-11-28T18:45:00,"Group, Matchday 5",group_stage,3,5,,not_applicable,0,0,ucl-shakhtar-donetsk,ucl-royal-antwerp-fc,Shakhtar Donetsk,Royal Antwerp FC,FK Shakhtar Donetsk,Royal Antwerp FC,UKR,BEL,1,0,1,0,1,0,,,Normal Time,H,1,1,0,1479.73,1463.61,81.12,76,4,1-0 (1-0),2023-24/cl.txt,97,abfaeddc2ee3d14f99ecc163c9ddb46cb4d67cef
UCL-2023-24-M-0067,UEFA Champions League,2023-24,2023-11-28,21:00,2023-11-28T21:00:00,"Group, Matchday 5",group_stage,3,5,,not_applicable,0,0,ucl-feyenoord,ucl-atletico-madrid,Feyenoord,Atlético Madrid,Feyenoord Rotterdam,Club Atlético de Madrid,NED,ESP,1,3,1,3,0,1,,,Normal Time,A,4,-2,1,1487.53,1519.75,32.78,10,99,1-3 (0-1),2023-24/cl.txt,98,abfaeddc2ee3d14f99ecc163c9ddb46cb4d67cef
UCL-2023-24-M-0068,UEFA Champions League,2023-24,2023-11-28,21:00,2023-11-28T21:00:00,"Group, Matchday 5",group_stage,3,5,,not_applicable,0,0,ucl-ac-milan,ucl-borussia-dortmund,AC Milan,Borussia Dortmund,AC Milan,Borussia Dortmund,ITA,GER,1,3,1,3,1,1,,,Normal Time,A,4,-2,1,1509.12,1541.34,32.78,48,97,1-3 (1-1),2023-24/cl.txt,99,abfaeddc2ee3d14f99ecc163c9ddb46cb4d67cef
UCL-2023-24-M-0069,UEFA Champions League,2023-24,2023-11-28,21:00,2023-11-28T21:00:00,"Group, Matchday 5",group_stage,3,5,,not_applicable,0,0,ucl-paris-saint-germain,ucl-newcastle-united-fc,Paris Saint-Germain,Newcastle United FC,Paris Saint-Germain FC,Newcastle United FC,FRA,ENG,1,1,1,1,0,1,,,Normal Time,D,2,0,1,1571.89,1493.72,143.18,107,4,1-1 (0-1),2023-24/cl.txt,100,abfaeddc2ee3d14f99ecc163c9ddb46cb4d67cef
UCL-2023-24-M-0070,UEFA Champions League,2023-24,2023-11-28,21:00,2023-11-28T21:00:00,"Group, Matchday 5",group_stage,3,5,,not_applicable,0,0,ucl-bsc-young-boys,ucl-crvena-zvezda,BSC Young Boys,Crvena Zvezda,BSC Young Boys,FK Crvena Zvezda,SUI,SRB,2,0,2,0,2,0,,,Normal Time,H,2,2,0,1461.19,1453.21,72.98,16,16,2-0 (2-0),2023-24/cl.txt,101,abfaeddc2ee3d14f99ecc163c9ddb46cb4d67cef
UCL-2023-24-M-0071,UEFA Champions League,2023-24,2023-11-28,21:00,2023-11-28T21:00:00,"Group, Matchday 5",group_stage,3,5,,not_applicable,0,0,ucl-manchester-city,ucl-rb-leipzig,Manchester City,RB Leipzig,Manchester City FC,RB Leipzig,ENG,GER,3,2,3,2,0,2,,,Normal Time,H,5,1,1,1667.79,1549.98,182.81,119,42,3-2 (0-2),2023-24/cl.txt,102,abfaeddc2ee3d14f99ecc163c9ddb46cb4d67cef
UCL-2023-24-M-0072,UEFA Champions League,2023-24,2023-11-28,21:00,2023-11-28T21:00:00,"Group, Matchday 5",group_stage,3,5,,not_applicable,0,0,ucl-fc-barcelona,ucl-fc-porto,FC Barcelona,FC Porto,FC Barcelona,FC Porto,ESP,POR,2,1,2,1,1,1,,,Normal Time,H,3,1,1,1565.9,1542.68,88.22,122,90,2-1 (1-1),2023-24/cl.txt,103,abfaeddc2ee3d14f99ecc163c9ddb46cb4d67cef
UCL-2023-24-M-0073,UEFA Champions League,2023-24,2023-11-29,18:45,2023-11-29T18:45:00,"Group, Matchday 5",group_stage,3,5,,not_applicable,0,0,ucl-galatasaray,ucl-manchester-united,Galatasaray,Manchester United,Galatasaray SK,Manchester United FC,TUR,ENG,3,3,3,3,1,2,,,Normal Time,D,6,0,1,1467.13,1497.01,35.12,46,66,3-3 (1-2),2023-24/cl.txt,105,abfaeddc2ee3d14f99ecc163c9ddb46cb4d67cef
UCL-2023-24-M-0074,UEFA Champions League,2023-24,2023-11-29,18:45,2023-11-29T18:45:00,"Group, Matchday 5",group_stage,3,5,,not_applicable,0,0,ucl-sevilla-fc,ucl-psv-eindhoven,Sevilla FC,PSV Eindhoven,Sevilla FC,PSV,ESP,NED,2,3,2,3,1,0,,,Normal Time,A,5,-1,1,1477.35,1485.2,57.15,48,24,2-3 (1-0),2023-24/cl.txt,106,abfaeddc2ee3d14f99ecc163c9ddb46cb4d67cef
UCL-2023-24-M-0075,UEFA Champions League,2023-24,2023-11-29,21:00,2023-11-29T21:00:00,"Group, Matchday 5",group_stage,3,5,,not_applicable,0,0,ucl-braga,ucl-1-fc-union-berlin,Braga,1. FC Union Berlin,Sporting Clube de Braga,1. FC Union Berlin,POR,GER,1,1,1,1,0,1,,,Normal Time,D,2,0,1,1483.54,1477.16,71.38,10,4,1-1 (0-1),2023-24/cl.txt,107,abfaeddc2ee3d14f99ecc163c9ddb46cb4d67cef
UCL-2023-24-M-0076,UEFA Champions League,2023-24,2023-11-29,21:00,2023-11-29T21:00:00,"Group, Matchday 5",group_stage,3,5,,not_applicable,0,0,ucl-real-madrid,ucl-ssc-napoli,Real Madrid,SSC Napoli,Real Madrid CF,SSC Napoli,ESP,ITA,4,2,4,2,2,1,,,Normal Time,H,6,2,1,1646.6,1561.02,150.58,145,56,4-2 (2-1),2023-24/cl.txt,108,abfaeddc2ee3d14f99ecc163c9ddb46cb4d67cef
UCL-2023-24-M-0077,UEFA Champions League,2023-24,2023-11-29,21:00,2023-11-29T21:00:00,"Group, Matchday 5",group_stage,3,5,,not_applicable,0,0,ucl-benfica,ucl-inter-milan,Benfica,Inter Milan,Sport Lisboa e Benfica,FC Internazionale Milano,POR,ITA,3,3,3,3,3,0,,,Normal Time,D,6,0,1,1503.76,1577.39,-8.63,88,51,3-3 (3-0),2023-24/cl.txt,109,abfaeddc2ee3d14f99ecc163c9ddb46cb4d67cef
UCL-2023-24-M-0078,UEFA Champions League,2023-24,2023-11-29,21:00,2023-11-29T21:00:00,"Group, Matchday 5",group_stage,3,5,,not_applicable,0,0,ucl-real-sociedad,ucl-rb-salzburg,Real Sociedad,RB Salzburg,Real Sociedad de Fútbol,FC Red Bull Salzburg,ESP,AUT,0,0,0,0,,,,,Normal Time,D,0,0,0,1523.46,1473.21,115.25,10,30,0-0,2023-24/cl.txt,110,abfaeddc2ee3d14f99ecc163c9ddb46cb4d67cef
UCL-2023-24-M-0079,UEFA Champions League,2023-24,2023-11-29,21:00,2023-11-29T21:00:00,"Group, Matchday 5",group_stage,3,5,,not_applicable,0,0,ucl-bayern-munich,ucl-fc-k-benhavn,Bayern Munich,FC København,FC Bayern München,FC København,GER,DEN,0,0,0,0,,,,,Normal Time,D,0,0,0,1681.27,1479.16,267.11,137,22,0-0,2023-24/cl.txt,111,abfaeddc2ee3d14f99ecc163c9ddb46cb4d67cef
UCL-2023-24-M-0080,UEFA Champions League,2023-24,2023-11-29,21:00,2023-11-29T21:00:00,"Group, Matchday 5",group_stage,3,5,,not_applicable,0,0,ucl-arsenal-fc,ucl-racing-club-de-lens,Arsenal FC,Racing Club de Lens,Arsenal FC,Racing Club de Lens,ENG,FRA,6,0,6,0,5,0,,,Normal Time,H,6,6,0,1530.29,1498.53,96.76,52,4,6-0 (5-0),2023-24/cl.txt,112,abfaeddc2ee3d14f99ecc163c9ddb46cb4d67cef
UCL-2023-24-M-0081,UEFA Champions League,2023-24,2023-12-12,18:45,2023-12-12T18:45:00,"Group, Matchday 6",group_stage,3,6,,not_applicable,0,0,ucl-psv-eindhoven,ucl-arsenal-fc,PSV Eindhoven,Arsenal FC,PSV,Arsenal FC,NED,ENG,1,1,1,1,0,1,,,Normal Time,D,2,0,1,1496.83,1537.58,24.25,25,53,1-1 (0-1),2023-24/cl.txt,117,abfaeddc2ee3d14f99ecc163c9ddb46cb4d67cef
UCL-2023-24-M-0082,UEFA Champions League,2023-24,2023-12-12,18:45,2023-12-12T18:45:00,"Group, Matchday 6",group_stage,3,6,,not_applicable,0,0,ucl-racing-club-de-lens,ucl-sevilla-fc,Racing Club de Lens,Sevilla FC,Racing Club de Lens,Sevilla FC,FRA,ESP,2,1,2,1,0,0,,,Normal Time,H,3,1,1,1491.24,1465.72,90.52,5,49,2-1 (0-0),2023-24/cl.txt,118,abfaeddc2ee3d14f99ecc163c9ddb46cb4d67cef
UCL-2023-24-M-0083,UEFA Champions League,2023-24,2023-12-12,21:00,2023-12-12T21:00:00,"Group, Matchday 6",group_stage,3,6,,not_applicable,0,0,ucl-1-fc-union-berlin,ucl-real-madrid,1. FC Union Berlin,Real Madrid,1. FC Union Berlin,Real Madrid CF,GER,ESP,2,3,2,3,1,0,,,Normal Time,A,5,-1,1,1479.19,1652.52,-108.33,5,146,2-3 (1-0),2023-24/cl.txt,119,abfaeddc2ee3d14f99ecc163c9ddb46cb4d67cef
UCL-2023-24-M-0084,UEFA Champions League,2023-24,2023-12-12,21:00,2023-12-12T21:00:00,"Group, Matchday 6",group_stage,3,6,,not_applicable,0,0,ucl-ssc-napoli,ucl-braga,SSC Napoli,Braga,SSC Napoli,Sporting Clube de Braga,ITA,POR,2,0,2,0,2,0,,,Normal Time,H,2,2,0,1555.1,1481.51,138.59,57,11,2-0 (2-0),2023-24/cl.txt,120,abfaeddc2ee3d14f99ecc163c9ddb46cb4d67cef
UCL-2023-24-M-0085,UEFA Champions League,2023-24,2023-12-12,21:00,2023-12-12T21:00:00,"Group, Matchday 6",group_stage,3,6,,not_applicable,0,0,ucl-inter-milan,ucl-real-sociedad,Inter Milan,Real Sociedad,FC Internazionale Milano,Real Sociedad de Fútbol,ITA,ESP,0,0,0,0,,,,,Normal Time,D,0,0,0,1577.14,1520.26,121.88,52,11,0-0,2023-24/cl.txt,121,abfaeddc2ee3d14f99ecc163c9ddb46cb4d67cef
UCL-2023-24-M-0086,UEFA Champions League,2023-24,2023-12-12,21:00,2023-12-12T21:00:00,"Group, Matchday 6",group_stage,3,6,,not_applicable,0,0,ucl-rb-salzburg,ucl-benfica,RB Salzburg,Benfica,FC Red Bull Salzburg,Sport Lisboa e Benfica,AUT,POR,1,3,1,3,0,2,,,Normal Time,A,4,-2,1,1476.41,1504.01,37.4,31,89,1-3 (0-2),2023-24/cl.txt,122,abfaeddc2ee3d14f99ecc163c9ddb46cb4d67cef
UCL-2023-24-M-0087,UEFA Champions League,2023-24,2023-12-12,21:00,2023-12-12T21:00:00,"Group, Matchday 6",group_stage,3,6,,not_applicable,0,0,ucl-manchester-united,ucl-bayern-munich,Manchester United,Bayern Munich,Manchester United FC,FC Bayern München,ENG,GER,0,1,0,1,0,0,,,Normal Time,A,1,-1,0,1498.02,1674.81,-111.79,67,138,0-1 (0-0),2023-24/cl.txt,123,abfaeddc2ee3d14f99ecc163c9ddb46cb4d67cef
UCL-2023-24-M-0088,UEFA Champions League,2023-24,2023-12-12,21:00,2023-12-12T21:00:00,"Group, Matchday 6",group_stage,3,6,,not_applicable,0,0,ucl-fc-k-benhavn,ucl-galatasaray,FC København,Galatasaray,FC København,Galatasaray SK,DEN,TUR,1,0,1,0,0,0,,,Normal Time,H,1,1,0,1485.62,1466.12,84.5,23,47,1-0 (0-0),2023-24/cl.txt,124,abfaeddc2ee3d14f99ecc163c9ddb46cb4d67cef
UCL-2023-24-M-0089,UEFA Champions League,2023-24,2023-12-13,18:45,2023-12-13T18:45:00,"Group, Matchday 6",group_stage,3,6,,not_applicable,0,0,ucl-rb-leipzig,ucl-bsc-young-boys,RB Leipzig,BSC Young Boys,RB Leipzig,BSC Young Boys,GER,SUI,2,1,2,1,0,0,,,Normal Time,H,3,1,1,1544.81,1469.12,140.69,43,17,2-1 (0-0),2023-24/cl.txt,126,abfaeddc2ee3d14f99ecc163c9ddb46cb4d67cef
UCL-2023-24-M-0090,UEFA Champions League,2023-24,2023-12-13,18:45,2023-12-13T18:45:00,"Group, Matchday 6",group_stage,3,6,,not_applicable,0,0,ucl-crvena-zvezda,ucl-manchester-city,Crvena Zvezda,Manchester City,FK Crvena Zvezda,Manchester City FC,SRB,ENG,2,3,2,3,0,1,,,Normal Time,A,5,-1,1,1445.28,1672.97,-162.69,17,120,2-3 (0-1),2023-24/cl.txt,127,abfaeddc2ee3d14f99ecc163c9ddb46cb4d67cef
UCL-2023-24-M-0091,UEFA Champions League,2023-24,2023-12-13,21:00,2023-12-13T21:00:00,"Group, Matchday 6",group_stage,3,6,,not_applicable,0,0,ucl-atletico-madrid,ucl-lazio,Atlético Madrid,Lazio,Club Atlético de Madrid,SS Lazio,ESP,ITA,2,0,2,0,1,0,,,Normal Time,H,2,2,0,1530.69,1516.63,79.06,100,13,2-0 (1-0),2023-24/cl.txt,128,abfaeddc2ee3d14f99ecc163c9ddb46cb4d67cef
UCL-2023-24-M-0092,UEFA Champions League,2023-24,2023-12-13,21:00,2023-12-13T21:00:00,"Group, Matchday 6",group_stage,3,6,,not_applicable,0,0,ucl-celtic-fc,ucl-feyenoord,Celtic FC,Feyenoord,Celtic FC,Feyenoord Rotterdam,SCO,NED,2,1,2,1,1,0,,,Normal Time,H,3,1,1,1423.15,1476.59,11.57,37,11,2-1 (1-0),2023-24/cl.txt,129,abfaeddc2ee3d14f99ecc163c9ddb46cb4d67cef
UCL-2023-24-M-0093,UEFA Champions League,2023-24,2023-12-13,21:00,2023-12-13T21:00:00,"Group, Matchday 6",group_stage,3,6,,not_applicable,0,0,ucl-newcastle-united-fc,ucl-ac-milan,Newcastle United FC,AC Milan,Newcastle United FC,AC Milan,ENG,ITA,1,2,1,2,1,0,,,Normal Time,A,3,-1,1,1497.62,1498.18,64.44,5,49,1-2 (1-0),2023-24/cl.txt,130,abfaeddc2ee3d14f99ecc163c9ddb46cb4d67cef
UCL-2023-24-M-0094,UEFA Champions League,2023-24,2023-12-13,21:00,2023-12-13T21:00:00,"Group, Matchday 6",group_stage,3,6,,not_applicable,0,0,ucl-borussia-dortmund,ucl-paris-saint-germain,Borussia Dortmund,Paris Saint-Germain,Borussia Dortmund,Paris Saint-Germain FC,GER,FRA,1,1,1,1,0,0,,,Normal Time,D,2,0,1,1552.28,1567.99,49.29,98,108,1-1 (0-0),2023-24/cl.txt,131,abfaeddc2ee3d14f99ecc163c9ddb46cb4d67cef
UCL-2023-24-M-0095,UEFA Champions League,2023-24,2023-12-13,21:00,2023-12-13T21:00:00,"Group, Matchday 6",group_stage,3,6,,not_applicable,0,0,ucl-royal-antwerp-fc,ucl-fc-barcelona,Royal Antwerp FC,FC Barcelona,Royal Antwerp FC,FC Barcelona,BEL,ESP,3,2,3,2,1,1,,,Normal Time,H,5,1,1,1455.9,1573.41,-52.51,5,123,3-2 (1-1),2023-24/cl.txt,132,abfaeddc2ee3d14f99ecc163c9ddb46cb4d67cef
UCL-2023-24-M-0096,UEFA Champions League,2023-24,2023-12-13,21:00,2023-12-13T21:00:00,"Group, Matchday 6",group_stage,3,6,,not_applicable,0,0,ucl-fc-porto,ucl-shakhtar-donetsk,FC Porto,Shakhtar Donetsk,FC Porto,FK Shakhtar Donetsk,POR,UKR,5,3,5,3,2,1,,,Normal Time,H,8,2,1,1535.17,1487.44,112.73,91,77,5-3 (2-1),2023-24/cl.txt,133,abfaeddc2ee3d14f99ecc163c9ddb46cb4d67cef
UCL-2023-24-M-0097,UEFA Champions League,2023-24,2024-02-13,21:00,2024-02-13T21:00:00,"Finals, Round of 16",round_of_16,5,,,1,0,0,ucl-fc-k-benhavn,ucl-manchester-city,FC København,Manchester City,FC København,Manchester City FC,DEN,ENG,1,3,1,3,1,2,,,Normal Time,A,4,-2,1,1493.23,1678.6,-120.36,24,121,1-3 (1-2),2023-24/cl.txt,138,abfaeddc2ee3d14f99ecc163c9ddb46cb4d67cef
UCL-2023-24-M-0098,UEFA Champions League,2023-24,2024-02-13,21:00,2024-02-13T21:00:00,"Finals, Round of 16",round_of_16,5,,,1,0,0,ucl-rb-leipzig,ucl-real-madrid,RB Leipzig,Real Madrid,RB Leipzig,Real Madrid CF,GER,ESP,0,1,0,1,0,0,,,Normal Time,A,1,-1,0,1550.96,1659.5,-43.53,44,147,0-1 (0-0),2023-24/cl.txt,139,abfaeddc2ee3d14f99ecc163c9ddb46cb4d67cef
UCL-2023-24-M-0099,UEFA Champions League,2023-24,2024-02-14,21:00,2024-02-14T21:00:00,"Finals, Round of 16",round_of_16,5,,,1,0,0,ucl-paris-saint-germain,ucl-real-sociedad,Paris Saint-Germain,Real Sociedad,Paris Saint-Germain FC,Real Sociedad de Fútbol,FRA,ESP,2,0,2,0,0,0,,,Normal Time,H,2,2,0,1569.4,1523.63,110.77,109,12,2-0 (0-0),2023-24/cl.txt,141,abfaeddc2ee3d14f99ecc163c9ddb46cb4d67cef
UCL-2023-24-M-0100,UEFA Champions League,2023-24,2024-02-14,21:00,2024-02-14T21:00:00,"Finals, Round of 16",round_of_16,5,,,1,0,0,ucl-lazio,ucl-bayern-munich,Lazio,Bayern Munich,SS Lazio,FC Bayern München,ITA,GER,1,0,1,0,0,0,,,Normal Time,H,1,1,0,1508.86,1681.7,-107.83,14,139,1-0 (0-0),2023-24/cl.txt,142,abfaeddc2ee3d14f99ecc163c9ddb46cb4d67cef
UCL-2023-24-M-0101,UEFA Champions League,2023-24,2024-02-20,21:00,2024-02-20T21:00:00,"Finals, Round of 16",round_of_16,5,,,1,0,0,ucl-inter-milan,ucl-atletico-madrid,Inter Milan,Atlético Madrid,FC Internazionale Milano,Club Atlético de Madrid,ITA,ESP,1,0,1,0,0,0,,,Normal Time,H,1,1,0,1573.77,1538.45,100.32,53,101,1-0 (0-0),2023-24/cl.txt,144,abfaeddc2ee3d14f99ecc163c9ddb46cb4d67cef
UCL-2023-24-M-0102,UEFA Champions League,2023-24,2024-02-20,21:00,2024-02-20T21:00:00,"Finals, Round of 16",round_of_16,5,,,1,0,0,ucl-psv-eindhoven,ucl-borussia-dortmund,PSV Eindhoven,Borussia Dortmund,PSV,Borussia Dortmund,NED,GER,1,1,1,1,0,1,,,Normal Time,D,2,0,1,1496.13,1550.87,10.26,26,99,1-1 (0-1),2023-24/cl.txt,145,abfaeddc2ee3d14f99ecc163c9ddb46cb4d67cef
UCL-2023-24-M-0103,UEFA Champions League,2023-24,2024-02-21,21:00,2024-02-21T21:00:00,"Finals, Round of 16",round_of_16,5,,,1,0,0,ucl-fc-porto,ucl-arsenal-fc,FC Porto,Arsenal FC,FC Porto,Arsenal FC,POR,ENG,1,0,1,0,0,0,,,Normal Time,H,1,1,0,1542.03,1538.27,68.76,92,54,1-0 (0-0),2023-24/cl.txt,147,abfaeddc2ee3d14f99ecc163c9ddb46cb4d67cef
UCL-2023-24-M-0104,UEFA Champions League,2023-24,2024-02-21,21:00,2024-02-21T21:00:00,"Finals, Round of 16",round_of_16,5,,,1,0,0,ucl-ssc-napoli,ucl-fc-barcelona,SSC Napoli,FC Barcelona,SSC Napoli,FC Barcelona,ITA,ESP,1,1,1,1,0,0,,,Normal Time,D,2,0,1,1561.31,1561.91,64.4,58,124,1-1 (0-0),2023-24/cl.txt,148,abfaeddc2ee3d14f99ecc163c9ddb46cb4d67cef
UCL-2023-24-M-0105,UEFA Champions League,2023-24,2024-03-05,21:00,2024-03-05T21:00:00,"Finals, Round of 16",round_of_16,5,,,2,0,0,ucl-real-sociedad,ucl-paris-saint-germain,Real Sociedad,Paris Saint-Germain,Real Sociedad de Fútbol,Paris Saint-Germain FC,ESP,FRA,1,2,1,2,0,1,,,Normal Time,A,3,-1,1,1516.72,1576.32,5.4,13,110,1-2 (0-1),2023-24/cl.txt,150,abfaeddc2ee3d14f99ecc163c9ddb46cb4d67cef
UCL-2023-24-M-0106,UEFA Champions League,2023-24,2024-03-05,21:00,2024-03-05T21:00:00,"Finals, Round of 16",round_of_16,5,,,2,0,0,ucl-bayern-munich,ucl-lazio,Bayern Munich,Lazio,FC Bayern München,SS Lazio,GER,ITA,3,0,3,0,2,0,,,Normal Time,H,3,3,0,1668.69,1521.87,211.82,140,15,3-0 (2-0),2023-24/cl.txt,151,abfaeddc2ee3d14f99ecc163c9ddb46cb4d67cef
UCL-2023-24-M-0107,UEFA Champions League,2023-24,2024-03-06,21:00,2024-03-06T21:00:00,"Finals, Round of 16",round_of_16,5,,,2,0,0,ucl-manchester-city,ucl-fc-k-benhavn,Manchester City,FC København,Manchester City FC,FC København,ENG,DEN,3,1,3,1,3,1,,,Normal Time,H,4,2,1,1685.27,1486.57,263.7,122,25,3-1 (3-1),2023-24/cl.txt,153,abfaeddc2ee3d14f99ecc163c9ddb46cb4d67cef
UCL-2023-24-M-0108,UEFA Champions League,2023-24,2024-03-06,21:00,2024-03-06T21:00:00,"Finals, Round of 16",round_of_16,5,,,2,0,0,ucl-real-madrid,ucl-rb-leipzig,Real Madrid,RB Leipzig,Real Madrid CF,RB Leipzig,ESP,GER,1,1,1,1,0,0,,,Normal Time,D,2,0,1,1668.25,1542.21,191.04,148,45,1-1 (0-0),2023-24/cl.txt,154,abfaeddc2ee3d14f99ecc163c9ddb46cb4d67cef
UCL-2023-24-M-0109,UEFA Champions League,2023-24,2024-03-12,21:00,2024-03-12T21:00:00,"Finals, Round of 16",round_of_16,5,,,2,0,0,ucl-arsenal-fc,ucl-fc-porto,Arsenal FC,FC Porto,Arsenal FC,FC Porto,ENG,POR,1,0,1,0,1,0,4,2,Penalties,H,1,1,0,1530.23,1550.08,45.15,55,93,"4-2 pen. 1-0 a.e.t. (1-0, 1-0)",2023-24/cl.txt,156,abfaeddc2ee3d14f99ecc163c9ddb46cb4d67cef
UCL-2023-24-M-0110,UEFA Champions League,2023-24,2024-03-12,21:00,2024-03-12T21:00:00,"Finals, Round of 16",round_of_16,5,,,2,0,0,ucl-fc-barcelona,ucl-ssc-napoli,FC Barcelona,SSC Napoli,FC Barcelona,SSC Napoli,ESP,ITA,3,1,3,1,2,1,,,Normal Time,H,4,2,1,1563.74,1559.48,69.27,125,59,3-1 (2-1),2023-24/cl.txt,157,abfaeddc2ee3d14f99ecc163c9ddb46cb4d67cef
UCL-2023-24-M-0111,UEFA Champions League,2023-24,2024-03-13,21:00,2024-03-13T21:00:00,"Finals, Round of 16",round_of_16,5,,,2,0,0,ucl-atletico-madrid,ucl-inter-milan,Atlético Madrid,Inter Milan,Club Atlético de Madrid,FC Internazionale Milano,ESP,ITA,2,1,2,1,1,1,3,2,Penalties,H,3,1,1,1531.26,1580.96,15.3,102,54,"3-2 pen. 2-1 a.e.t. (2-1, 1-1)",2023-24/cl.txt,159,abfaeddc2ee3d14f99ecc163c9ddb46cb4d67cef
UCL-2023-24-M-0112,UEFA Champions League,2023-24,2024-03-13,21:00,2024-03-13T21:00:00,"Finals, Round of 16",round_of_16,5,,,2,0,0,ucl-borussia-dortmund,ucl-psv-eindhoven,Borussia Dortmund,PSV Eindhoven,Borussia Dortmund,PSV,GER,NED,2,0,2,0,1,0,,,Normal Time,H,2,2,0,1551.17,1495.83,120.33,100,27,2-0 (1-0),2023-24/cl.txt,160,abfaeddc2ee3d14f99ecc163c9ddb46cb4d67cef
UCL-2023-24-M-0113,UEFA Champions League,2023-24,2024-04-09,21:00,2024-04-09T21:00:00,"Finals, Quarterfinals",quarterfinal,6,,,1,0,0,ucl-arsenal-fc,ucl-bayern-munich,Arsenal FC,Bayern Munich,Arsenal FC,FC Bayern München,ENG,GER,2,2,2,2,1,2,,,Normal Time,D,4,0,1,1538.93,1673.25,-69.32,56,141,2-2 (1-2),2023-24/cl.txt,165,abfaeddc2ee3d14f99ecc163c9ddb46cb4d67cef
UCL-2023-24-M-0114,UEFA Champions League,2023-24,2024-04-09,21:00,2024-04-09T21:00:00,"Finals, Quarterfinals",quarterfinal,6,,,1,0,0,ucl-real-madrid,ucl-manchester-city,Real Madrid,Manchester City,Real Madrid CF,Manchester City FC,ESP,ENG,3,3,3,3,2,1,,,Normal Time,D,6,0,1,1663.25,1688.86,39.38,149,123,3-3 (2-1),2023-24/cl.txt,166,abfaeddc2ee3d14f99ecc163c9ddb46cb4d67cef
UCL-2023-24-M-0115,UEFA Champions League,2023-24,2024-04-10,21:00,2024-04-10T21:00:00,"Finals, Quarterfinals",quarterfinal,6,,,1,0,0,ucl-atletico-madrid,ucl-borussia-dortmund,Atlético Madrid,Borussia Dortmund,Club Atlético de Madrid,Borussia Dortmund,ESP,GER,2,1,2,1,2,0,,,Normal Time,H,3,1,1,1540.82,1557.84,47.98,103,101,2-1 (2-0),2023-24/cl.txt,168,abfaeddc2ee3d14f99ecc163c9ddb46cb4d67cef
UCL-2023-24-M-0116,UEFA Champions League,2023-24,2024-04-10,21:00,2024-04-10T21:00:00,"Finals, Quarterfinals",quarterfinal,6,,,1,0,0,ucl-paris-saint-germain,ucl-fc-barcelona,Paris Saint-Germain,FC Barcelona,Paris Saint-Germain FC,FC Barcelona,FRA,ESP,2,3,2,3,0,1,,,Normal Time,A,5,-1,1,1586.47,1571.78,79.7,111,126,2-3 (0-1),2023-24/cl.txt,169,abfaeddc2ee3d14f99ecc163c9ddb46cb4d67cef
UCL-2023-24-M-0117,UEFA Champions League,2023-24,2024-04-16,21:00,2024-04-16T21:00:00,"Finals, Quarterfinals",quarterfinal,6,,,2,0,0,ucl-borussia-dortmund,ucl-atletico-madrid,Borussia Dortmund,Atlético Madrid,Borussia Dortmund,Club Atlético de Madrid,GER,ESP,4,2,4,2,2,0,,,Normal Time,H,6,2,1,1549.21,1549.45,64.76,102,104,4-2 (2-0),2023-24/cl.txt,171,abfaeddc2ee3d14f99ecc163c9ddb46cb4d67cef
UCL-2023-24-M-0118,UEFA Champions League,2023-24,2024-04-16,21:00,2024-04-16T21:00:00,"Finals, Quarterfinals",quarterfinal,6,,,2,0,0,ucl-fc-barcelona,ucl-paris-saint-germain,FC Barcelona,Paris Saint-Germain,FC Barcelona,Paris Saint-Germain FC,ESP,FRA,1,4,1,4,1,1,,,Normal Time,A,5,-3,1,1584.03,1574.22,74.81,127,112,1-4 (1-1),2023-24/cl.txt,172,abfaeddc2ee3d14f99ecc163c9ddb46cb4d67cef
UCL-2023-24-M-0119,UEFA Champions League,2023-24,2024-04-17,21:00,2024-04-17T21:00:00,"Finals, Quarterfinals",quarterfinal,6,,,2,0,0,ucl-bayern-munich,ucl-arsenal-fc,Bayern Munich,Arsenal FC,FC Bayern München,Arsenal FC,GER,ENG,1,0,1,0,0,0,,,Normal Time,H,1,1,0,1671.28,1540.9,195.38,142,57,1-0 (0-0),2023-24/cl.txt,174,abfaeddc2ee3d14f99ecc163c9ddb46cb4d67cef
UCL-2023-24-M-0120,UEFA Champions League,2023-24,2024-04-17,21:00,2024-04-17T21:00:00,"Finals, Quarterfinals",quarterfinal,6,,,2,0,0,ucl-manchester-city,ucl-real-madrid,Manchester City,Real Madrid,Manchester City FC,Real Madrid CF,ENG,ESP,1,1,1,1,0,1,3,4,Penalties,D,2,0,1,1689.99,1662.12,92.87,124,150,"3-4 pen. 1-1 a.e.t. (1-1, 0-1)",2023-24/cl.txt,175,abfaeddc2ee3d14f99ecc163c9ddb46cb4d67cef
UCL-2023-24-M-0121,UEFA Champions League,2023-24,2024-04-30,21:00,2024-04-30T21:00:00,"Finals, Semifinals",semifinal,7,,,1,0,0,ucl-bayern-munich,ucl-real-madrid,Bayern Munich,Real Madrid,FC Bayern München,Real Madrid CF,GER,ESP,2,2,2,2,0,1,,,Normal Time,D,4,0,1,1676.19,1664.73,76.46,143,151,2-2 (0-1),2023-24/cl.txt,180,abfaeddc2ee3d14f99ecc163c9ddb46cb4d67cef
UCL-2023-24-M-0122,UEFA Champions League,2023-24,2024-05-01,21:00,2024-05-01T21:00:00,"Finals, Semifinals",semifinal,7,,,1,0,0,ucl-borussia-dortmund,ucl-paris-saint-germain,Borussia Dortmund,Paris Saint-Germain,Borussia Dortmund,Paris Saint-Germain FC,GER,FRA,1,0,1,0,1,0,,,Normal Time,H,1,1,0,1557.37,1586.34,36.03,103,113,1-0 (1-0),2023-24/cl.txt,182,abfaeddc2ee3d14f99ecc163c9ddb46cb4d67cef
UCL-2023-24-M-0123,UEFA Champions League,2023-24,2024-05-07,21:00,2024-05-07T21:00:00,"Finals, Semifinals",semifinal,7,,,2,0,0,ucl-paris-saint-germain,ucl-borussia-dortmund,Paris Saint-Germain,Borussia Dortmund,Paris Saint-Germain FC,Borussia Dortmund,FRA,GER,0,1,0,1,0,0,,,Normal Time,A,1,-1,0,1577.37,1566.33,76.04,114,104,0-1 (0-0),2023-24/cl.txt,184,abfaeddc2ee3d14f99ecc163c9ddb46cb4d67cef
UCL-2023-24-M-0124,UEFA Champions League,2023-24,2024-05-08,21:00,2024-05-08T21:00:00,"Finals, Semifinals",semifinal,7,,,2,0,0,ucl-real-madrid,ucl-bayern-munich,Real Madrid,Bayern Munich,Real Madrid CF,FC Bayern München,ESP,GER,2,1,2,1,0,0,,,Normal Time,H,3,1,1,1666.89,1674.02,57.87,152,144,2-1 (0-0),2023-24/cl.txt,186,abfaeddc2ee3d14f99ecc163c9ddb46cb4d67cef
UCL-2023-24-M-0125,UEFA Champions League,2023-24,2024-06-01,21:00,2024-06-01T21:00:00,"Finals, Final",final,8,,,single,0,1,ucl-borussia-dortmund,ucl-real-madrid,Borussia Dortmund,Real Madrid,Borussia Dortmund,Real Madrid CF,GER,ESP,0,2,0,2,0,0,,,Normal Time,A,2,-2,0,1578.49,1675.24,-96.76,105,153,0-2 (0-0),2023-24/cl.txt,191,abfaeddc2ee3d14f99ecc163c9ddb46cb4d67cef
UCL-2024-25-M-0001,UEFA Champions League,2024-25,2024-09-17,18:45,2024-09-17T18:45:00,"League, Matchday 1",league_phase,3,1,,not_applicable,0,0,ucl-bsc-young-boys,ucl-aston-villa-fc,BSC Young Boys,Aston Villa FC,BSC Young Boys,Aston Villa FC,SUI,ENG,0,3,0,3,0,2,,,Normal Time,A,3,-3,0,1487.85,1500.0,52.85,20,0,0-3 (0-2),2024-25/cl.txt,12,abfaeddc2ee3d14f99ecc163c9ddb46cb4d67cef
UCL-2024-25-M-0002,UEFA Champions League,2024-25,2024-09-17,18:45,2024-09-17T18:45:00,"League, Matchday 1",league_phase,3,1,,not_applicable,0,0,ucl-juventus,ucl-psv-eindhoven,Juventus,PSV Eindhoven,Juventus FC,PSV,ITA,NED,3,1,3,1,2,0,,,Normal Time,H,4,2,1,1531.01,1490.79,105.22,100,28,3-1 (2-0),2024-25/cl.txt,13,abfaeddc2ee3d14f99ecc163c9ddb46cb4d67cef
UCL-2024-25-M-0003,UEFA Champions League,2024-25,2024-09-17,21:00,2024-09-17T21:00:00,"League, Matchday 1",league_phase,3,1,,not_applicable,0,0,ucl-sporting-cp,ucl-lille-osc,Sporting CP,Lille OSC,Sporting Clube de Portugal,Lille OSC,POR,FRA,2,0,2,0,1,0,,,Normal Time,H,2,2,0,1486.5,1486.77,64.73,32,30,2-0 (1-0),2024-25/cl.txt,14,abfaeddc2ee3d14f99ecc163c9ddb46cb4d67cef
UCL-2024-25-M-0004,UEFA Champions League,2024-25,2024-09-17,21:00,2024-09-17T21:00:00,"League, Matchday 1",league_phase,3,1,,not_applicable,0,0,ucl-bayern-munich,ucl-dinamo-zagreb,Bayern Munich,Dinamo Zagreb,FC Bayern München,GNK Dinamo Zagreb,GER,CRO,9,2,9,2,3,0,,,Normal Time,H,11,7,1,1640.82,1476.54,229.28,145,38,9-2 (3-0),2024-25/cl.txt,15,abfaeddc2ee3d14f99ecc163c9ddb46cb4d67cef
UCL-2024-25-M-0005,UEFA Champions League,2024-25,2024-09-17,21:00,2024-09-17T21:00:00,"League, Matchday 1",league_phase,3,1,,not_applicable,0,0,ucl-real-madrid,ucl-vfb-stuttgart,Real Madrid,VfB Stuttgart,Real Madrid CF,VfB Stuttgart,ESP,GER,3,1,3,1,0,0,,,Normal Time,H,4,2,1,1655.15,1500.0,220.15,154,0,3-1 (0-0),2024-25/cl.txt,16,abfaeddc2ee3d14f99ecc163c9ddb46cb4d67cef
UCL-2024-25-M-0006,UEFA Champions League,2024-25,2024-09-17,21:00,2024-09-17T21:00:00,"League, Matchday 1",league_phase,3,1,,not_applicable,0,0,ucl-ac-milan,ucl-liverpool-fc,AC Milan,Liverpool FC,AC Milan,Liverpool FC,ITA,ENG,1,3,1,3,1,2,,,Normal Time,A,4,-2,1,1508.51,1583.83,-10.31,50,71,1-3 (1-2),2024-25/cl.txt,17,abfaeddc2ee3d14f99ecc163c9ddb46cb4d67cef
UCL-2024-25-M-0007,UEFA Champions League,2024-25,2024-09-18,18:45,2024-09-18T18:45:00,"League, Matchday 1",league_phase,3,1,,not_applicable,0,0,ucl-bologna-fc-1909,ucl-shakhtar-donetsk,Bologna FC 1909,Shakhtar Donetsk,Bologna FC 1909,FK Shakhtar Donetsk,ITA,UKR,0,0,0,0,,,,,Normal Time,D,0,0,0,1500.0,1483.49,81.51,0,78,0-0,2024-25/cl.txt,19,abfaeddc2ee3d14f99ecc163c9ddb46cb4d67cef
UCL-2024-25-M-0008,UEFA Champions League,2024-25,2024-09-18,18:45,2024-09-18T18:45:00,"League, Matchday 1",league_phase,3,1,,not_applicable,0,0,ucl-ac-sparta-praha,ucl-rb-salzburg,AC Sparta Praha,RB Salzburg,AC Sparta Praha,FC Red Bull Salzburg,CZE,AUT,3,0,3,0,2,0,,,Normal Time,H,3,3,0,1546.4,1491.93,119.48,6,36,3-0 (2-0),2024-25/cl.txt,20,abfaeddc2ee3d14f99ecc163c9ddb46cb4d67cef
UCL-2024-25-M-0009,UEFA Champions League,2024-25,2024-09-18,21:00,2024-09-18T21:00:00,"League, Matchday 1",league_phase,3,1,,not_applicable,0,0,ucl-manchester-city,ucl-inter-milan,Manchester City,Inter Milan,Manchester City FC,FC Internazionale Milano,ENG,ITA,0,0,0,0,,,,,Normal Time,D,0,0,0,1659.27,1560.69,163.58,125,55,0-0,2024-25/cl.txt,21,abfaeddc2ee3d14f99ecc163c9ddb46cb4d67cef
UCL-2024-25-M-0010,UEFA Champions League,2024-25,2024-09-18,21:00,2024-09-18T21:00:00,"League, Matchday 1",league_phase,3,1,,not_applicable,0,0,ucl-paris-saint-germain,ucl-girona-fc,Paris Saint-Germain,Girona FC,Paris Saint-Germain FC,Girona FC,FRA,ESP,1,0,1,0,0,0,,,Normal Time,H,1,1,0,1555.43,1500.0,120.43,115,0,1-0 (0-0),2024-25/cl.txt,22,abfaeddc2ee3d14f99ecc163c9ddb46cb4d67cef
UCL-2024-25-M-0011,UEFA Champions League,2024-25,2024-09-18,21:00,2024-09-18T21:00:00,"League, Matchday 1",league_phase,3,1,,not_applicable,0,0,ucl-club-brugge-kv,ucl-borussia-dortmund,Club Brugge KV,Borussia Dortmund,Club Brugge KV,Borussia Dortmund,BEL,GER,0,3,0,3,0,0,,,Normal Time,A,3,-3,0,1479.5,1560.52,-16.03,38,106,0-3 (0-0),2024-25/cl.txt,23,abfaeddc2ee3d14f99ecc163c9ddb46cb4d67cef
UCL-2024-25-M-0012,UEFA Champions League,2024-25,2024-09-18,21:00,2024-09-18T21:00:00,"League, Matchday 1",league_phase,3,1,,not_applicable,0,0,ucl-celtic-fc,ucl-slovan-bratislava,Celtic FC,Slovan Bratislava,Celtic FC,ŠK Slovan Bratislava,SCO,SVK,5,1,5,1,1,0,,,Normal Time,H,6,4,1,1442.9,1545.72,-37.83,38,8,5-1 (1-0),2024-25/cl.txt,24,abfaeddc2ee3d14f99ecc163c9ddb46cb4d67cef
UCL-2024-25-M-0013,UEFA Champions League,2024-25,2024-09-19,18:45,2024-09-19T18:45:00,"League, Matchday 1",league_phase,3,1,,not_applicable,0,0,ucl-feyenoord,ucl-bayer-leverkusen,Feyenoord,Bayer Leverkusen,Feyenoord Rotterdam,Bayer 04 Leverkusen,NED,GER,0,4,0,4,0,4,,,Normal Time,A,4,-4,0,1471.88,1484.91,51.97,12,50,0-4 (0-4),2024-25/cl.txt,26,abfaeddc2ee3d14f99ecc163c9ddb46cb4d67cef
UCL-2024-25-M-0014,UEFA Champions League,2024-25,2024-09-19,18:45,2024-09-19T18:45:00,"League, Matchday 1",league_phase,3,1,,not_applicable,0,0,ucl-crvena-zvezda,ucl-benfica,Crvena Zvezda,Benfica,FK Crvena Zvezda,Sport Lisboa e Benfica,SRB,POR,1,2,1,2,0,2,,,Normal Time,A,3,-1,1,1454.0,1512.82,6.18,20,90,1-2 (0-2),2024-25/cl.txt,27,abfaeddc2ee3d14f99ecc163c9ddb46cb4d67cef
UCL-2024-25-M-0015,UEFA Champions League,2024-25,2024-09-19,21:00,2024-09-19T21:00:00,"League, Matchday 1",league_phase,3,1,,not_applicable,0,0,ucl-as-monaco,ucl-fc-barcelona,AS Monaco,FC Barcelona,AS Monaco FC,FC Barcelona,MCO,ESP,2,1,2,1,1,1,,,Normal Time,H,3,1,1,1478.92,1561.12,-17.21,34,128,2-1 (1-1),2024-25/cl.txt,28,abfaeddc2ee3d14f99ecc163c9ddb46cb4d67cef
UCL-2024-25-M-0016,UEFA Champions League,2024-25,2024-09-19,21:00,2024-09-19T21:00:00,"League, Matchday 1",league_phase,3,1,,not_applicable,0,0,ucl-stade-brestois-29,ucl-sturm-graz,Stade Brestois 29,Sturm Graz,Stade Brestois 29,SK Sturm Graz,FRA,AUT,2,1,2,1,1,1,,,Normal Time,H,3,1,1,1500.0,1500.0,65.0,0,0,2-1 (1-1),2024-25/cl.txt,29,abfaeddc2ee3d14f99ecc163c9ddb46cb4d67cef
UCL-2024-25-M-0017,UEFA Champions League,2024-25,2024-09-19,21:00,2024-09-19T21:00:00,"League, Matchday 1",league_phase,3,1,,not_applicable,0,0,ucl-atalanta,ucl-arsenal-fc,Atalanta,Arsenal FC,Atalanta BC,Arsenal FC,ITA,ENG,0,0,0,0,,,,,Normal Time,D,0,0,0,1499.18,1530.6,33.58,23,58,0-0,2024-25/cl.txt,30,abfaeddc2ee3d14f99ecc163c9ddb46cb4d67cef
UCL-2024-25-M-0018,UEFA Champions League,2024-25,2024-09-19,21:00,2024-09-19T21:00:00,"League, Matchday 1",league_phase,3,1,,not_applicable,0,0,ucl-atletico-madrid,ucl-rb-leipzig,Atlético Madrid,RB Leipzig,Club Atlético de Madrid,RB Leipzig,ESP,GER,2,1,2,1,1,1,,,Normal Time,H,3,1,1,1535.1,1540.13,59.96,105,46,2-1 (1-1),2024-25/cl.txt,31,abfaeddc2ee3d14f99ecc163c9ddb46cb4d67cef
UCL-2024-25-M-0019,UEFA Champions League,2024-25,2024-10-01,18:45,2024-10-01T18:45:00,"League, Matchday 2",league_phase,3,2,,not_applicable,0,0,ucl-vfb-stuttgart,ucl-ac-sparta-praha,VfB Stuttgart,AC Sparta Praha,VfB Stuttgart,AC Sparta Praha,GER,CZE,1,1,1,1,1,1,,,Normal Time,D,2,0,1,1495.61,1553.09,7.51,1,7,1-1 (1-1),2024-25/cl.txt,36,abfaeddc2ee3d14f99ecc163c9ddb46cb4d67cef
UCL-2024-25-M-0020,UEFA Champions League,2024-25,2024-10-01,18:45,2024-10-01T18:45:00,"League, Matchday 2",league_phase,3,2,,not_applicable,0,0,ucl-rb-salzburg,ucl-stade-brestois-29,RB Salzburg,Stade Brestois 29,FC Red Bull Salzburg,Stade Brestois 29,AUT,FRA,0,4,0,4,0,1,,,Normal Time,A,4,-4,0,1485.23,1508.15,42.08,37,1,0-4 (0-1),2024-25/cl.txt,37,abfaeddc2ee3d14f99ecc163c9ddb46cb4d67cef
UCL-2024-25-M-0021,UEFA Champions League,2024-25,2024-10-01,21:00,2024-10-01T21:00:00,"League, Matchday 2",league_phase,3,2,,not_applicable,0,0,ucl-slovan-bratislava,ucl-manchester-city,Slovan Bratislava,Manchester City,ŠK Slovan Bratislava,Manchester City FC,SVK,ENG,0,4,0,4,0,2,,,Normal Time,A,4,-4,0,1534.64,1654.88,-55.25,9,126,0-4 (0-2),2024-25/cl.txt,38,abfaeddc2ee3d14f99ecc163c9ddb46cb4d67cef
UCL-2024-25-M-0022,UEFA Champions League,2024-25,2024-10-01,21:00,2024-10-01T21:00:00,"League, Matchday 2",league_phase,3,2,,not_applicable,0,0,ucl-borussia-dortmund,ucl-celtic-fc,Borussia Dortmund,Celtic FC,Borussia Dortmund,Celtic FC,GER,SCO,7,1,7,1,5,1,,,Normal Time,H,8,6,1,1570.06,1453.98,181.08,107,39,7-1 (5-1),2024-25/cl.txt,39,abfaeddc2ee3d14f99ecc163c9ddb46cb4d67cef
UCL-2024-25-M-0023,UEFA Champions League,2024-25,2024-10-01,21:00,2024-10-01T21:00:00,"League, Matchday 2",league_phase,3,2,,not_applicable,0,0,ucl-fc-barcelona,ucl-bsc-young-boys,FC Barcelona,BSC Young Boys,FC Barcelona,BSC Young Boys,ESP,SUI,5,0,5,0,3,0,,,Normal Time,H,5,5,0,1550.63,1476.34,139.29,129,21,5-0 (3-0),2024-25/cl.txt,40,abfaeddc2ee3d14f99ecc163c9ddb46cb4d67cef
UCL-2024-25-M-0024,UEFA Champions League,2024-25,2024-10-01,21:00,2024-10-01T21:00:00,"League, Matchday 2",league_phase,3,2,,not_applicable,0,0,ucl-inter-milan,ucl-crvena-zvezda,Inter Milan,Crvena Zvezda,FC Internazionale Milano,FK Crvena Zvezda,ITA,SRB,4,0,4,0,1,0,,,Normal Time,H,4,4,0,1565.08,1443.82,186.26,56,21,4-0 (1-0),2024-25/cl.txt,41,abfaeddc2ee3d14f99ecc163c9ddb46cb4d67cef
UCL-2024-25-M-0025,UEFA Champions League,2024-25,2024-10-01,21:00,2024-10-01T21:00:00,"League, Matchday 2",league_phase,3,2,,not_applicable,0,0,ucl-bayer-leverkusen,ucl-ac-milan,Bayer Leverkusen,AC Milan,Bayer 04 Leverkusen,AC Milan,GER,ITA,1,0,1,0,0,0,,,Normal Time,H,1,1,0,1496.4,1498.81,62.59,51,51,1-0 (0-0),2024-25/cl.txt,42,abfaeddc2ee3d14f99ecc163c9ddb46cb4d67cef
UCL-2024-25-M-0026,UEFA Champions League,2024-25,2024-10-01,21:00,2024-10-01T21:00:00,"League, Matchday 2",league_phase,3,2,,not_applicable,0,0,ucl-arsenal-fc,ucl-paris-saint-germain,Arsenal FC,Paris Saint-Germain,Arsenal FC,Paris Saint-Germain FC,ENG,FRA,2,0,2,0,2,0,,,Normal Time,H,2,2,0,1531.56,1562.1,34.46,59,116,2-0 (2-0),2024-25/cl.txt,43,abfaeddc2ee3d14f99ecc163c9ddb46cb4d67cef
UCL-2024-25-M-0027,UEFA Champions League,2024-25,2024-10-01,21:00,2024-10-01T21:00:00,"League, Matchday 2",league_phase,3,2,,not_applicable,0,0,ucl-psv-eindhoven,ucl-sporting-cp,PSV Eindhoven,Sporting CP,PSV,Sporting Clube de Portugal,NED,POR,1,1,1,1,1,0,,,Normal Time,D,2,0,1,1483.73,1494.66,54.07,29,33,1-1 (1-0),2024-25/cl.txt,44,abfaeddc2ee3d14f99ecc163c9ddb46cb4d67cef
UCL-2024-25-M-0028,UEFA Champions League,2024-25,2024-10-02,18:45,2024-10-02T18:45:00,"League, Matchday 2",league_phase,3,2,,not_applicable,0,0,ucl-girona-fc,ucl-feyenoord,Girona FC,Feyenoord,Girona FC,Feyenoord Rotterdam,ESP,NED,2,3,2,3,1,2,,,Normal Time,A,5,-1,1,1493.33,1460.4,97.94,1,13,2-3 (1-2),2024-25/cl.txt,46,abfaeddc2ee3d14f99ecc163c9ddb46cb4d67cef
UCL-2024-25-M-0029,UEFA Champions League,2024-25,2024-10-02,18:45,2024-10-02T18:45:00,"League, Matchday 2",league_phase,3,2,,not_applicable,0,0,ucl-shakhtar-donetsk,ucl-atalanta,Shakhtar Donetsk,Atalanta,FK Shakhtar Donetsk,Atalanta BC,UKR,ITA,0,3,0,3,0,2,,,Normal Time,A,3,-3,0,1485.79,1498.22,52.57,79,24,0-3 (0-2),2024-25/cl.txt,47,abfaeddc2ee3d14f99ecc163c9ddb46cb4d67cef
UCL-2024-25-M-0030,UEFA Champions League,2024-25,2024-10-02,21:00,2024-10-02T21:00:00,"League, Matchday 2",league_phase,3,2,,not_applicable,0,0,ucl-aston-villa-fc,ucl-bayern-munich,Aston Villa FC,Bayern Munich,Aston Villa FC,FC Bayern München,ENG,GER,1,0,1,0,0,0,,,Normal Time,H,1,1,0,1511.51,1645.04,-68.53,1,146,1-0 (0-0),2024-25/cl.txt,48,abfaeddc2ee3d14f99ecc163c9ddb46cb4d67cef
UCL-2024-25-M-0031,UEFA Champions League,2024-25,2024-10-02,21:00,2024-10-02T21:00:00,"League, Matchday 2",league_phase,3,2,,not_applicable,0,0,ucl-sturm-graz,ucl-club-brugge-kv,Sturm Graz,Club Brugge KV,SK Sturm Graz,Club Brugge KV,AUT,BEL,0,1,0,1,0,1,,,Normal Time,A,1,-1,0,1491.85,1469.96,86.89,1,39,0-1 (0-1),2024-25/cl.txt,49,abfaeddc2ee3d14f99ecc163c9ddb46cb4d67cef
UCL-2024-25-M-0032,UEFA Champions League,2024-25,2024-10-02,21:00,2024-10-02T21:00:00,"League, Matchday 2",league_phase,3,2,,not_applicable,0,0,ucl-liverpool-fc,ucl-bologna-fc-1909,Liverpool FC,Bologna FC 1909,Liverpool FC,Bologna FC 1909,ENG,ITA,2,0,2,0,1,0,,,Normal Time,H,2,2,0,1593.53,1497.7,160.83,72,1,2-0 (1-0),2024-25/cl.txt,50,abfaeddc2ee3d14f99ecc163c9ddb46cb4d67cef
UCL-2024-25-M-0033,UEFA Champions League,2024-25,2024-10-02,21:00,2024-10-02T21:00:00,"League, Matchday 2",league_phase,3,2,,not_applicable,0,0,ucl-rb-leipzig,ucl-juventus,RB Leipzig,Juventus,RB Leipzig,Juventus FC,GER,ITA,2,3,2,3,1,0,,,Normal Time,A,5,-1,1,1531.84,1538.07,58.77,47,101,2-3 (1-0),2024-25/cl.txt,51,abfaeddc2ee3d14f99ecc163c9ddb46cb4d67cef
UCL-2024-25-M-0034,UEFA Champions League,2024-25,2024-10-02,21:00,2024-10-02T21:00:00,"League, Matchday 2",league_phase,3,2,,not_applicable,0,0,ucl-benfica,ucl-atletico-madrid,Benfica,Atlético Madrid,Sport Lisboa e Benfica,Club Atlético de Madrid,POR,ESP,4,0,4,0,1,0,,,Normal Time,H,4,4,0,1523.0,1543.39,44.61,91,106,4-0 (1-0),2024-25/cl.txt,52,abfaeddc2ee3d14f99ecc163c9ddb46cb4d67cef
UCL-2024-25-M-0035,UEFA Champions League,2024-25,2024-10-02,21:00,2024-10-02T21:00:00,"League, Matchday 2",league_phase,3,2,,not_applicable,0,0,ucl-dinamo-zagreb,ucl-as-monaco,Dinamo Zagreb,AS Monaco,GNK Dinamo Zagreb,AS Monaco FC,CRO,MCO,2,2,2,2,1,0,,,Normal Time,D,4,0,1,1472.33,1489.41,47.92,39,35,2-2 (1-0),2024-25/cl.txt,53,abfaeddc2ee3d14f99ecc163c9ddb46cb4d67cef
UCL-2024-25-M-0036,UEFA Champions League,2024-25,2024-10-02,21:00,2024-10-02T21:00:00,"League, Matchday 2",league_phase,3,2,,not_applicable,0,0,ucl-lille-osc,ucl-real-madrid,Lille OSC,Real Madrid,Lille OSC,Real Madrid CF,FRA,ESP,1,0,1,0,1,0,,,Normal Time,H,1,1,0,1478.61,1659.54,-115.93,31,155,1-0 (1-0),2024-25/cl.txt,54,abfaeddc2ee3d14f99ecc163c9ddb46cb4d67cef
UCL-2024-25-M-0037,UEFA Champions League,2024-25,2024-10-22,18:45,2024-10-22T18:45:00,"League, Matchday 3",league_phase,3,3,,not_applicable,0,0,ucl-as-monaco,ucl-crvena-zvezda,AS Monaco,Crvena Zvezda,AS Monaco FC,FK Crvena Zvezda,MCO,SRB,5,1,5,1,2,1,,,Normal Time,H,6,4,1,1490.78,1438.72,117.06,36,22,5-1 (2-1),2024-25/cl.txt,59,abfaeddc2ee3d14f99ecc163c9ddb46cb4d67cef
UCL-2024-25-M-0038,UEFA Champions League,2024-25,2024-10-22,18:45,2024-10-22T18:45:00,"League, Matchday 3",league_phase,3,3,,not_applicable,0,0,ucl-ac-milan,ucl-club-brugge-kv,AC Milan,Club Brugge KV,AC Milan,Club Brugge KV,ITA,BEL,3,1,3,1,1,0,,,Normal Time,H,4,2,1,1490.59,1482.41,73.18,52,40,3-1 (1-0),2024-25/cl.txt,60,abfaeddc2ee3d14f99ecc163c9ddb46cb4d67cef
UCL-2024-25-M-0039,UEFA Champions League,2024-25,2024-10-22,21:00,2024-10-22T21:00:00,"League, Matchday 3",league_phase,3,3,,not_applicable,0,0,ucl-aston-villa-fc,ucl-bologna-fc-1909,Aston Villa FC,Bologna FC 1909,Aston Villa FC,Bologna FC 1909,ENG,ITA,2,0,2,0,0,0,,,Normal Time,H,2,2,0,1523.46,1492.02,96.44,2,2,2-0 (0-0),2024-25/cl.txt,61,abfaeddc2ee3d14f99ecc163c9ddb46cb4d67cef
UCL-2024-25-M-0040,UEFA Champions League,2024-25,2024-10-22,21:00,2024-10-22T21:00:00,"League, Matchday 3",league_phase,3,3,,not_applicable,0,0,ucl-girona-fc,ucl-slovan-bratislava,Girona FC,Slovan Bratislava,Girona FC,ŠK Slovan Bratislava,ESP,SVK,2,0,2,0,1,0,,,Normal Time,H,2,2,0,1480.59,1526.22,19.37,2,10,2-0 (1-0),2024-25/cl.txt,62,abfaeddc2ee3d14f99ecc163c9ddb46cb4d67cef
UCL-2024-25-M-0041,UEFA Champions League,2024-25,2024-10-22,21:00,2024-10-22T21:00:00,"League, Matchday 3",league_phase,3,3,,not_applicable,0,0,ucl-sturm-graz,ucl-sporting-cp,Sturm Graz,Sporting CP,SK Sturm Graz,Sporting Clube de Portugal,AUT,POR,0,2,0,2,0,1,,,Normal Time,A,2,-2,0,1479.4,1496.21,48.19,2,34,0-2 (0-1),2024-25/cl.txt,63,abfaeddc2ee3d14f99ecc163c9ddb46cb4d67cef
UCL-2024-25-M-0042,UEFA Champions League,2024-25,2024-10-22,21:00,2024-10-22T21:00:00,"League, Matchday 3",league_phase,3,3,,not_applicable,0,0,ucl-paris-saint-germain,ucl-psv-eindhoven,Paris Saint-Germain,PSV Eindhoven,Paris Saint-Germain FC,PSV,FRA,NED,1,1,1,1,0,1,,,Normal Time,D,2,0,1,1553.09,1482.19,135.9,117,30,1-1 (0-1),2024-25/cl.txt,64,abfaeddc2ee3d14f99ecc163c9ddb46cb4d67cef
UCL-2024-25-M-0043,UEFA Champions League,2024-25,2024-10-22,21:00,2024-10-22T21:00:00,"League, Matchday 3",league_phase,3,3,,not_applicable,0,0,ucl-real-madrid,ucl-borussia-dortmund,Real Madrid,Borussia Dortmund,Real Madrid CF,Borussia Dortmund,ESP,GER,5,2,5,2,0,2,,,Normal Time,H,7,3,1,1646.33,1575.27,136.05,156,108,5-2 (0-2),2024-25/cl.txt,65,abfaeddc2ee3d14f99ecc163c9ddb46cb4d67cef
UCL-2024-25-M-0044,UEFA Champions League,2024-25,2024-10-22,21:00,2024-10-22T21:00:00,"League, Matchday 3",league_phase,3,3,,not_applicable,0,0,ucl-arsenal-fc,ucl-shakhtar-donetsk,Arsenal FC,Shakhtar Donetsk,Arsenal FC,FK Shakhtar Donetsk,ENG,UKR,1,0,1,0,1,0,,,Normal Time,H,1,1,0,1540.58,1474.29,131.29,60,80,1-0 (1-0),2024-25/cl.txt,66,abfaeddc2ee3d14f99ecc163c9ddb46cb4d67cef
UCL-2024-25-M-0045,UEFA Champions League,2024-25,2024-10-22,21:00,2024-10-22T21:00:00,"League, Matchday 3",league_phase,3,3,,not_applicable,0,0,ucl-juventus,ucl-vfb-stuttgart,Juventus,VfB Stuttgart,Juventus FC,VfB Stuttgart,ITA,GER,0,1,0,1,0,0,,,Normal Time,A,1,-1,0,1549.75,1495.39,119.36,102,2,0-1 (0-0),2024-25/cl.txt,67,abfaeddc2ee3d14f99ecc163c9ddb46cb4d67cef
UCL-2024-25-M-0046,UEFA Champions League,2024-25,2024-10-23,18:45,2024-10-23T18:45:00,"League, Matchday 3",league_phase,3,3,,not_applicable,0,0,ucl-stade-brestois-29,ucl-bayer-leverkusen,Stade Brestois 29,Bayer Leverkusen,Stade Brestois 29,Bayer 04 Leverkusen,FRA,GER,1,1,1,1,1,1,,,Normal Time,D,2,0,1,1519.36,1504.61,79.74,2,52,1-1 (1-1),2024-25/cl.txt,69,abfaeddc2ee3d14f99ecc163c9ddb46cb4d67cef
UCL-2024-25-M-0047,UEFA Champions League,2024-25,2024-10-23,18:45,2024-10-23T18:45:00,"League, Matchday 3",league_phase,3,3,,not_applicable,0,0,ucl-atalanta,ucl-celtic-fc,Atalanta,Celtic FC,Atalanta BC,Celtic FC,ITA,SCO,0,0,0,0,,,,,Normal Time,D,0,0,0,1509.72,1448.77,125.95,25,40,0-0,2024-25/cl.txt,70,abfaeddc2ee3d14f99ecc163c9ddb46cb4d67cef
UCL-2024-25-M-0048,UEFA Champions League,2024-25,2024-10-23,21:00,2024-10-23T21:00:00,"League, Matchday 3",league_phase,3,3,,not_applicable,0,0,ucl-bsc-young-boys,ucl-inter-milan,BSC Young Boys,Inter Milan,BSC Young Boys,FC Internazionale Milano,SUI,ITA,0,1,0,1,0,0,,,Normal Time,A,1,-1,0,1470.15,1570.18,-35.03,22,57,0-1 (0-0),2024-25/cl.txt,71,abfaeddc2ee3d14f99ecc163c9ddb46cb4d67cef
UCL-2024-25-M-0049,UEFA Champions League,2024-25,2024-10-23,21:00,2024-10-23T21:00:00,"League, Matchday 3",league_phase,3,3,,not_applicable,0,0,ucl-fc-barcelona,ucl-bayern-munich,FC Barcelona,Bayern Munich,FC Barcelona,FC Bayern München,ESP,GER,4,1,4,1,3,1,,,Normal Time,H,5,3,1,1556.82,1633.09,-11.27,130,147,4-1 (3-1),2024-25/cl.txt,72,abfaeddc2ee3d14f99ecc163c9ddb46cb4d67cef
UCL-2024-25-M-0050,UEFA Champions League,2024-25,2024-10-23,21:00,2024-10-23T21:00:00,"League, Matchday 3",league_phase,3,3,,not_applicable,0,0,ucl-manchester-city,ucl-ac-sparta-praha,Manchester City,AC Sparta Praha,Manchester City FC,AC Sparta Praha,ENG,CZE,5,0,5,0,1,0,,,Normal Time,H,5,5,0,1663.31,1553.31,175.0,127,8,5-0 (1-0),2024-25/cl.txt,73,abfaeddc2ee3d14f99ecc163c9ddb46cb4d67cef
UCL-2024-25-M-0051,UEFA Champions League,2024-25,2024-10-23,21:00,2024-10-23T21:00:00,"League, Matchday 3",league_phase,3,3,,not_applicable,0,0,ucl-rb-leipzig,ucl-liverpool-fc,RB Leipzig,Liverpool FC,RB Leipzig,Liverpool FC,GER,ENG,0,1,0,1,0,1,,,Normal Time,A,1,-1,0,1520.17,1599.21,-14.04,48,73,0-1 (0-1),2024-25/cl.txt,74,abfaeddc2ee3d14f99ecc163c9ddb46cb4d67cef
UCL-2024-25-M-0052,UEFA Champions League,2024-25,2024-10-23,21:00,2024-10-23T21:00:00,"League, Matchday 3",league_phase,3,3,,not_applicable,0,0,ucl-atletico-madrid,ucl-lille-osc,Atlético Madrid,Lille OSC,Club Atlético de Madrid,Lille OSC,ESP,FRA,1,3,1,3,1,0,,,Normal Time,A,4,-2,1,1534.66,1491.83,107.83,107,32,1-3 (1-0),2024-25/cl.txt,75,abfaeddc2ee3d14f99ecc163c9ddb46cb4d67cef
UCL-2024-25-M-0053,UEFA Champions League,2024-25,2024-10-23,21:00,2024-10-23T21:00:00,"League, Matchday 3",league_phase,3,3,,not_applicable,0,0,ucl-benfica,ucl-feyenoord,Benfica,Feyenoord,Sport Lisboa e Benfica,Feyenoord Rotterdam,POR,NED,1,3,1,3,0,2,,,Normal Time,A,4,-2,1,1531.72,1473.14,123.58,92,14,1-3 (0-2),2024-25/cl.txt,76,abfaeddc2ee3d14f99ecc163c9ddb46cb4d67cef
UCL-2024-25-M-0054,UEFA Champions League,2024-25,2024-10-23,21:00,2024-10-23T21:00:00,"League, Matchday 3",league_phase,3,3,,not_applicable,0,0,ucl-rb-salzburg,ucl-dinamo-zagreb,RB Salzburg,Dinamo Zagreb,FC Red Bull Salzburg,GNK Dinamo Zagreb,AUT,CRO,0,2,0,2,0,0,,,Normal Time,A,2,-2,0,1474.03,1470.96,68.07,38,40,0-2 (0-0),2024-25/cl.txt,77,abfaeddc2ee3d14f99ecc163c9ddb46cb4d67cef
UCL-2024-25-M-0055,UEFA Champions League,2024-25,2024-11-05,18:45,2024-11-05T18:45:00,"League, Matchday 4",league_phase,3,4,,not_applicable,0,0,ucl-slovan-bratislava,ucl-dinamo-zagreb,Slovan Bratislava,Dinamo Zagreb,ŠK Slovan Bratislava,GNK Dinamo Zagreb,SVK,CRO,1,4,1,4,1,2,,,Normal Time,A,5,-3,1,1516.77,1482.89,98.88,11,41,1-4 (1-2),2024-25/cl.txt,82,abfaeddc2ee3d14f99ecc163c9ddb46cb4d67cef
UCL-2024-25-M-0056,UEFA Champions League,2024-25,2024-11-05,18:45,2024-11-05T18:45:00,"League, Matchday 4",league_phase,3,4,,not_applicable,0,0,ucl-psv-eindhoven,ucl-girona-fc,PSV Eindhoven,Girona FC,PSV,Girona FC,NED,ESP,4,0,4,0,2,0,,,Normal Time,H,4,4,0,1485.91,1490.03,60.88,31,3,4-0 (2-0),2024-25/cl.txt,83,abfaeddc2ee3d14f99ecc163c9ddb46cb4d67cef
UCL-2024-25-M-0057,UEFA Champions League,2024-25,2024-11-05,21:00,2024-11-05T21:00:00,"League, Matchday 4",league_phase,3,4,,not_applicable,0,0,ucl-sporting-cp,ucl-manchester-city,Sporting CP,Manchester City,Sporting Clube de Portugal,Manchester City FC,POR,ENG,4,1,4,1,1,1,,,Normal Time,H,5,3,1,1507.58,1668.66,-96.07,35,128,4-1 (1-1),2024-25/cl.txt,84,abfaeddc2ee3d14f99ecc163c9ddb46cb4d67cef
UCL-2024-25-M-0058,UEFA Champions League,2024-25,2024-11-05,21:00,2024-11-05T21:00:00,"League, Matchday 4",league_phase,3,4,,not_applicable,0,0,ucl-bologna-fc-1909,ucl-as-monaco,Bologna FC 1909,AS Monaco,Bologna FC 1909,AS Monaco FC,ITA,MCO,0,1,0,1,0,0,,,Normal Time,A,1,-1,0,1484.73,1497.53,52.19,3,37,0-1 (0-0),2024-25/cl.txt,85,abfaeddc2ee3d14f99ecc163c9ddb46cb4d67cef
UCL-2024-25-M-0059,UEFA Champions League,2024-25,2024-11-05,21:00,2024-11-05T21:00:00,"League, Matchday 4",league_phase,3,4,,not_applicable,0,0,ucl-borussia-dortmund,ucl-sturm-graz,Borussia Dortmund,Sturm Graz,Borussia Dortmund,SK Sturm Graz,GER,AUT,1,0,1,0,0,0,,,Normal Time,H,1,1,0,1569.0,1468.02,165.98,109,3,1-0 (0-0),2024-25/cl.txt,86,abfaeddc2ee3d14f99ecc163c9ddb46cb4d67cef
UCL-2024-25-M-0060,UEFA Champions League,2024-25,2024-11-05,21:00,2024-11-05T21:00:00,"League, Matchday 4",league_phase,3,4,,not_applicable,0,0,ucl-liverpool-fc,ucl-bayer-leverkusen,Liverpool FC,Bayer Leverkusen,Liverpool FC,Bayer 04 Leverkusen,ENG,GER,4,0,4,0,0,0,,,Normal Time,H,4,4,0,1608.8,1506.87,166.93,74,53,4-0 (0-0),2024-25/cl.txt,87,abfaeddc2ee3d14f99ecc163c9ddb46cb4d67cef
UCL-2024-25-M-0061,UEFA Champions League,2024-25,2024-11-05,21:00,2024-11-05T21:00:00,"League, Matchday 4",league_phase,3,4,,not_applicable,0,0,ucl-real-madrid,ucl-ac-milan,Real Madrid,AC Milan,Real Madrid CF,AC Milan,ESP,ITA,1,3,1,3,1,2,,,Normal Time,A,4,-2,1,1652.6,1498.52,219.08,157,53,1-3 (1-2),2024-25/cl.txt,88,abfaeddc2ee3d14f99ecc163c9ddb46cb4d67cef
UCL-2024-25-M-0062,UEFA Champions League,2024-25,2024-11-05,21:00,2024-11-05T21:00:00,"League, Matchday 4",league_phase,3,4,,not_applicable,0,0,ucl-celtic-fc,ucl-rb-leipzig,Celtic FC,RB Leipzig,Celtic FC,RB Leipzig,SCO,GER,3,1,3,1,2,1,,,Normal Time,H,4,2,1,1452.24,1510.57,6.67,41,49,3-1 (2-1),2024-25/cl.txt,89,abfaeddc2ee3d14f99ecc163c9ddb46cb4d67cef
UCL-2024-25-M-0063,UEFA Champions League,2024-25,2024-11-05,21:00,2024-11-05T21:00:00,"League, Matchday 4",league_phase,3,4,,not_applicable,0,0,ucl-lille-osc,ucl-juventus,Lille OSC,Juventus,Lille OSC,Juventus FC,FRA,ITA,1,1,1,1,1,0,,,Normal Time,D,2,0,1,1504.84,1536.44,33.4,33,103,1-1 (1-0),2024-25/cl.txt,90,abfaeddc2ee3d14f99ecc163c9ddb46cb4d67cef
UCL-2024-25-M-0064,UEFA Champions League,2024-25,2024-11-06,18:45,2024-11-06T18:45:00,"League, Matchday 4",league_phase,3,4,,not_applicable,0,0,ucl-club-brugge-kv,ucl-aston-villa-fc,Club Brugge KV,Aston Villa FC,Club Brugge KV,Aston Villa FC,BEL,ENG,1,0,1,0,0,0,,,Normal Time,H,1,1,0,1474.48,1530.75,8.73,41,3,1-0 (0-0),2024-25/cl.txt,92,abfaeddc2ee3d14f99ecc163c9ddb46cb4d67cef
UCL-2024-25-M-0065,UEFA Champions League,2024-25,2024-11-06,18:45,2024-11-06T18:45:00,"League, Matchday 4",league_phase,3,4,,not_applicable,0,0,ucl-shakhtar-donetsk,ucl-bsc-young-boys,Shakhtar Donetsk,BSC Young Boys,FK Shakhtar Donetsk,BSC Young Boys,UKR,SUI,2,1,2,1,2,1,,,Normal Time,H,3,1,1,1467.9,1461.16,71.74,81,23,2-1 (2-1),2024-25/cl.txt,93,abfaeddc2ee3d14f99ecc163c9ddb46cb4d67cef
UCL-2024-25-M-0066,UEFA Champions League,2024-25,2024-11-06,21:00,2024-11-06T21:00:00,"League, Matchday 4",league_phase,3,4,,not_applicable,0,0,ucl-ac-sparta-praha,ucl-stade-brestois-29,AC Sparta Praha,Stade Brestois 29,AC Sparta Praha,Stade Brestois 29,CZE,FRA,1,2,1,2,0,1,,,Normal Time,A,3,-1,1,1547.96,1517.1,95.86,9,3,1-2 (0-1),2024-25/cl.txt,94,abfaeddc2ee3d14f99ecc163c9ddb46cb4d67cef
UCL-2024-25-M-0067,UEFA Champions League,2024-25,2024-11-06,21:00,2024-11-06T21:00:00,"League, Matchday 4",league_phase,3,4,,not_applicable,0,0,ucl-vfb-stuttgart,ucl-atalanta,VfB Stuttgart,Atalanta,VfB Stuttgart,Atalanta BC,GER,ITA,0,2,0,2,0,0,,,Normal Time,A,2,-2,0,1508.7,1506.24,67.45,3,26,0-2 (0-0),2024-25/cl.txt,95,abfaeddc2ee3d14f99ecc163c9ddb46cb4d67cef
UCL-2024-25-M-0068,UEFA Champions League,2024-25,2024-11-06,21:00,2024-11-06T21:00:00,"League, Matchday 4",league_phase,3,4,,not_applicable,0,0,ucl-inter-milan,ucl-arsenal-fc,Inter Milan,Arsenal FC,FC Internazionale Milano,Arsenal FC,ITA,ENG,1,0,1,0,1,0,,,Normal Time,H,1,1,0,1579.17,1546.97,97.21,58,61,1-0 (1-0),2024-25/cl.txt,96,abfaeddc2ee3d14f99ecc163c9ddb46cb4d67cef
UCL-2024-25-M-0069,UEFA Champions League,2024-25,2024-11-06,21:00,2024-11-06T21:00:00,"League, Matchday 4",league_phase,3,4,,not_applicable,0,0,ucl-paris-saint-germain,ucl-atletico-madrid,Paris Saint-Germain,Atlético Madrid,Paris Saint-Germain FC,Club Atlético de Madrid,FRA,ESP,1,2,1,2,1,1,,,Normal Time,A,3,-1,1,1549.37,1521.66,92.71,118,108,1-2 (1-1),2024-25/cl.txt,97,abfaeddc2ee3d14f99ecc163c9ddb46cb4d67cef
UCL-2024-25-M-0070,UEFA Champions League,2024-25,2024-11-06,21:00,2024-11-06T21:00:00,"League, Matchday 4",league_phase,3,4,,not_applicable,0,0,ucl-feyenoord,ucl-rb-salzburg,Feyenoord,RB Salzburg,Feyenoord Rotterdam,FC Red Bull Salzburg,NED,AUT,1,3,1,3,0,1,,,Normal Time,A,4,-2,1,1486.56,1462.09,89.46,15,39,1-3 (0-1),2024-25/cl.txt,98,abfaeddc2ee3d14f99ecc163c9ddb46cb4d67cef
UCL-2024-25-M-0071,UEFA Champions League,2024-25,2024-11-06,21:00,2024-11-06T21:00:00,"League, Matchday 4",league_phase,3,4,,not_applicable,0,0,ucl-crvena-zvezda,ucl-fc-barcelona,Crvena Zvezda,FC Barcelona,FK Crvena Zvezda,FC Barcelona,SRB,ESP,2,5,2,5,1,2,,,Normal Time,A,7,-3,1,1431.97,1567.15,-70.18,23,131,2-5 (1-2),2024-25/cl.txt,99,abfaeddc2ee3d14f99ecc163c9ddb46cb4d67cef
UCL-2024-25-M-0072,UEFA Champions League,2024-25,2024-11-06,21:15,2024-11-06T21:15:00,"League, Matchday 4",league_phase,3,4,,not_applicable,0,0,ucl-bayern-munich,ucl-benfica,Bayern Munich,Benfica,FC Bayern München,Sport Lisboa e Benfica,GER,POR,1,0,1,0,0,0,,,Normal Time,H,1,1,0,1622.77,1518.3,169.46,148,93,1-0 (0-0),2024-25/cl.txt,100,abfaeddc2ee3d14f99ecc163c9ddb46cb4d67cef
UCL-2024-25-M-0073,UEFA Champions League,2024-25,2024-11-26,18:45,2024-11-26T18:45:00,"League, Matchday 5",league_phase,3,5,,not_applicable,0,0,ucl-slovan-bratislava,ucl-ac-milan,Slovan Bratislava,AC Milan,ŠK Slovan Bratislava,AC Milan,SVK,ITA,2,3,2,3,1,1,,,Normal Time,A,5,-1,1,1504.0,1514.1,54.9,12,54,2-3 (1-1),2024-25/cl.txt,105,abfaeddc2ee3d14f99ecc163c9ddb46cb4d67cef
UCL-2024-25-M-0074,UEFA Champions League,2024-25,2024-11-26,18:45,2024-11-26T18:45:00,"League, Matchday 5",league_phase,3,5,,not_applicable,0,0,ucl-ac-sparta-praha,ucl-atletico-madrid,AC Sparta Praha,Atlético Madrid,AC Sparta Praha,Club Atlético de Madrid,CZE,ESP,0,6,0,6,0,2,,,Normal Time,A,6,-6,0,1535.27,1534.26,66.01,10,109,0-6 (0-2),2024-25/cl.txt,106,abfaeddc2ee3d14f99ecc163c9ddb46cb4d67cef
UCL-2024-25-M-0075,UEFA Champions League,2024-25,2024-11-26,21:00,2024-11-26T21:00:00,"League, Matchday 5",league_phase,3,5,,not_applicable,0,0,ucl-sporting-cp,ucl-arsenal-fc,Sporting CP,Arsenal FC,Sporting Clube de Portugal,Arsenal FC,POR,ENG,1,5,1,5,0,3,,,Normal Time,A,6,-4,1,1520.28,1539.69,45.59,36,62,1-5 (0-3),2024-25/cl.txt,107,abfaeddc2ee3d14f99ecc163c9ddb46cb4d67cef
UCL-2024-25-M-0076,UEFA Champions League,2024-25,2024-11-26,21:00,2024-11-26T21:00:00,"League, Matchday 5",league_phase,3,5,,not_applicable,0,0,ucl-bsc-young-boys,ucl-atalanta,BSC Young Boys,Atalanta,BSC Young Boys,Atalanta BC,SUI,ITA,1,6,1,6,1,4,,,Normal Time,A,7,-5,1,1453.19,1518.16,0.03,24,27,1-6 (1-4),2024-25/cl.txt,108,abfaeddc2ee3d14f99ecc163c9ddb46cb4d67cef
UCL-2024-25-M-0077,UEFA Champions League,2024-25,2024-11-26,21:00,2024-11-26T21:00:00,"League, Matchday 5",league_phase,3,5,,not_applicable,0,0,ucl-bayern-munich,ucl-paris-saint-germain,Bayern Munich,Paris Saint-Germain,FC Bayern München,Paris Saint-Germain FC,GER,FRA,1,0,1,0,1,0,,,Normal Time,H,1,1,0,1628.24,1536.76,156.48,149,119,1-0 (1-0),2024-25/cl.txt,109,abfaeddc2ee3d14f99ecc163c9ddb46cb4d67cef
UCL-2024-25-M-0078,UEFA Champions League,2024-25,2024-11-26,21:00,2024-11-26T21:00:00,"League, Matchday 5",league_phase,3,5,,not_applicable,0,0,ucl-fc-barcelona,ucl-stade-brestois-29,FC Barcelona,Stade Brestois 29,FC Barcelona,Stade Brestois 29,ESP,FRA,3,0,3,0,1,0,,,Normal Time,H,3,3,0,1575.15,1529.79,110.36,132,4,3-0 (1-0),2024-25/cl.txt,110,abfaeddc2ee3d14f99ecc163c9ddb46cb4d67cef
UCL-2024-25-M-0079,UEFA Champions League,2024-25,2024-11-26,21:00,2024-11-26T21:00:00,"League, Matchday 5",league_phase,3,5,,not_applicable,0,0,ucl-inter-milan,ucl-rb-leipzig,Inter Milan,RB Leipzig,FC Internazionale Milano,RB Leipzig,ITA,GER,1,0,1,0,1,0,,,Normal Time,H,1,1,0,1586.45,1500.76,150.69,59,50,1-0 (1-0),2024-25/cl.txt,111,abfaeddc2ee3d14f99ecc163c9ddb46cb4d67cef
UCL-2024-25-M-0080,UEFA Champions League,2024-25,2024-11-26,21:00,2024-11-26T21:00:00,"League, Matchday 5",league_phase,3,5,,not_applicable,0,0,ucl-manchester-city,ucl-feyenoord,Manchester City,Feyenoord,Manchester City FC,Feyenoord Rotterdam,ENG,NED,3,3,3,3,1,0,,,Normal Time,D,6,0,1,1655.96,1474.04,246.92,129,16,3-3 (1-0),2024-25/cl.txt,112,abfaeddc2ee3d14f99ecc163c9ddb46cb4d67cef
UCL-2024-25-M-0081,UEFA Champions League,2024-25,2024-11-26,21:00,2024-11-26T21:00:00,"League, Matchday 5",league_phase,3,5,,not_applicable,0,0,ucl-bayer-leverkusen,ucl-rb-salzburg,Bayer Leverkusen,RB Salzburg,Bayer 04 Leverkusen,FC Red Bull Salzburg,GER,AUT,5,0,5,0,3,0,,,Normal Time,H,5,5,0,1501.34,1474.61,91.72,54,40,5-0 (3-0),2024-25/cl.txt,113,abfaeddc2ee3d14f99ecc163c9ddb46cb4d67cef
UCL-2024-25-M-0082,UEFA Champions League,2024-25,2024-11-27,18:45,2024-11-27T18:45:00,"League, Matchday 5",league_phase,3,5,,not_applicable,0,0,ucl-sturm-graz,ucl-girona-fc,Sturm Graz,Girona FC,SK Sturm Graz,Girona FC,AUT,ESP,1,0,1,0,0,0,,,Normal Time,H,1,1,0,1462.47,1481.76,45.7,4,4,1-0 (0-0),2024-25/cl.txt,115,abfaeddc2ee3d14f99ecc163c9ddb46cb4d67cef
UCL-2024-25-M-0083,UEFA Champions League,2024-25,2024-11-27,18:45,2024-11-27T18:45:00,"League, Matchday 5",league_phase,3,5,,not_applicable,0,0,ucl-crvena-zvezda,ucl-vfb-stuttgart,Crvena Zvezda,VfB Stuttgart,FK Crvena Zvezda,VfB Stuttgart,SRB,GER,5,1,5,1,2,1,,,Normal Time,H,6,4,1,1423.96,1496.78,-7.82,24,4,5-1 (2-1),2024-25/cl.txt,116,abfaeddc2ee3d14f99ecc163c9ddb46cb4d67cef
UCL-2024-25-M-0084,UEFA Champions League,2024-25,2024-11-27,21:00,2024-11-27T21:00:00,"League, Matchday 5",league_phase,3,5,,not_applicable,0,0,ucl-as-monaco,ucl-benfica,AS Monaco,Benfica,AS Monaco FC,Sport Lisboa e Benfica,MCO,POR,2,3,2,3,1,0,,,Normal Time,A,5,-1,1,1509.02,1512.83,61.2,38,94,2-3 (1-0),2024-25/cl.txt,117,abfaeddc2ee3d14f99ecc163c9ddb46cb4d67cef
UCL-2024-25-M-0085,UEFA Champions League,2024-25,2024-11-27,21:00,2024-11-27T21:00:00,"League, Matchday 5",league_phase,3,5,,not_applicable,0,0,ucl-aston-villa-fc,ucl-juventus,Aston Villa FC,Juventus,Aston Villa FC,Juventus FC,ENG,ITA,0,0,0,0,,,,,Normal Time,D,0,0,0,1521.0,1537.4,48.6,4,104,0-0,2024-25/cl.txt,118,abfaeddc2ee3d14f99ecc163c9ddb46cb4d67cef
UCL-2024-25-M-0086,UEFA Champions League,2024-25,2024-11-27,21:00,2024-11-27T21:00:00,"League, Matchday 5",league_phase,3,5,,not_applicable,0,0,ucl-bologna-fc-1909,ucl-lille-osc,Bologna FC 1909,Lille OSC,Bologna FC 1909,Lille OSC,ITA,FRA,1,2,1,2,0,1,,,Normal Time,A,3,-1,1,1473.24,1503.88,34.36,4,34,1-2 (0-1),2024-25/cl.txt,119,abfaeddc2ee3d14f99ecc163c9ddb46cb4d67cef
UCL-2024-25-M-0087,UEFA Champions League,2024-25,2024-11-27,21:00,2024-11-27T21:00:00,"League, Matchday 5",league_phase,3,5,,not_applicable,0,0,ucl-liverpool-fc,ucl-real-madrid,Liverpool FC,Real Madrid,Liverpool FC,Real Madrid CF,ENG,ESP,2,0,2,0,0,0,,,Normal Time,H,2,2,0,1614.34,1637.01,42.32,75,158,2-0 (0-0),2024-25/cl.txt,120,abfaeddc2ee3d14f99ecc163c9ddb46cb4d67cef
UCL-2024-25-M-0088,UEFA Champions League,2024-25,2024-11-27,21:00,2024-11-27T21:00:00,"League, Matchday 5",league_phase,3,5,,not_applicable,0,0,ucl-celtic-fc,ucl-club-brugge-kv,Celtic FC,Club Brugge KV,Celtic FC,Club Brugge KV,SCO,BEL,1,1,1,1,0,1,,,Normal Time,D,2,0,1,1462.05,1484.23,42.82,42,42,1-1 (0-1),2024-25/cl.txt,121,abfaeddc2ee3d14f99ecc163c9ddb46cb4d67cef
UCL-2024-25-M-0089,UEFA Champions League,2024-25,2024-11-27,21:00,2024-11-27T21:00:00,"League, Matchday 5",league_phase,3,5,,not_applicable,0,0,ucl-dinamo-zagreb,ucl-borussia-dortmund,Dinamo Zagreb,Borussia Dortmund,GNK Dinamo Zagreb,Borussia Dortmund,CRO,GER,0,3,0,3,0,1,,,Normal Time,A,3,-3,0,1495.66,1574.56,-13.89,42,110,0-3 (0-1),2024-25/cl.txt,122,abfaeddc2ee3d14f99ecc163c9ddb46cb4d67cef
UCL-2024-25-M-0090,UEFA Champions League,2024-25,2024-11-27,21:00,2024-11-27T21:00:00,"League, Matchday 5",league_phase,3,5,,not_applicable,0,0,ucl-psv-eindhoven,ucl-shakhtar-donetsk,PSV Eindhoven,Shakhtar Donetsk,PSV,FK Shakhtar Donetsk,NED,UKR,3,2,3,2,0,2,,,Normal Time,H,5,1,1,1494.18,1475.86,83.31,32,82,3-2 (0-2),2024-25/cl.txt,123,abfaeddc2ee3d14f99ecc163c9ddb46cb4d67cef
UCL-2024-25-M-0091,UEFA Champions League,2024-25,2024-12-10,18:45,2024-12-10T18:45:00,"League, Matchday 6",league_phase,3,6,,not_applicable,0,0,ucl-girona-fc,ucl-liverpool-fc,Girona FC,Liverpool FC,Girona FC,Liverpool FC,ESP,ENG,0,1,0,1,0,0,,,Normal Time,A,1,-1,0,1473.07,1623.12,-85.05,5,76,0-1 (0-0),2024-25/cl.txt,128,abfaeddc2ee3d14f99ecc163c9ddb46cb4d67cef
UCL-2024-25-M-0092,UEFA Champions League,2024-25,2024-12-10,18:45,2024-12-10T18:45:00,"League, Matchday 6",league_phase,3,6,,not_applicable,0,0,ucl-dinamo-zagreb,ucl-celtic-fc,Dinamo Zagreb,Celtic FC,GNK Dinamo Zagreb,Celtic FC,CRO,SCO,0,0,0,0,,,,,Normal Time,D,0,0,0,1486.06,1460.82,90.24,43,43,0-0,2024-25/cl.txt,129,abfaeddc2ee3d14f99ecc163c9ddb46cb4d67cef
UCL-2024-25-M-0093,UEFA Champions League,2024-25,2024-12-10,21:00,2024-12-10T21:00:00,"League, Matchday 6",league_phase,3,6,,not_applicable,0,0,ucl-stade-brestois-29,ucl-psv-eindhoven,Stade Brestois 29,PSV Eindhoven,Stade Brestois 29,PSV,FRA,NED,1,0,1,0,1,0,,,Normal Time,H,1,1,0,1522.87,1501.82,86.04,5,33,1-0 (1-0),2024-25/cl.txt,130,abfaeddc2ee3d14f99ecc163c9ddb46cb4d67cef
UCL-2024-25-M-0094,UEFA Champions League,2024-25,2024-12-10,21:00,2024-12-10T21:00:00,"League, Matchday 6",league_phase,3,6,,not_applicable,0,0,ucl-rb-leipzig,ucl-aston-villa-fc,RB Leipzig,Aston Villa FC,RB Leipzig,Aston Villa FC,GER,ENG,2,3,2,3,1,1,,,Normal Time,A,5,-1,1,1494.85,1519.61,40.23,51,5,2-3 (1-1),2024-25/cl.txt,131,abfaeddc2ee3d14f99ecc163c9ddb46cb4d67cef
UCL-2024-25-M-0095,UEFA Champions League,2024-25,2024-12-10,21:00,2024-12-10T21:00:00,"League, Matchday 6",league_phase,3,6,,not_applicable,0,0,ucl-atalanta,ucl-real-madrid,Atalanta,Real Madrid,Atalanta BC,Real Madrid CF,ITA,ESP,2,3,2,3,1,1,,,Normal Time,A,5,-1,1,1528.16,1628.23,-35.06,28,159,2-3 (1-1),2024-25/cl.txt,132,abfaeddc2ee3d14f99ecc163c9ddb46cb4d67cef
UCL-2024-25-M-0096,UEFA Champions League,2024-25,2024-12-10,21:00,2024-12-10T21:00:00,"League, Matchday 6",league_phase,3,6,,not_applicable,0,0,ucl-bayer-leverkusen,ucl-inter-milan,Bayer Leverkusen,Inter Milan,Bayer 04 Leverkusen,FC Internazionale Milano,GER,ITA,1,0,1,0,0,0,,,Normal Time,H,1,1,0,1508.76,1592.36,-18.61,55,60,1-0 (0-0),2024-25/cl.txt,133,abfaeddc2ee3d14f99ecc163c9ddb46cb4d67cef
UCL-2024-25-M-0097,UEFA Champions League,2024-25,2024-12-10,21:00,2024-12-10T21:00:00,"League, Matchday 6",league_phase,3,6,,not_applicable,0,0,ucl-club-brugge-kv,ucl-sporting-cp,Club Brugge KV,Sporting CP,Club Brugge KV,Sporting Clube de Portugal,BEL,POR,2,1,2,1,1,1,,,Normal Time,H,3,1,1,1485.46,1508.98,41.48,43,37,2-1 (1-1),2024-25/cl.txt,134,abfaeddc2ee3d14f99ecc163c9ddb46cb4d67cef
UCL-2024-25-M-0098,UEFA Champions League,2024-25,2024-12-10,21:00,2024-12-10T21:00:00,"League, Matchday 6",league_phase,3,6,,not_applicable,0,0,ucl-shakhtar-donetsk,ucl-bayern-munich,Shakhtar Donetsk,Bayern Munich,FK Shakhtar Donetsk,FC Bayern München,UKR,GER,1,5,1,5,1,2,,,Normal Time,A,6,-4,1,1468.22,1634.02,-100.8,83,150,1-5 (1-2),2024-25/cl.txt,135,abfaeddc2ee3d14f99ecc163c9ddb46cb4d67cef
UCL-2024-25-M-0099,UEFA Champions League,2024-25,2024-12-10,21:00,2024-12-10T21:00:00,"League, Matchday 6",league_phase,3,6,,not_applicable,0,0,ucl-rb-salzburg,ucl-paris-saint-germain,RB Salzburg,Paris Saint-Germain,FC Red Bull Salzburg,Paris Saint-Germain FC,AUT,FRA,0,3,0,3,0,1,,,Normal Time,A,3,-3,0,1467.19,1530.98,1.21,41,120,0-3 (0-1),2024-25/cl.txt,136,abfaeddc2ee3d14f99ecc163c9ddb46cb4d67cef
UCL-2024-25-M-0100,UEFA Champions League,2024-25,2024-12-11,18:45,2024-12-11T18:45:00,"League, Matchday 6",league_phase,3,6,,not_applicable,0,0,ucl-atletico-madrid,ucl-slovan-bratislava,Atlético Madrid,Slovan Bratislava,Club Atlético de Madrid,ŠK Slovan Bratislava,ESP,SVK,3,1,3,1,2,0,,,Normal Time,H,4,2,1,1546.14,1492.43,118.71,110,13,3-1 (2-0),2024-25/cl.txt,138,abfaeddc2ee3d14f99ecc163c9ddb46cb4d67cef
UCL-2024-25-M-0101,UEFA Champions League,2024-25,2024-12-11,18:45,2024-12-11T18:45:00,"League, Matchday 6",league_phase,3,6,,not_applicable,0,0,ucl-lille-osc,ucl-sturm-graz,Lille OSC,Sturm Graz,Lille OSC,SK Sturm Graz,FRA,AUT,3,2,3,2,2,1,,,Normal Time,H,5,1,1,1514.87,1471.16,108.71,35,5,3-2 (2-1),2024-25/cl.txt,139,abfaeddc2ee3d14f99ecc163c9ddb46cb4d67cef
UCL-2024-25-M-0102,UEFA Champions League,2024-25,2024-12-11,21:00,2024-12-11T21:00:00,"League, Matchday 6",league_phase,3,6,,not_applicable,0,0,ucl-vfb-stuttgart,ucl-bsc-young-boys,VfB Stuttgart,BSC Young Boys,VfB Stuttgart,BSC Young Boys,GER,SUI,5,1,5,1,1,1,,,Normal Time,H,6,4,1,1486.55,1443.19,108.36,5,25,5-1 (1-1),2024-25/cl.txt,140,abfaeddc2ee3d14f99ecc163c9ddb46cb4d67cef
UCL-2024-25-M-0103,UEFA Champions League,2024-25,2024-12-11,21:00,2024-12-11T21:00:00,"League, Matchday 6",league_phase,3,6,,not_applicable,0,0,ucl-borussia-dortmund,ucl-fc-barcelona,Borussia Dortmund,FC Barcelona,Borussia Dortmund,FC Barcelona,GER,ESP,2,3,2,3,0,0,,,Normal Time,A,5,-1,1,1584.16,1582.08,67.08,111,133,2-3 (0-0),2024-25/cl.txt,141,abfaeddc2ee3d14f99ecc163c9ddb46cb4d67cef
UCL-2024-25-M-0104,UEFA Champions League,2024-25,2024-12-11,21:00,2024-12-11T21:00:00,"League, Matchday 6",league_phase,3,6,,not_applicable,0,0,ucl-ac-milan,ucl-crvena-zvezda,AC Milan,Crvena Zvezda,AC Milan,FK Crvena Zvezda,ITA,SRB,2,1,2,1,1,0,,,Normal Time,H,3,1,1,1525.67,1434.19,156.48,55,25,2-1 (1-0),2024-25/cl.txt,142,abfaeddc2ee3d14f99ecc163c9ddb46cb4d67cef
UCL-2024-25-M-0105,UEFA Champions League,2024-25,2024-12-11,21:00,2024-12-11T21:00:00,"League, Matchday 6",league_phase,3,6,,not_applicable,0,0,ucl-benfica,ucl-bologna-fc-1909,Benfica,Bologna FC 1909,Sport Lisboa e Benfica,Bologna FC 1909,POR,ITA,0,0,0,0,,,,,Normal Time,D,0,0,0,1524.57,1462.25,127.32,95,5,0-0,2024-25/cl.txt,143,abfaeddc2ee3d14f99ecc163c9ddb46cb4d67cef
UCL-2024-25-M-0106,UEFA Champions League,2024-25,2024-12-11,21:00,2024-12-11T21:00:00,"League, Matchday 6",league_phase,3,6,,not_applicable,0,0,ucl-arsenal-fc,ucl-as-monaco,Arsenal FC,AS Monaco,Arsenal FC,AS Monaco FC,ENG,MCO,3,0,3,0,1,0,,,Normal Time,H,3,3,0,1551.0,1497.28,118.72,63,39,3-0 (1-0),2024-25/cl.txt,144,abfaeddc2ee3d14f99ecc163c9ddb46cb4d67cef
UCL-2024-25-M-0107,UEFA Champions League,2024-25,2024-12-11,21:00,2024-12-11T21:00:00,"League, Matchday 6",league_phase,3,6,,not_applicable,0,0,ucl-juventus,ucl-manchester-city,Juventus,Manchester City,Juventus FC,Manchester City FC,ITA,ENG,2,0,2,0,0,0,,,Normal Time,H,2,2,0,1538.79,1649.85,-46.06,105,130,2-0 (0-0),2024-25/cl.txt,145,abfaeddc2ee3d14f99ecc163c9ddb46cb4d67cef
UCL-2024-25-M-0108,UEFA Champions League,2024-25,2024-12-11,21:00,2024-12-11T21:00:00,"League, Matchday 6",league_phase,3,6,,not_applicable,0,0,ucl-feyenoord,ucl-ac-sparta-praha,Feyenoord,AC Sparta Praha,Feyenoord Rotterdam,AC Sparta Praha,NED,CZE,4,2,4,2,3,1,,,Normal Time,H,6,2,1,1480.15,1523.39,21.76,17,11,4-2 (3-1),2024-25/cl.txt,146,abfaeddc2ee3d14f99ecc163c9ddb46cb4d67cef
UCL-2024-25-M-0109,UEFA Champions League,2024-25,2025-01-21,18:45,2025-01-21T18:45:00,"League, Matchday 7",league_phase,3,7,,not_applicable,0,0,ucl-as-monaco,ucl-aston-villa-fc,AS Monaco,Aston Villa FC,AS Monaco FC,Aston Villa FC,MCO,ENG,1,0,1,0,1,0,,,Normal Time,H,1,1,0,1490.57,1530.76,24.81,40,6,1-0 (1-0),2024-25/cl.txt,151,abfaeddc2ee3d14f99ecc163c9ddb46cb4d67cef
UCL-2024-25-M-0110,UEFA Champions League,2024-25,2025-01-21,18:45,2025-01-21T18:45:00,"League, Matchday 7",league_phase,3,7,,not_applicable,0,0,ucl-atalanta,ucl-sturm-graz,Atalanta,Sturm Graz,Atalanta BC,SK Sturm Graz,ITA,AUT,5,0,5,0,1,0,,,Normal Time,H,5,5,0,1519.17,1464.19,119.98,29,6,5-0 (1-0),2024-25/cl.txt,152,abfaeddc2ee3d14f99ecc163c9ddb46cb4d67cef
UCL-2024-25-M-0111,UEFA Champions League,2024-25,2025-01-21,21:00,2025-01-21T21:00:00,"League, Matchday 7",league_phase,3,7,,not_applicable,0,0,ucl-bologna-fc-1909,ucl-borussia-dortmund,Bologna FC 1909,Borussia Dortmund,Bologna FC 1909,Borussia Dortmund,ITA,GER,2,1,2,1,0,1,,,Normal Time,H,3,1,1,1465.76,1572.25,-41.49,6,112,2-1 (0-1),2024-25/cl.txt,153,abfaeddc2ee3d14f99ecc163c9ddb46cb4d67cef
UCL-2024-25-M-0112,UEFA Champions League,2024-25,2025-01-21,21:00,2025-01-21T21:00:00,"League, Matchday 7",league_phase,3,7,,not_applicable,0,0,ucl-slovan-bratislava,ucl-vfb-stuttgart,Slovan Bratislava,VfB Stuttgart,ŠK Slovan Bratislava,VfB Stuttgart,SVK,GER,1,3,1,3,0,2,,,Normal Time,A,4,-2,1,1485.72,1493.53,57.19,14,6,1-3 (0-2),2024-25/cl.txt,154,abfaeddc2ee3d14f99ecc163c9ddb46cb4d67cef
UCL-2024-25-M-0113,UEFA Champions League,2024-25,2025-01-21,21:00,2025-01-21T21:00:00,"League, Matchday 7",league_phase,3,7,,not_applicable,0,0,ucl-liverpool-fc,ucl-lille-osc,Liverpool FC,Lille OSC,Liverpool FC,Lille OSC,ENG,FRA,2,1,2,1,1,0,,,Normal Time,H,3,1,1,1630.72,1521.83,173.89,77,36,2-1 (1-0),2024-25/cl.txt,155,abfaeddc2ee3d14f99ecc163c9ddb46cb4d67cef
UCL-2024-25-M-0114,UEFA Champions League,2024-25,2025-01-21,21:00,2025-01-21T21:00:00,"League, Matchday 7",league_phase,3,7,,not_applicable,0,0,ucl-atletico-madrid,ucl-bayer-leverkusen,Atlético Madrid,Bayer Leverkusen,Club Atlético de Madrid,Bayer 04 Leverkusen,ESP,GER,2,1,2,1,0,1,,,Normal Time,H,3,1,1,1552.85,1519.29,98.56,111,56,2-1 (0-1),2024-25/cl.txt,156,abfaeddc2ee3d14f99ecc163c9ddb46cb4d67cef
UCL-2024-25-M-0115,UEFA Champions League,2024-25,2025-01-21,21:00,2025-01-21T21:00:00,"League, Matchday 7",league_phase,3,7,,not_applicable,0,0,ucl-benfica,ucl-fc-barcelona,Benfica,FC Barcelona,Sport Lisboa e Benfica,FC Barcelona,POR,ESP,4,5,4,5,3,1,,,Normal Time,A,9,-1,1,1521.06,1593.99,-7.92,96,134,4-5 (3-1),2024-25/cl.txt,157,abfaeddc2ee3d14f99ecc163c9ddb46cb4d67cef
UCL-2024-25-M-0116,UEFA Champions League,2024-25,2025-01-21,21:00,2025-01-21T21:00:00,"League, Matchday 7",league_phase,3,7,,not_applicable,0,0,ucl-club-brugge-kv,ucl-juventus,Club Brugge KV,Juventus,Club Brugge KV,Juventus FC,BEL,ITA,0,0,0,0,,,,,Normal Time,D,0,0,0,1494.27,1550.11,9.16,44,106,0-0,2024-25/cl.txt,158,abfaeddc2ee3d14f99ecc163c9ddb46cb4d67cef
UCL-2024-25-M-0117,UEFA Champions League,2024-25,2025-01-21,21:00,2025-01-21T21:00:00,"League, Matchday 7",league_phase,3,7,,not_applicable,0,0,ucl-crvena-zvezda,ucl-psv-eindhoven,Crvena Zvezda,PSV Eindhoven,FK Crvena Zvezda,PSV,SRB,NED,2,3,2,3,0,3,,,Normal Time,A,5,-1,1,1428.41,1494.25,-0.84,26,34,2-3 (0-3),2024-25/cl.txt,159,abfaeddc2ee3d14f99ecc163c9ddb46cb4d67cef
UCL-2024-25-M-0118,UEFA Champions League,2024-25,2025-01-22,18:45,2025-01-22T18:45:00,"League, Matchday 7",league_phase,3,7,,not_applicable,0,0,ucl-rb-leipzig,ucl-sporting-cp,RB Leipzig,Sporting CP,RB Leipzig,Sporting Clube de Portugal,GER,POR,2,1,2,1,1,0,,,Normal Time,H,3,1,1,1483.69,1500.17,48.53,52,38,2-1 (1-0),2024-25/cl.txt,161,abfaeddc2ee3d14f99ecc163c9ddb46cb4d67cef
UCL-2024-25-M-0119,UEFA Champions League,2024-25,2025-01-22,18:45,2025-01-22T18:45:00,"League, Matchday 7",league_phase,3,7,,not_applicable,0,0,ucl-shakhtar-donetsk,ucl-stade-brestois-29,Shakhtar Donetsk,Stade Brestois 29,FK Shakhtar Donetsk,Stade Brestois 29,UKR,FRA,2,0,2,0,2,0,,,Normal Time,H,2,2,0,1461.04,1530.44,-4.4,84,6,2-0 (2-0),2024-25/cl.txt,162,abfaeddc2ee3d14f99ecc163c9ddb46cb4d67cef
UCL-2024-25-M-0120,UEFA Champions League,2024-25,2025-01-22,21:00,2025-01-22T21:00:00,"League, Matchday 7",league_phase,3,7,,not_applicable,0,0,ucl-ac-sparta-praha,ucl-inter-milan,AC Sparta Praha,Inter Milan,AC Sparta Praha,FC Internazionale Milano,CZE,ITA,0,1,0,1,0,1,,,Normal Time,A,1,-1,0,1514.02,1581.83,-2.81,12,61,0-1 (0-1),2024-25/cl.txt,163,abfaeddc2ee3d14f99ecc163c9ddb46cb4d67cef
UCL-2024-25-M-0121,UEFA Champions League,2024-25,2025-01-22,21:00,2025-01-22T21:00:00,"League, Matchday 7",league_phase,3,7,,not_applicable,0,0,ucl-paris-saint-germain,ucl-manchester-city,Paris Saint-Germain,Manchester City,Paris Saint-Germain FC,Manchester City FC,FRA,ENG,4,2,4,2,0,0,,,Normal Time,H,6,2,1,1541.02,1638.53,-32.51,121,131,4-2 (0-0),2024-25/cl.txt,164,abfaeddc2ee3d14f99ecc163c9ddb46cb4d67cef
UCL-2024-25-M-0122,UEFA Champions League,2024-25,2025-01-22,21:00,2025-01-22T21:00:00,"League, Matchday 7",league_phase,3,7,,not_applicable,0,0,ucl-real-madrid,ucl-rb-salzburg,Real Madrid,RB Salzburg,Real Madrid CF,FC Red Bull Salzburg,ESP,AUT,5,1,5,1,2,0,,,Normal Time,H,6,4,1,1637.22,1457.16,245.06,160,42,5-1 (2-0),2024-25/cl.txt,165,abfaeddc2ee3d14f99ecc163c9ddb46cb4d67cef
UCL-2024-25-M-0123,UEFA Champions League,2024-25,2025-01-22,21:00,2025-01-22T21:00:00,"League, Matchday 7",league_phase,3,7,,not_applicable,0,0,ucl-ac-milan,ucl-girona-fc,AC Milan,Girona FC,AC Milan,Girona FC,ITA,ESP,1,0,1,0,1,0,,,Normal Time,H,1,1,0,1531.44,1465.47,130.97,56,6,1-0 (1-0),2024-25/cl.txt,166,abfaeddc2ee3d14f99ecc163c9ddb46cb4d67cef
UCL-2024-25-M-0124,UEFA Champions League,2024-25,2025-01-22,21:00,2025-01-22T21:00:00,"League, Matchday 7",league_phase,3,7,,not_applicable,0,0,ucl-arsenal-fc,ucl-dinamo-zagreb,Arsenal FC,Dinamo Zagreb,Arsenal FC,GNK Dinamo Zagreb,ENG,CRO,3,0,3,0,1,0,,,Normal Time,H,3,3,0,1557.71,1483.52,139.19,64,44,3-0 (1-0),2024-25/cl.txt,167,abfaeddc2ee3d14f99ecc163c9ddb46cb4d67cef
UCL-2024-25-M-0125,UEFA Champions League,2024-25,2025-01-22,21:00,2025-01-22T21:00:00,"League, Matchday 7",league_phase,3,7,,not_applicable,0,0,ucl-celtic-fc,ucl-bsc-young-boys,Celtic FC,BSC Young Boys,Celtic FC,BSC Young Boys,SCO,SUI,1,0,1,0,0,0,,,Normal Time,H,1,1,0,1463.36,1436.21,92.15,44,26,1-0 (0-0),2024-25/cl.txt,168,abfaeddc2ee3d14f99ecc163c9ddb46cb4d67cef
UCL-2024-25-M-0126,UEFA Champions League,2024-25,2025-01-22,21:00,2025-01-22T21:00:00,"League, Matchday 7",league_phase,3,7,,not_applicable,0,0,ucl-feyenoord,ucl-bayern-munich,Feyenoord,Bayern Munich,Feyenoord Rotterdam,FC Bayern München,NED,GER,3,0,3,0,2,0,,,Normal Time,H,3,3,0,1489.52,1641.2,-86.67,18,151,3-0 (2-0),2024-25/cl.txt,169,abfaeddc2ee3d14f99ecc163c9ddb46cb4d67cef
UCL-2024-25-M-0127,UEFA Champions League,2024-25,2025-01-29,21:00,2025-01-29T21:00:00,"League, Matchday 8",league_phase,3,8,,not_applicable,0,0,ucl-sporting-cp,ucl-bologna-fc-1909,Sporting CP,Bologna FC 1909,Sporting Clube de Portugal,Bologna FC 1909,POR,ITA,1,1,1,1,0,1,,,Normal Time,D,2,0,1,1491.55,1476.95,79.61,39,7,1-1 (0-1),2024-25/cl.txt,174,abfaeddc2ee3d14f99ecc163c9ddb46cb4d67cef
UCL-2024-25-M-0128,UEFA Champions League,2024-25,2025-01-29,21:00,2025-01-29T21:00:00,"League, Matchday 8",league_phase,3,8,,not_applicable,0,0,ucl-bsc-young-boys,ucl-crvena-zvezda,BSC Young Boys,Crvena Zvezda,BSC Young Boys,FK Crvena Zvezda,SUI,SRB,0,1,0,1,0,0,,,Normal Time,A,1,-1,0,1428.8,1418.43,75.37,27,27,0-1 (0-0),2024-25/cl.txt,175,abfaeddc2ee3d14f99ecc163c9ddb46cb4d67cef
UCL-2024-25-M-0129,UEFA Champions League,2024-25,2025-01-29,21:00,2025-01-29T21:00:00,"League, Matchday 8",league_phase,3,8,,not_applicable,0,0,ucl-aston-villa-fc,ucl-celtic-fc,Aston Villa FC,Celtic FC,Aston Villa FC,Celtic FC,ENG,SCO,4,2,4,2,2,2,,,Normal Time,H,6,2,1,1521.48,1470.77,115.7,7,45,4-2 (2-2),2024-25/cl.txt,176,abfaeddc2ee3d14f99ecc163c9ddb46cb4d67cef
UCL-2024-25-M-0130,UEFA Champions League,2024-25,2025-01-29,21:00,2025-01-29T21:00:00,"League, Matchday 8",league_phase,3,8,,not_applicable,0,0,ucl-girona-fc,ucl-arsenal-fc,Girona FC,Arsenal FC,Girona FC,Arsenal FC,ESP,ENG,1,2,1,2,1,2,,,Normal Time,A,3,-1,1,1459.07,1563.9,-39.83,7,65,1-2 (1-2),2024-25/cl.txt,177,abfaeddc2ee3d14f99ecc163c9ddb46cb4d67cef
UCL-2024-25-M-0131,UEFA Champions League,2024-25,2025-01-29,21:00,2025-01-29T21:00:00,"League, Matchday 8",league_phase,3,8,,not_applicable,0,0,ucl-stade-brestois-29,ucl-real-madrid,Stade Brestois 29,Real Madrid,Stade Brestois 29,Real Madrid CF,FRA,ESP,0,3,0,3,0,1,,,Normal Time,A,3,-3,0,1520.31,1641.14,-55.83,7,161,0-3 (0-1),2024-25/cl.txt,178,abfaeddc2ee3d14f99ecc163c9ddb46cb4d67cef
UCL-2024-25-M-0132,UEFA Champions League,2024-25,2025-01-29,21:00,2025-01-29T21:00:00,"League, Matchday 8",league_phase,3,8,,not_applicable,0,0,ucl-sturm-graz,ucl-rb-leipzig,Sturm Graz,RB Leipzig,SK Sturm Graz,RB Leipzig,AUT,GER,1,0,1,0,1,0,,,Normal Time,H,1,1,0,1457.51,1492.31,30.2,7,53,1-0 (1-0),2024-25/cl.txt,179,abfaeddc2ee3d14f99ecc163c9ddb46cb4d67cef
UCL-2024-25-M-0133,UEFA Champions League,2024-25,2025-01-29,21:00,2025-01-29T21:00:00,"League, Matchday 8",league_phase,3,8,,not_applicable,0,0,ucl-vfb-stuttgart,ucl-paris-saint-germain,VfB Stuttgart,Paris Saint-Germain,VfB Stuttgart,Paris Saint-Germain FC,GER,FRA,1,4,1,4,0,3,,,Normal Time,A,5,-3,1,1505.16,1551.95,18.21,7,122,1-4 (0-3),2024-25/cl.txt,180,abfaeddc2ee3d14f99ecc163c9ddb46cb4d67cef
UCL-2024-25-M-0134,UEFA Champions League,2024-25,2025-01-29,21:00,2025-01-29T21:00:00,"League, Matchday 8",league_phase,3,8,,not_applicable,0,0,ucl-bayern-munich,ucl-slovan-bratislava,Bayern Munich,Slovan Bratislava,FC Bayern München,ŠK Slovan Bratislava,GER,SVK,3,1,3,1,1,0,,,Normal Time,H,4,2,1,1628.75,1474.09,219.66,152,15,3-1 (1-0),2024-25/cl.txt,181,abfaeddc2ee3d14f99ecc163c9ddb46cb4d67cef
UCL-2024-25-M-0135,UEFA Champions League,2024-25,2025-01-29,21:00,2025-01-29T21:00:00,"League, Matchday 8",league_phase,3,8,,not_applicable,0,0,ucl-borussia-dortmund,ucl-shakhtar-donetsk,Borussia Dortmund,Shakhtar Donetsk,Borussia Dortmund,FK Shakhtar Donetsk,GER,UKR,3,1,3,1,2,0,,,Normal Time,H,4,2,1,1561.06,1471.16,154.9,113,85,3-1 (2-0),2024-25/cl.txt,182,abfaeddc2ee3d14f99ecc163c9ddb46cb4d67cef
UCL-2024-25-M-0136,UEFA Champions League,2024-25,2025-01-29,21:00,2025-01-29T21:00:00,"League, Matchday 8",league_phase,3,8,,not_applicable,0,0,ucl-fc-barcelona,ucl-atalanta,FC Barcelona,Atalanta,FC Barcelona,Atalanta BC,ESP,ITA,2,2,2,2,0,0,,,Normal Time,D,4,0,1,1603.76,1525.85,142.91,135,30,2-2 (0-0),2024-25/cl.txt,183,abfaeddc2ee3d14f99ecc163c9ddb46cb4d67cef
UCL-2024-25-M-0137,UEFA Champions League,2024-25,2025-01-29,21:00,2025-01-29T21:00:00,"League, Matchday 8",league_phase,3,8,,not_applicable,0,0,ucl-inter-milan,ucl-as-monaco,Inter Milan,AS Monaco,FC Internazionale Milano,AS Monaco FC,ITA,MCO,3,0,3,0,2,0,,,Normal Time,H,3,3,0,1591.75,1499.86,156.89,62,41,3-0 (2-0),2024-25/cl.txt,184,abfaeddc2ee3d14f99ecc163c9ddb46cb4d67cef
UCL-2024-25-M-0138,UEFA Champions League,2024-25,2025-01-29,21:00,2025-01-29T21:00:00,"League, Matchday 8",league_phase,3,8,,not_applicable,0,0,ucl-manchester-city,ucl-club-brugge-kv,Manchester City,Club Brugge KV,Manchester City FC,Club Brugge KV,ENG,BEL,3,1,3,1,0,1,,,Normal Time,H,4,2,1,1627.6,1494.01,198.59,132,45,3-1 (0-1),2024-25/cl.txt,185,abfaeddc2ee3d14f99ecc163c9ddb46cb4d67cef
UCL-2024-25-M-0139,UEFA Champions League,2024-25,2025-01-29,21:00,2025-01-29T21:00:00,"League, Matchday 8",league_phase,3,8,,not_applicable,0,0,ucl-bayer-leverkusen,ucl-ac-sparta-praha,Bayer Leverkusen,AC Sparta Praha,Bayer 04 Leverkusen,AC Sparta Praha,GER,CZE,2,0,2,0,1,0,,,Normal Time,H,2,2,0,1512.05,1504.1,72.96,57,13,2-0 (1-0),2024-25/cl.txt,186,abfaeddc2ee3d14f99ecc163c9ddb46cb4d67cef
UCL-2024-25-M-0140,UEFA Champions League,2024-25,2025-01-29,21:00,2025-01-29T21:00:00,"League, Matchday 8",league_phase,3,8,,not_applicable,0,0,ucl-juventus,ucl-benfica,Juventus,Benfica,Juventus FC,Sport Lisboa e Benfica,ITA,POR,0,2,0,2,0,1,,,Normal Time,A,2,-2,0,1550.37,1511.29,104.08,107,97,0-2 (0-1),2024-25/cl.txt,187,abfaeddc2ee3d14f99ecc163c9ddb46cb4d67cef
UCL-2024-25-M-0141,UEFA Champions League,2024-25,2025-01-29,21:00,2025-01-29T21:00:00,"League, Matchday 8",league_phase,3,8,,not_applicable,0,0,ucl-dinamo-zagreb,ucl-ac-milan,Dinamo Zagreb,AC Milan,GNK Dinamo Zagreb,AC Milan,CRO,ITA,2,1,2,1,1,0,,,Normal Time,H,3,1,1,1477.33,1537.84,4.48,45,57,2-1 (1-0),2024-25/cl.txt,188,abfaeddc2ee3d14f99ecc163c9ddb46cb4d67cef
UCL-2024-25-M-0142,UEFA Champions League,2024-25,2025-01-29,21:00,2025-01-29T21:00:00,"League, Matchday 8",league_phase,3,8,,not_applicable,0,0,ucl-lille-osc,ucl-feyenoord,Lille OSC,Feyenoord,Lille OSC,Feyenoord Rotterdam,FRA,NED,6,1,6,1,2,1,,,Normal Time,H,7,5,1,1516.46,1501.97,79.49,37,19,6-1 (2-1),2024-25/cl.txt,189,abfaeddc2ee3d14f99ecc163c9ddb46cb4d67cef
UCL-2024-25-M-0143,UEFA Champions League,2024-25,2025-01-29,21:00,2025-01-29T21:00:00,"League, Matchday 8",league_phase,3,8,,not_applicable,0,0,ucl-psv-eindhoven,ucl-liverpool-fc,PSV Eindhoven,Liverpool FC,PSV,Liverpool FC,NED,ENG,3,2,3,2,3,2,,,Normal Time,H,5,1,1,1504.23,1636.1,-66.87,35,78,3-2 (3-2),2024-25/cl.txt,190,abfaeddc2ee3d14f99ecc163c9ddb46cb4d67cef
UCL-2024-25-M-0144,UEFA Champions League,2024-25,2025-01-29,21:00,2025-01-29T21:00:00,"League, Matchday 8",league_phase,3,8,,not_applicable,0,0,ucl-rb-salzburg,ucl-atletico-madrid,RB Salzburg,Atlético Madrid,FC Red Bull Salzburg,Club Atlético de Madrid,AUT,ESP,1,4,1,4,0,3,,,Normal Time,A,5,-3,1,1453.24,1560.09,-41.85,43,112,1-4 (0-3),2024-25/cl.txt,191,abfaeddc2ee3d14f99ecc163c9ddb46cb4d67cef
UCL-2024-25-M-0145,UEFA Champions League,2024-25,2025-02-11,18:45,2025-02-11T18:45:00,"Playoffs, Matchday 1",playoff,4,1,,1,0,0,ucl-stade-brestois-29,ucl-paris-saint-germain,Stade Brestois 29,Paris Saint-Germain,Stade Brestois 29,Paris Saint-Germain FC,FRA,FRA,0,3,0,3,0,2,,,Normal Time,A,3,-3,0,1511.9,1562.47,14.43,8,123,0-3 (0-2),2024-25/cl.txt,196,abfaeddc2ee3d14f99ecc163c9ddb46cb4d67cef
UCL-2024-25-M-0146,UEFA Champions League,2024-25,2025-02-11,21:00,2025-02-11T21:00:00,"Playoffs, Matchday 1",playoff,4,1,,1,0,0,ucl-manchester-city,ucl-real-madrid,Manchester City,Real Madrid,Manchester City FC,Real Madrid CF,ENG,ESP,2,3,2,3,1,0,,,Normal Time,A,5,-1,1,1632.43,1649.55,47.88,133,162,2-3 (1-0),2024-25/cl.txt,197,abfaeddc2ee3d14f99ecc163c9ddb46cb4d67cef
UCL-2024-25-M-0147,UEFA Champions League,2024-25,2025-02-11,21:00,2025-02-11T21:00:00,"Playoffs, Matchday 1",playoff,4,1,,1,0,0,ucl-juventus,ucl-psv-eindhoven,Juventus,PSV Eindhoven,Juventus FC,PSV,ITA,NED,2,1,2,1,1,0,,,Normal Time,H,3,1,1,1537.46,1516.13,86.33,108,36,2-1 (1-0),2024-25/cl.txt,198,abfaeddc2ee3d14f99ecc163c9ddb46cb4d67cef
UCL-2024-25-M-0148,UEFA Champions League,2024-25,2025-02-11,21:00,2025-02-11T21:00:00,"Playoffs, Matchday 1",playoff,4,1,,1,0,0,ucl-sporting-cp,ucl-borussia-dortmund,Sporting CP,Borussia Dortmund,Sporting Clube de Portugal,Borussia Dortmund,POR,GER,0,3,0,3,0,0,,,Normal Time,A,3,-3,0,1489.3,1566.88,-12.58,40,114,0-3 (0-0),2024-25/cl.txt,199,abfaeddc2ee3d14f99ecc163c9ddb46cb4d67cef
UCL-2024-25-M-0149,UEFA Champions League,2024-25,2025-02-12,18:45,2025-02-12T18:45:00,"Playoffs, Matchday 1",playoff,4,1,,1,0,0,ucl-club-brugge-kv,ucl-atalanta,Club Brugge KV,Atalanta,Club Brugge KV,Atalanta BC,BEL,ITA,2,1,2,1,1,1,,,Normal Time,H,3,1,1,1489.17,1529.74,24.43,46,31,2-1 (1-1),2024-25/cl.txt,201,abfaeddc2ee3d14f99ecc163c9ddb46cb4d67cef
UCL-2024-25-M-0150,UEFA Champions League,2024-25,2025-02-12,21:00,2025-02-12T21:00:00,"Playoffs, Matchday 1",playoff,4,1,,1,0,0,ucl-as-monaco,ucl-benfica,AS Monaco,Benfica,AS Monaco FC,Sport Lisboa e Benfica,MCO,POR,0,1,0,1,0,0,,,Normal Time,A,1,-1,0,1494.09,1524.2,34.89,42,98,0-1 (0-0),2024-25/cl.txt,202,abfaeddc2ee3d14f99ecc163c9ddb46cb4d67cef
UCL-2024-25-M-0151,UEFA Champions League,2024-25,2025-02-12,21:00,2025-02-12T21:00:00,"Playoffs, Matchday 1",playoff,4,1,,1,0,0,ucl-celtic-fc,ucl-bayern-munich,Celtic FC,Bayern Munich,Celtic FC,FC Bayern München,SCO,GER,1,2,1,2,0,1,,,Normal Time,A,3,-1,1,1463.99,1633.16,-104.17,46,153,1-2 (0-1),2024-25/cl.txt,203,abfaeddc2ee3d14f99ecc163c9ddb46cb4d67cef
UCL-2024-25-M-0152,UEFA Champions League,2024-25,2025-02-12,21:00,2025-02-12T21:00:00,"Playoffs, Matchday 1",playoff,4,1,,1,0,0,ucl-feyenoord,ucl-ac-milan,Feyenoord,AC Milan,Feyenoord Rotterdam,AC Milan,NED,ITA,1,0,1,0,1,0,,,Normal Time,H,1,1,0,1494.22,1527.97,31.24,20,58,1-0 (1-0),2024-25/cl.txt,204,abfaeddc2ee3d14f99ecc163c9ddb46cb4d67cef
UCL-2024-25-M-0153,UEFA Champions League,2024-25,2025-02-18,18:45,2025-02-18T18:45:00,"Playoffs, Matchday 2",playoff,4,2,,2,0,0,ucl-ac-milan,ucl-feyenoord,AC Milan,Feyenoord,AC Milan,Feyenoord Rotterdam,ITA,NED,1,1,1,1,1,0,,,Normal Time,D,2,0,1,1518.87,1503.32,80.55,59,21,1-1 (1-0),2024-25/cl.txt,209,abfaeddc2ee3d14f99ecc163c9ddb46cb4d67cef
UCL-2024-25-M-0154,UEFA Champions League,2024-25,2025-02-18,21:00,2025-02-18T21:00:00,"Playoffs, Matchday 2",playoff,4,2,,2,0,0,ucl-benfica,ucl-as-monaco,Benfica,AS Monaco,Sport Lisboa e Benfica,AS Monaco FC,POR,MCO,3,3,3,3,1,1,,,Normal Time,D,6,0,1,1535.2,1483.09,117.11,99,43,3-3 (1-1),2024-25/cl.txt,210,abfaeddc2ee3d14f99ecc163c9ddb46cb4d67cef
UCL-2024-25-M-0155,UEFA Champions League,2024-25,2025-02-18,21:00,2025-02-18T21:00:00,"Playoffs, Matchday 2",playoff,4,2,,2,0,0,ucl-bayern-munich,ucl-celtic-fc,Bayern Munich,Celtic FC,FC Bayern München,Celtic FC,GER,SCO,1,1,1,1,0,0,,,Normal Time,D,2,0,1,1640.24,1456.9,248.35,154,47,1-1 (0-0),2024-25/cl.txt,211,abfaeddc2ee3d14f99ecc163c9ddb46cb4d67cef
UCL-2024-25-M-0156,UEFA Champions League,2024-25,2025-02-18,21:00,2025-02-18T21:00:00,"Playoffs, Matchday 2",playoff,4,2,,2,0,0,ucl-atalanta,ucl-club-brugge-kv,Atalanta,Club Brugge KV,Atalanta BC,Club Brugge KV,ITA,BEL,1,3,1,3,0,3,,,Normal Time,A,4,-2,1,1520.44,1498.47,86.98,32,47,1-3 (0-3),2024-25/cl.txt,212,abfaeddc2ee3d14f99ecc163c9ddb46cb4d67cef
UCL-2024-25-M-0157,UEFA Champions League,2024-25,2025-02-19,18:45,2025-02-19T18:45:00,"Playoffs, Matchday 2",playoff,4,2,,2,0,0,ucl-borussia-dortmund,ucl-sporting-cp,Borussia Dortmund,Sporting CP,Borussia Dortmund,Sporting Clube de Portugal,GER,POR,0,0,0,0,,,,,Normal Time,D,0,0,0,1576.52,1479.66,161.85,115,41,0-0,2024-25/cl.txt,214,abfaeddc2ee3d14f99ecc163c9ddb46cb4d67cef
UCL-2024-25-M-0158,UEFA Champions League,2024-25,2025-02-19,21:00,2025-02-19T21:00:00,"Playoffs, Matchday 2",playoff,4,2,,2,0,0,ucl-paris-saint-germain,ucl-stade-brestois-29,Paris Saint-Germain,Stade Brestois 29,Paris Saint-Germain FC,Stade Brestois 29,FRA,FRA,7,0,7,0,2,0,,,Normal Time,H,7,7,0,1572.89,1501.49,136.4,124,9,7-0 (2-0),2024-25/cl.txt,215,abfaeddc2ee3d14f99ecc163c9ddb46cb4d67cef
UCL-2024-25-M-0159,UEFA Champions League,2024-25,2025-02-19,21:00,2025-02-19T21:00:00,"Playoffs, Matchday 2",playoff,4,2,,2,0,0,ucl-real-madrid,ucl-manchester-city,Real Madrid,Manchester City,Real Madrid CF,Manchester City FC,ESP,ENG,3,1,3,1,2,0,,,Normal Time,H,4,2,1,1660.92,1621.06,104.86,163,134,3-1 (2-0),2024-25/cl.txt,216,abfaeddc2ee3d14f99ecc163c9ddb46cb4d67cef
UCL-2024-25-M-0160,UEFA Champions League,2024-25,2025-02-19,21:00,2025-02-19T21:00:00,"Playoffs, Matchday 2",playoff,4,2,,2,0,0,ucl-psv-eindhoven,ucl-juventus,PSV Eindhoven,Juventus,PSV,Juventus FC,NED,ITA,3,1,3,1,0,0,,,Normal Time,H,4,2,1,1508.56,1545.03,28.54,37,109,3-1 (0-0),2024-25/cl.txt,217,abfaeddc2ee3d14f99ecc163c9ddb46cb4d67cef
UCL-2024-25-M-0161,UEFA Champions League,2024-25,2025-03-04,18:45,2025-03-04T18:45:00,"Finals, Round of 16",round_of_16,5,,,1,0,0,ucl-club-brugge-kv,ucl-aston-villa-fc,Club Brugge KV,Aston Villa FC,Club Brugge KV,Aston Villa FC,BEL,ENG,1,3,1,3,1,1,,,Normal Time,A,4,-2,1,1510.92,1528.27,47.66,48,8,1-3 (1-1),2024-25/cl.txt,222,abfaeddc2ee3d14f99ecc163c9ddb46cb4d67cef
UCL-2024-25-M-0162,UEFA Champions League,2024-25,2025-03-04,21:00,2025-03-04T21:00:00,"Finals, Round of 16",round_of_16,5,,,1,0,0,ucl-real-madrid,ucl-atletico-madrid,Real Madrid,Atlético Madrid,Real Madrid CF,Club Atlético de Madrid,ESP,ESP,2,1,2,1,1,1,,,Normal Time,H,3,1,1,1667.99,1568.89,164.1,164,113,2-1 (1-1),2024-25/cl.txt,223,abfaeddc2ee3d14f99ecc163c9ddb46cb4d67cef
UCL-2024-25-M-0163,UEFA Champions League,2024-25,2025-03-04,21:00,2025-03-04T21:00:00,"Finals, Round of 16",round_of_16,5,,,1,0,0,ucl-psv-eindhoven,ucl-arsenal-fc,PSV Eindhoven,Arsenal FC,PSV,Arsenal FC,NED,ENG,1,7,1,7,1,3,,,Normal Time,A,8,-6,1,1517.74,1572.76,9.98,38,66,1-7 (1-3),2024-25/cl.txt,224,abfaeddc2ee3d14f99ecc163c9ddb46cb4d67cef
UCL-2024-25-M-0164,UEFA Champions League,2024-25,2025-03-04,21:00,2025-03-04T21:00:00,"Finals, Round of 16",round_of_16,5,,,1,0,0,ucl-borussia-dortmund,ucl-lille-osc,Borussia Dortmund,Lille OSC,Borussia Dortmund,Lille OSC,GER,FRA,1,1,1,1,1,0,,,Normal Time,D,2,0,1,1572.17,1524.21,112.96,116,38,1-1 (1-0),2024-25/cl.txt,225,abfaeddc2ee3d14f99ecc163c9ddb46cb4d67cef
UCL-2024-25-M-0165,UEFA Champions League,2024-25,2025-03-05,18:45,2025-03-05T18:45:00,"Finals, Round of 16",round_of_16,5,,,1,0,0,ucl-feyenoord,ucl-inter-milan,Feyenoord,Inter Milan,Feyenoord Rotterdam,FC Internazionale Milano,NED,ITA,0,2,0,2,0,1,,,Normal Time,A,2,-2,0,1505.6,1597.52,-26.92,22,63,0-2 (0-1),2024-25/cl.txt,227,abfaeddc2ee3d14f99ecc163c9ddb46cb4d67cef
UCL-2024-25-M-0166,UEFA Champions League,2024-25,2025-03-05,21:00,2025-03-05T21:00:00,"Finals, Round of 16",round_of_16,5,,,1,0,0,ucl-paris-saint-germain,ucl-liverpool-fc,Paris Saint-Germain,Liverpool FC,Paris Saint-Germain FC,Liverpool FC,FRA,ENG,0,1,0,1,0,0,,,Normal Time,A,1,-1,0,1579.15,1624.2,19.96,125,79,0-1 (0-0),2024-25/cl.txt,228,abfaeddc2ee3d14f99ecc163c9ddb46cb4d67cef
UCL-2024-25-M-0167,UEFA Champions League,2024-25,2025-03-05,21:00,2025-03-05T21:00:00,"Finals, Round of 16",round_of_16,5,,,1,0,0,ucl-bayern-munich,ucl-bayer-leverkusen,Bayern Munich,Bayer Leverkusen,FC Bayern München,Bayer 04 Leverkusen,GER,GER,3,0,3,0,1,0,,,Normal Time,H,3,3,0,1634.11,1519.98,179.12,155,58,3-0 (1-0),2024-25/cl.txt,229,abfaeddc2ee3d14f99ecc163c9ddb46cb4d67cef
UCL-2024-25-M-0168,UEFA Champions League,2024-25,2025-03-05,21:00,2025-03-05T21:00:00,"Finals, Round of 16",round_of_16,5,,,1,0,0,ucl-benfica,ucl-fc-barcelona,Benfica,FC Barcelona,Sport Lisboa e Benfica,FC Barcelona,POR,ESP,0,1,0,1,0,0,,,Normal Time,A,1,-1,0,1531.95,1599.86,-2.91,100,136,0-1 (0-0),2024-25/cl.txt,230,abfaeddc2ee3d14f99ecc163c9ddb46cb4d67cef
UCL-2024-25-M-0169,UEFA Champions League,2024-25,2025-03-11,18:45,2025-03-11T18:45:00,"Finals, Round of 16",round_of_16,5,,,2,0,0,ucl-fc-barcelona,ucl-benfica,FC Barcelona,Benfica,FC Barcelona,Sport Lisboa e Benfica,ESP,POR,3,1,3,1,3,1,,,Normal Time,H,4,2,1,1609.78,1522.04,152.74,137,101,3-1 (3-1),2024-25/cl.txt,232,abfaeddc2ee3d14f99ecc163c9ddb46cb4d67cef
UCL-2024-25-M-0170,UEFA Champions League,2024-25,2025-03-11,21:00,2025-03-11T21:00:00,"Finals, Round of 16",round_of_16,5,,,2,0,0,ucl-liverpool-fc,ucl-paris-saint-germain,Liverpool FC,Paris Saint-Germain,Liverpool FC,Paris Saint-Germain FC,ENG,FRA,0,1,0,1,0,1,1,4,Penalties,A,1,-1,0,1634.77,1568.58,131.19,80,126,"1-4 pen. 0-1 a.e.t. (0-1, 0-1)",2024-25/cl.txt,233,abfaeddc2ee3d14f99ecc163c9ddb46cb4d67cef
UCL-2024-25-M-0171,UEFA Champions League,2024-25,2025-03-11,21:00,2025-03-11T21:00:00,"Finals, Round of 16",round_of_16,5,,,2,0,0,ucl-inter-milan,ucl-feyenoord,Inter Milan,Feyenoord,FC Internazionale Milano,Feyenoord Rotterdam,ITA,NED,2,1,2,1,1,1,,,Normal Time,H,3,1,1,1606.74,1496.37,175.37,64,23,2-1 (1-1),2024-25/cl.txt,234,abfaeddc2ee3d14f99ecc163c9ddb46cb4d67cef
UCL-2024-25-M-0172,UEFA Champions League,2024-25,2025-03-11,21:00,2025-03-11T21:00:00,"Finals, Round of 16",round_of_16,5,,,2,0,0,ucl-bayer-leverkusen,ucl-bayern-munich,Bayer Leverkusen,Bayern Munich,Bayer 04 Leverkusen,FC Bayern München,GER,GER,0,2,0,2,0,0,,,Normal Time,A,2,-2,0,1514.73,1639.37,-59.64,59,156,0-2 (0-0),2024-25/cl.txt,235,abfaeddc2ee3d14f99ecc163c9ddb46cb4d67cef
UCL-2024-25-M-0173,UEFA Champions League,2024-25,2025-03-12,18:45,2025-03-12T18:45:00,"Finals, Round of 16",round_of_16,5,,,2,0,0,ucl-lille-osc,ucl-borussia-dortmund,Lille OSC,Borussia Dortmund,Lille OSC,Borussia Dortmund,FRA,GER,1,2,1,2,1,0,,,Normal Time,A,3,-1,1,1527.35,1569.03,23.33,39,117,1-2 (1-0),2024-25/cl.txt,237,abfaeddc2ee3d14f99ecc163c9ddb46cb4d67cef
UCL-2024-25-M-0174,UEFA Champions League,2024-25,2025-03-12,21:00,2025-03-12T21:00:00,"Finals, Round of 16",round_of_16,5,,,2,0,0,ucl-aston-villa-fc,ucl-club-brugge-kv,Aston Villa FC,Club Brugge KV,Aston Villa FC,Club Brugge KV,ENG,BEL,3,0,3,0,0,0,,,Normal Time,H,3,3,0,1539.63,1499.56,105.07,9,49,3-0 (0-0),2024-25/cl.txt,238,abfaeddc2ee3d14f99ecc163c9ddb46cb4d67cef
UCL-2024-25-M-0175,UEFA Champions League,2024-25,2025-03-12,21:00,2025-03-12T21:00:00,"Finals, Round of 16",round_of_16,5,,,2,0,0,ucl-atletico-madrid,ucl-real-madrid,Atlético Madrid,Real Madrid,Club Atlético de Madrid,Real Madrid CF,ESP,ESP,1,0,1,0,1,0,2,4,Penalties,H,1,1,0,1563.29,1673.59,-45.3,114,165,"2-4 pen. 1-0 a.e.t. (1-0, 1-0)",2024-25/cl.txt,239,abfaeddc2ee3d14f99ecc163c9ddb46cb4d67cef
UCL-2024-25-M-0176,UEFA Champions League,2024-25,2025-03-12,21:00,2025-03-12T21:00:00,"Finals, Round of 16",round_of_16,5,,,2,0,0,ucl-arsenal-fc,ucl-psv-eindhoven,Arsenal FC,PSV Eindhoven,Arsenal FC,PSV,ENG,NED,2,2,2,2,2,1,,,Normal Time,D,4,0,1,1583.05,1507.46,140.59,67,39,2-2 (2-1),2024-25/cl.txt,240,abfaeddc2ee3d14f99ecc163c9ddb46cb4d67cef
UCL-2024-25-M-0177,UEFA Champions League,2024-25,2025-04-08,21:00,2025-04-08T21:00:00,"Finals, Quarterfinals",quarterfinal,6,,,1,0,0,ucl-arsenal-fc,ucl-real-madrid,Arsenal FC,Real Madrid,Arsenal FC,Real Madrid CF,ENG,ESP,3,0,3,0,0,0,,,Normal Time,H,3,3,0,1579.21,1662.29,-18.08,68,166,3-0 (0-0),2024-25/cl.txt,245,abfaeddc2ee3d14f99ecc163c9ddb46cb4d67cef
UCL-2024-25-M-0178,UEFA Champions League,2024-25,2025-04-08,21:00,2025-04-08T21:00:00,"Finals, Quarterfinals",quarterfinal,6,,,1,0,0,ucl-bayern-munich,ucl-inter-milan,Bayern Munich,Inter Milan,FC Bayern München,FC Internazionale Milano,GER,ITA,1,2,1,2,0,1,,,Normal Time,A,3,-1,1,1647.67,1612.08,100.58,157,65,1-2 (0-1),2024-25/cl.txt,246,abfaeddc2ee3d14f99ecc163c9ddb46cb4d67cef
UCL-2024-25-M-0179,UEFA Champions League,2024-25,2025-04-09,21:00,2025-04-09T21:00:00,"Finals, Quarterfinals",quarterfinal,6,,,1,0,0,ucl-paris-saint-germain,ucl-aston-villa-fc,Paris Saint-Germain,Aston Villa FC,Paris Saint-Germain FC,Aston Villa FC,FRA,ENG,3,1,3,1,1,1,,,Normal Time,H,4,2,1,1582.18,1546.69,100.49,127,10,3-1 (1-1),2024-25/cl.txt,248,abfaeddc2ee3d14f99ecc163c9ddb46cb4d67cef
UCL-2024-25-M-0180,UEFA Champions League,2024-25,2025-04-09,21:00,2025-04-09T21:00:00,"Finals, Quarterfinals",quarterfinal,6,,,1,0,0,ucl-fc-barcelona,ucl-borussia-dortmund,FC Barcelona,Borussia Dortmund,FC Barcelona,Borussia Dortmund,ESP,GER,4,0,4,0,1,0,,,Normal Time,H,4,4,0,1615.65,1579.7,100.95,138,118,4-0 (1-0),2024-25/cl.txt,249,abfaeddc2ee3d14f99ecc163c9ddb46cb4d67cef
UCL-2024-25-M-0181,UEFA Champions League,2024-25,2025-04-15,21:00,2025-04-15T21:00:00,"Finals, Quarterfinals",quarterfinal,6,,,2,0,0,ucl-aston-villa-fc,ucl-paris-saint-germain,Aston Villa FC,Paris Saint-Germain,Aston Villa FC,Paris Saint-Germain FC,ENG,FRA,3,2,3,2,1,2,,,Normal Time,H,5,1,1,1539.51,1589.37,15.14,11,128,3-2 (1-2),2024-25/cl.txt,251,abfaeddc2ee3d14f99ecc163c9ddb46cb4d67cef
UCL-2024-25-M-0182,UEFA Champions League,2024-25,2025-04-15,21:00,2025-04-15T21:00:00,"Finals, Quarterfinals",quarterfinal,6,,,2,0,0,ucl-borussia-dortmund,ucl-fc-barcelona,Borussia Dortmund,FC Barcelona,Borussia Dortmund,FC Barcelona,GER,ESP,3,1,3,1,1,0,,,Normal Time,H,4,2,1,1572.52,1622.82,14.7,119,139,3-1 (1-0),2024-25/cl.txt,252,abfaeddc2ee3d14f99ecc163c9ddb46cb4d67cef
UCL-2024-25-M-0183,UEFA Champions League,2024-25,2025-04-16,21:00,2025-04-16T21:00:00,"Finals, Quarterfinals",quarterfinal,6,,,2,0,0,ucl-real-madrid,ucl-arsenal-fc,Real Madrid,Arsenal FC,Real Madrid CF,Arsenal FC,ESP,ENG,1,2,1,2,0,0,,,Normal Time,A,3,-1,1,1651.77,1589.73,127.04,167,69,1-2 (0-0),2024-25/cl.txt,254,abfaeddc2ee3d14f99ecc163c9ddb46cb4d67cef
UCL-2024-25-M-0184,UEFA Champions League,2024-25,2025-04-16,21:00,2025-04-16T21:00:00,"Finals, Quarterfinals",quarterfinal,6,,,2,0,0,ucl-inter-milan,ucl-bayern-munich,Inter Milan,Bayern Munich,FC Internazionale Milano,FC Bayern München,ITA,GER,2,2,2,2,0,0,,,Normal Time,D,4,0,1,1624.9,1634.85,55.05,66,158,2-2 (0-0),2024-25/cl.txt,255,abfaeddc2ee3d14f99ecc163c9ddb46cb4d67cef
UCL-2024-25-M-0185,UEFA Champions League,2024-25,2025-04-29,21:00,2025-04-29T21:00:00,"Finals, Semifinals",semifinal,7,,,1,0,0,ucl-arsenal-fc,ucl-paris-saint-germain,Arsenal FC,Paris Saint-Germain,Arsenal FC,Paris Saint-Germain FC,ENG,FRA,0,1,0,1,0,1,,,Normal Time,A,1,-1,0,1603.23,1579.81,88.43,70,129,0-1 (0-1),2024-25/cl.txt,260,abfaeddc2ee3d14f99ecc163c9ddb46cb4d67cef
UCL-2024-25-M-0186,UEFA Champions League,2024-25,2025-04-30,21:00,2025-04-30T21:00:00,"Finals, Semifinals",semifinal,7,,,1,0,0,ucl-fc-barcelona,ucl-inter-milan,FC Barcelona,Inter Milan,FC Barcelona,FC Internazionale Milano,ESP,ITA,3,3,3,3,2,2,,,Normal Time,D,6,0,1,1613.24,1623.33,54.91,140,67,3-3 (2-2),2024-25/cl.txt,262,abfaeddc2ee3d14f99ecc163c9ddb46cb4d67cef
UCL-2024-25-M-0187,UEFA Champions League,2024-25,2025-05-06,21:00,2025-05-06T21:00:00,"Finals, Semifinals",semifinal,7,,,2,0,0,ucl-inter-milan,ucl-fc-barcelona,Inter Milan,FC Barcelona,FC Internazionale Milano,FC Barcelona,ITA,ESP,4,3,4,3,2,0,,,Normal Time,H,7,1,1,1624.9,1611.67,78.22,68,141,4-3 (2-0),2024-25/cl.txt,264,abfaeddc2ee3d14f99ecc163c9ddb46cb4d67cef
UCL-2024-25-M-0188,UEFA Champions League,2024-25,2025-05-07,21:00,2025-05-07T21:00:00,"Finals, Semifinals",semifinal,7,,,2,0,0,ucl-paris-saint-germain,ucl-arsenal-fc,Paris Saint-Germain,Arsenal FC,Paris Saint-Germain FC,Arsenal FC,FRA,ENG,2,1,2,1,1,0,,,Normal Time,H,3,1,1,1592.3,1590.74,66.56,130,71,2-1 (1-0),2024-25/cl.txt,266,abfaeddc2ee3d14f99ecc163c9ddb46cb4d67cef
UCL-2024-25-M-0189,UEFA Champions League,2024-25,2025-05-31,21:00,2025-05-31T21:00:00,"Finals, Final",final,8,,,single,0,1,ucl-paris-saint-germain,ucl-inter-milan,Paris Saint-Germain,Inter Milan,Paris Saint-Germain FC,FC Internazionale Milano,FRA,ITA,5,0,5,0,2,0,,,Normal Time,H,5,5,0,1600.4,1632.68,-32.28,131,69,5-0 (2-0),2024-25/cl.txt,271,abfaeddc2ee3d14f99ecc163c9ddb46cb4d67cef
UCL-2025-26-M-0001,UEFA Champions League,2025-26,2025-09-16,18:45,2025-09-16T18:45:00,"League, Matchday 1",league_phase,3,1,,not_applicable,0,0,ucl-athletic-club,ucl-arsenal-fc,Athletic Club,Arsenal FC,Athletic Club,Arsenal FC,ESP,ENG,0,2,0,2,0,0,,,Normal Time,A,2,-2,0,1498.36,1570.24,-6.88,6,72,0-2 (0-0),2025-26/cl.txt,12,abfaeddc2ee3d14f99ecc163c9ddb46cb4d67cef
UCL-2025-26-M-0002,UEFA Champions League,2025-26,2025-09-16,18:45,2025-09-16T18:45:00,"League, Matchday 1",league_phase,3,1,,not_applicable,0,0,ucl-psv-eindhoven,ucl-union-saint-gilloise,PSV Eindhoven,Union Saint-Gilloise,PSV,Royale Union Saint-Gilloise,NED,BEL,1,3,1,3,0,2,,,Normal Time,A,4,-2,1,1509.6,1482.75,91.85,40,2,1-3 (0-2),2025-26/cl.txt,13,abfaeddc2ee3d14f99ecc163c9ddb46cb4d67cef
UCL-2025-26-M-0003,UEFA Champions League,2025-26,2025-09-16,21:00,2025-09-16T21:00:00,"League, Matchday 1",league_phase,3,1,,not_applicable,0,0,ucl-juventus,ucl-borussia-dortmund,Juventus,Borussia Dortmund,Juventus FC,Borussia Dortmund,ITA,GER,4,4,4,4,0,0,,,Normal Time,D,8,0,1,1530.47,1569.78,25.68,110,120,4-4 (0-0),2025-26/cl.txt,14,abfaeddc2ee3d14f99ecc163c9ddb46cb4d67cef
UCL-2025-26-M-0004,UEFA Champions League,2025-26,2025-09-16,21:00,2025-09-16T21:00:00,"League, Matchday 1",league_phase,3,1,,not_applicable,0,0,ucl-benfica,ucl-qarabag-fk,Benfica,Qarabağ FK,Sport Lisboa e Benfica,Qarabağ Ağdam FK,POR,AZE,2,3,2,3,2,1,,,Normal Time,A,5,-1,1,1541.29,1528.27,78.03,106,18,2-3 (2-1),2025-26/cl.txt,15,abfaeddc2ee3d14f99ecc163c9ddb46cb4d67cef
UCL-2025-26-M-0005,UEFA Champions League,2025-26,2025-09-16,21:00,2025-09-16T21:00:00,"League, Matchday 1",league_phase,3,1,,not_applicable,0,0,ucl-tottenham-hotspur,ucl-villarreal-cf,Tottenham Hotspur,Villarreal CF,Tottenham Hotspur FC,Villarreal CF,ENG,ESP,1,0,1,0,1,0,,,Normal Time,H,1,1,0,1511.87,1511.31,65.56,43,18,1-0 (1-0),2025-26/cl.txt,16,abfaeddc2ee3d14f99ecc163c9ddb46cb4d67cef
UCL-2025-26-M-0006,UEFA Champions League,2025-26,2025-09-16,21:00,2025-09-16T21:00:00,"League, Matchday 1",league_phase,3,1,,not_applicable,0,0,ucl-real-madrid,ucl-olympique-marseille,Real Madrid,Olympique Marseille,Real Madrid CF,Olympique de Marseille,ESP,FRA,2,1,2,1,1,1,,,Normal Time,H,3,1,1,1617.53,1471.02,211.51,168,28,2-1 (1-1),2025-26/cl.txt,17,abfaeddc2ee3d14f99ecc163c9ddb46cb4d67cef
UCL-2025-26-M-0007,UEFA Champions League,2025-26,2025-09-17,18:45,2025-09-17T18:45:00,"League, Matchday 1",league_phase,3,1,,not_applicable,0,0,ucl-slavia-praha,ucl-fk-bod-glimt,Slavia Praha,FK Bodø/Glimt,SK Slavia Praha,FK Bodø/Glimt,CZE,NOR,2,2,2,2,1,0,,,Normal Time,D,4,0,1,1504.98,1525.86,44.12,10,8,2-2 (1-0),2025-26/cl.txt,19,abfaeddc2ee3d14f99ecc163c9ddb46cb4d67cef
UCL-2025-26-M-0008,UEFA Champions League,2025-26,2025-09-17,18:45,2025-09-17T18:45:00,"League, Matchday 1",league_phase,3,1,,not_applicable,0,0,ucl-olympiacos,ucl-pafos-fc,Olympiacos,Pafos FC,PAE Olympiakos SFP,Paphos FC,GRE,CYP,0,0,0,0,,,,,Normal Time,D,0,0,0,1473.07,1535.13,2.94,50,6,0-0,2025-26/cl.txt,20,abfaeddc2ee3d14f99ecc163c9ddb46cb4d67cef
UCL-2025-26-M-0009,UEFA Champions League,2025-26,2025-09-17,21:00,2025-09-17T21:00:00,"League, Matchday 1",league_phase,3,1,,not_applicable,0,0,ucl-afc-ajax,ucl-inter-milan,AFC Ajax,Inter Milan,AFC Ajax,FC Internazionale Milano,NED,ITA,0,2,0,2,0,1,,,Normal Time,A,2,-2,0,1519.17,1603.49,-19.32,62,70,0-2 (0-1),2025-26/cl.txt,21,abfaeddc2ee3d14f99ecc163c9ddb46cb4d67cef
UCL-2025-26-M-0010,UEFA Champions League,2025-26,2025-09-17,21:00,2025-09-17T21:00:00,"League, Matchday 1",league_phase,3,1,,not_applicable,0,0,ucl-liverpool-fc,ucl-atletico-madrid,Liverpool FC,Atlético Madrid,Liverpool FC,Club Atlético de Madrid,ENG,ESP,3,2,3,2,2,1,,,Normal Time,H,5,1,1,1602.99,1563.4,104.59,81,115,3-2 (2-1),2025-26/cl.txt,22,abfaeddc2ee3d14f99ecc163c9ddb46cb4d67cef
UCL-2025-26-M-0011,UEFA Champions League,2025-26,2025-09-17,21:00,2025-09-17T21:00:00,"League, Matchday 1",league_phase,3,1,,not_applicable,0,0,ucl-paris-saint-germain,ucl-atalanta,Paris Saint-Germain,Atalanta,Paris Saint-Germain FC,Atalanta BC,FRA,ITA,4,0,4,0,2,0,,,Normal Time,H,4,4,0,1594.63,1506.79,152.84,132,33,4-0 (2-0),2025-26/cl.txt,23,abfaeddc2ee3d14f99ecc163c9ddb46cb4d67cef
UCL-2025-26-M-0012,UEFA Champions League,2025-26,2025-09-17,21:00,2025-09-17T21:00:00,"League, Matchday 1",league_phase,3,1,,not_applicable,0,0,ucl-bayern-munich,ucl-chelsea-fc,Bayern Munich,Chelsea FC,FC Bayern München,Chelsea FC,GER,ENG,3,1,3,1,2,1,,,Normal Time,H,4,2,1,1615.96,1555.85,125.11,159,96,3-1 (2-1),2025-26/cl.txt,24,abfaeddc2ee3d14f99ecc163c9ddb46cb4d67cef
UCL-2025-26-M-0013,UEFA Champions League,2025-26,2025-09-18,18:45,2025-09-18T18:45:00,"League, Matchday 1",league_phase,3,1,,not_applicable,0,0,ucl-fc-k-benhavn,ucl-bayer-leverkusen,FC København,Bayer Leverkusen,FC København,Bayer 04 Leverkusen,DEN,GER,2,2,2,2,1,0,,,Normal Time,D,4,0,1,1527.42,1505.46,86.95,32,60,2-2 (1-0),2025-26/cl.txt,26,abfaeddc2ee3d14f99ecc163c9ddb46cb4d67cef
UCL-2025-26-M-0014,UEFA Champions League,2025-26,2025-09-18,18:45,2025-09-18T18:45:00,"League, Matchday 1",league_phase,3,1,,not_applicable,0,0,ucl-club-brugge-kv,ucl-as-monaco,Club Brugge KV,AS Monaco,Club Brugge KV,AS Monaco FC,BEL,MCO,4,1,4,1,3,0,,,Normal Time,H,5,3,1,1528.83,1488.39,105.45,54,44,4-1 (3-0),2025-26/cl.txt,27,abfaeddc2ee3d14f99ecc163c9ddb46cb4d67cef
UCL-2025-26-M-0015,UEFA Champions League,2025-26,2025-09-18,21:00,2025-09-18T21:00:00,"League, Matchday 1",league_phase,3,1,,not_applicable,0,0,ucl-newcastle-united-fc,ucl-fc-barcelona,Newcastle United FC,FC Barcelona,Newcastle United FC,FC Barcelona,ENG,ESP,1,2,1,2,0,0,,,Normal Time,A,3,-1,1,1489.73,1588.31,-33.57,6,142,1-2 (0-0),2025-26/cl.txt,28,abfaeddc2ee3d14f99ecc163c9ddb46cb4d67cef
UCL-2025-26-M-0016,UEFA Champions League,2025-26,2025-09-18,21:00,2025-09-18T21:00:00,"League, Matchday 1",league_phase,3,1,,not_applicable,0,0,ucl-manchester-city,ucl-ssc-napoli,Manchester City,SSC Napoli,Manchester City FC,SSC Napoli,ENG,ITA,2,0,2,0,0,0,,,Normal Time,H,2,2,0,1596.89,1537.17,124.72,135,60,2-0 (0-0),2025-26/cl.txt,29,abfaeddc2ee3d14f99ecc163c9ddb46cb4d67cef
UCL-2025-26-M-0017,UEFA Champions League,2025-26,2025-09-18,21:00,2025-09-18T21:00:00,"League, Matchday 1",league_phase,3,1,,not_applicable,0,0,ucl-eintracht-frankfurt,ucl-galatasaray,Eintracht Frankfurt,Galatasaray,Eintracht Frankfurt,Galatasaray SK,GER,TUR,5,1,5,1,3,1,,,Normal Time,H,6,4,1,1495.5,1453.59,106.92,8,50,5-1 (3-1),2025-26/cl.txt,30,abfaeddc2ee3d14f99ecc163c9ddb46cb4d67cef
UCL-2025-26-M-0018,UEFA Champions League,2025-26,2025-09-18,21:00,2025-09-18T21:00:00,"League, Matchday 1",league_phase,3,1,,not_applicable,0,0,ucl-sporting-cp,ucl-fk-kairat,Sporting CP,FK Kairat,Sporting Clube de Portugal,FK Kairat,POR,KAZ,4,1,4,1,1,0,,,Normal Time,H,5,3,1,1486.41,1506.31,45.09,42,8,4-1 (1-0),2025-26/cl.txt,31,abfaeddc2ee3d14f99ecc163c9ddb46cb4d67cef
UCL-2025-26-M-0019,UEFA Champions League,2025-26,2025-09-30,18:45,2025-09-30T18:45:00,"League, Matchday 2",league_phase,3,2,,not_applicable,0,0,ucl-atalanta,ucl-club-brugge-kv,Atalanta,Club Brugge KV,Atalanta BC,Club Brugge KV,ITA,BEL,2,1,2,1,0,1,,,Normal Time,H,3,1,1,1500.93,1535.89,30.04,34,55,2-1 (0-1),2025-26/cl.txt,36,abfaeddc2ee3d14f99ecc163c9ddb46cb4d67cef
UCL-2025-26-M-0020,UEFA Champions League,2025-26,2025-09-30,18:45,2025-09-30T18:45:00,"League, Matchday 2",league_phase,3,2,,not_applicable,0,0,ucl-fk-kairat,ucl-real-madrid,FK Kairat,Real Madrid,FK Kairat,Real Madrid CF,KAZ,ESP,0,5,0,5,0,1,,,Normal Time,A,5,-5,0,1497.61,1622.1,-59.49,9,169,0-5 (0-1),2025-26/cl.txt,37,abfaeddc2ee3d14f99ecc163c9ddb46cb4d67cef
UCL-2025-26-M-0021,UEFA Champions League,2025-26,2025-09-30,21:00,2025-09-30T21:00:00,"League, Matchday 2",league_phase,3,2,,not_applicable,0,0,ucl-galatasaray,ucl-liverpool-fc,Galatasaray,Liverpool FC,Galatasaray SK,Liverpool FC,TUR,ENG,1,0,1,0,1,0,,,Normal Time,H,1,1,0,1446.57,1610.07,-98.5,51,82,1-0 (1-0),2025-26/cl.txt,38,abfaeddc2ee3d14f99ecc163c9ddb46cb4d67cef
UCL-2025-26-M-0022,UEFA Champions League,2025-26,2025-09-30,21:00,2025-09-30T21:00:00,"League, Matchday 2",league_phase,3,2,,not_applicable,0,0,ucl-atletico-madrid,ucl-eintracht-frankfurt,Atlético Madrid,Eintracht Frankfurt,Club Atlético de Madrid,Eintracht Frankfurt,ESP,GER,5,1,5,1,3,0,,,Normal Time,H,6,4,1,1556.32,1502.52,118.8,116,9,5-1 (3-0),2025-26/cl.txt,39,abfaeddc2ee3d14f99ecc163c9ddb46cb4d67cef
UCL-2025-26-M-0023,UEFA Champions League,2025-26,2025-09-30,21:00,2025-09-30T21:00:00,"League, Matchday 2",league_phase,3,2,,not_applicable,0,0,ucl-olympique-marseille,ucl-afc-ajax,Olympique Marseille,AFC Ajax,Olympique de Marseille,AFC Ajax,FRA,NED,4,0,4,0,3,0,,,Normal Time,H,4,4,0,1466.45,1509.72,21.73,29,63,4-0 (3-0),2025-26/cl.txt,40,abfaeddc2ee3d14f99ecc163c9ddb46cb4d67cef
UCL-2025-26-M-0024,UEFA Champions League,2025-26,2025-09-30,21:00,2025-09-30T21:00:00,"League, Matchday 2",league_phase,3,2,,not_applicable,0,0,ucl-fk-bod-glimt,ucl-tottenham-hotspur,FK Bodø/Glimt,Tottenham Hotspur,FK Bodø/Glimt,Tottenham Hotspur FC,NOR,ENG,2,2,2,2,0,0,,,Normal Time,D,4,0,1,1527.12,1520.0,72.12,9,44,2-2 (0-0),2025-26/cl.txt,41,abfaeddc2ee3d14f99ecc163c9ddb46cb4d67cef
UCL-2025-26-M-0025,UEFA Champions League,2025-26,2025-09-30,21:00,2025-09-30T21:00:00,"League, Matchday 2",league_phase,3,2,,not_applicable,0,0,ucl-pafos-fc,ucl-bayern-munich,Pafos FC,Bayern Munich,Paphos FC,FC Bayern München,CYP,GER,1,5,1,5,1,4,,,Normal Time,A,6,-4,1,1535.22,1622.5,-22.29,7,160,1-5 (1-4),2025-26/cl.txt,42,abfaeddc2ee3d14f99ecc163c9ddb46cb4d67cef
UCL-2025-26-M-0026,UEFA Champions League,2025-26,2025-09-30,21:00,2025-09-30T21:00:00,"League, Matchday 2",league_phase,3,2,,not_applicable,0,0,ucl-chelsea-fc,ucl-benfica,Chelsea FC,Benfica,Chelsea FC,Sport Lisboa e Benfica,ENG,POR,1,0,1,0,1,0,,,Normal Time,H,1,1,0,1549.3,1529.09,85.21,97,107,1-0 (1-0),2025-26/cl.txt,43,abfaeddc2ee3d14f99ecc163c9ddb46cb4d67cef
UCL-2025-26-M-0027,UEFA Champions League,2025-26,2025-09-30,21:00,2025-09-30T21:00:00,"League, Matchday 2",league_phase,3,2,,not_applicable,0,0,ucl-inter-milan,ucl-slavia-praha,Inter Milan,Slavia Praha,FC Internazionale Milano,SK Slavia Praha,ITA,CZE,3,0,3,0,2,0,,,Normal Time,H,3,3,0,1612.94,1503.72,174.22,71,11,3-0 (2-0),2025-26/cl.txt,44,abfaeddc2ee3d14f99ecc163c9ddb46cb4d67cef
UCL-2025-26-M-0028,UEFA Champions League,2025-26,2025-10-01,18:45,2025-10-01T18:45:00,"League, Matchday 2",league_phase,3,2,,not_applicable,0,0,ucl-qarabag-fk,ucl-fc-k-benhavn,Qarabağ FK,FC København,Qarabağ Ağdam FK,FC København,AZE,DEN,2,0,2,0,1,0,,,Normal Time,H,2,2,0,1540.48,1524.96,80.51,19,33,2-0 (1-0),2025-26/cl.txt,46,abfaeddc2ee3d14f99ecc163c9ddb46cb4d67cef
UCL-2025-26-M-0029,UEFA Champions League,2025-26,2025-10-01,18:45,2025-10-01T18:45:00,"League, Matchday 2",league_phase,3,2,,not_applicable,0,0,ucl-union-saint-gilloise,ucl-newcastle-united-fc,Union Saint-Gilloise,Newcastle United FC,Royale Union Saint-Gilloise,Newcastle United FC,BEL,ENG,0,4,0,4,0,2,,,Normal Time,A,4,-4,0,1495.33,1480.7,79.64,3,7,0-4 (0-2),2025-26/cl.txt,47,abfaeddc2ee3d14f99ecc163c9ddb46cb4d67cef
UCL-2025-26-M-0030,UEFA Champions League,2025-26,2025-10-01,21:00,2025-10-01T21:00:00,"League, Matchday 2",league_phase,3,2,,not_applicable,0,0,ucl-borussia-dortmund,ucl-athletic-club,Borussia Dortmund,Athletic Club,Borussia Dortmund,Athletic Club,GER,ESP,4,1,4,1,1,0,,,Normal Time,H,5,3,1,1570.52,1488.56,146.97,121,7,4-1 (1-0),2025-26/cl.txt,48,abfaeddc2ee3d14f99ecc163c9ddb46cb4d67cef
UCL-2025-26-M-0031,UEFA Champions League,2025-26,2025-10-01,21:00,2025-10-01T21:00:00,"League, Matchday 2",league_phase,3,2,,not_applicable,0,0,ucl-fc-barcelona,ucl-paris-saint-germain,FC Barcelona,Paris Saint-Germain,FC Barcelona,Paris Saint-Germain FC,ESP,FRA,1,2,1,2,1,1,,,Normal Time,A,3,-1,1,1597.34,1600.5,61.85,143,133,1-2 (1-1),2025-26/cl.txt,49,abfaeddc2ee3d14f99ecc163c9ddb46cb4d67cef
UCL-2025-26-M-0032,UEFA Champions League,2025-26,2025-10-01,21:00,2025-10-01T21:00:00,"League, Matchday 2",league_phase,3,2,,not_applicable,0,0,ucl-as-monaco,ucl-manchester-city,AS Monaco,Manchester City,AS Monaco FC,Manchester City FC,MCO,ENG,2,2,2,2,1,2,,,Normal Time,D,4,0,1,1481.33,1603.45,-57.12,45,136,2-2 (1-2),2025-26/cl.txt,50,abfaeddc2ee3d14f99ecc163c9ddb46cb4d67cef
UCL-2025-26-M-0033,UEFA Champions League,2025-26,2025-10-01,21:00,2025-10-01T21:00:00,"League, Matchday 2",league_phase,3,2,,not_applicable,0,0,ucl-bayer-leverkusen,ucl-psv-eindhoven,Bayer Leverkusen,PSV Eindhoven,Bayer 04 Leverkusen,PSV,GER,NED,1,1,1,1,0,0,,,Normal Time,D,2,0,1,1507.91,1497.02,75.9,61,41,1-1 (0-0),2025-26/cl.txt,51,abfaeddc2ee3d14f99ecc163c9ddb46cb4d67cef
UCL-2025-26-M-0034,UEFA Champions League,2025-26,2025-10-01,21:00,2025-10-01T21:00:00,"League, Matchday 2",league_phase,3,2,,not_applicable,0,0,ucl-arsenal-fc,ucl-olympiacos,Arsenal FC,Olympiacos,Arsenal FC,PAE Olympiakos SFP,ENG,GRE,2,0,2,0,1,0,,,Normal Time,H,2,2,0,1580.04,1472.99,172.05,73,51,2-0 (1-0),2025-26/cl.txt,52,abfaeddc2ee3d14f99ecc163c9ddb46cb4d67cef
UCL-2025-26-M-0035,UEFA Champions League,2025-26,2025-10-01,21:00,2025-10-01T21:00:00,"League, Matchday 2",league_phase,3,2,,not_applicable,0,0,ucl-villarreal-cf,ucl-juventus,Villarreal CF,Juventus,Villarreal CF,Juventus FC,ESP,ITA,2,2,2,2,1,0,,,Normal Time,D,4,0,1,1503.18,1529.73,38.45,19,111,2-2 (1-0),2025-26/cl.txt,53,abfaeddc2ee3d14f99ecc163c9ddb46cb4d67cef
UCL-2025-26-M-0036,UEFA Champions League,2025-26,2025-10-01,21:00,2025-10-01T21:00:00,"League, Matchday 2",league_phase,3,2,,not_applicable,0,0,ucl-ssc-napoli,ucl-sporting-cp,SSC Napoli,Sporting CP,SSC Napoli,Sporting Clube de Portugal,ITA,POR,2,1,2,1,1,0,,,Normal Time,H,3,1,1,1530.61,1495.12,100.49,61,43,2-1 (1-0),2025-26/cl.txt,54,abfaeddc2ee3d14f99ecc163c9ddb46cb4d67cef
UCL-2025-26-M-0037,UEFA Champions League,2025-26,2025-10-21,18:45,2025-10-21T18:45:00,"League, Matchday 3",league_phase,3,3,,not_applicable,0,0,ucl-fc-barcelona,ucl-olympiacos,FC Barcelona,Olympiacos,FC Barcelona,PAE Olympiakos SFP,ESP,GRE,6,1,6,1,2,0,,,Normal Time,H,7,5,1,1585.58,1467.57,183.01,144,52,6-1 (2-0),2025-26/cl.txt,59,abfaeddc2ee3d14f99ecc163c9ddb46cb4d67cef
UCL-2025-26-M-0038,UEFA Champions League,2025-26,2025-10-21,18:45,2025-10-21T18:45:00,"League, Matchday 3",league_phase,3,3,,not_applicable,0,0,ucl-fk-kairat,ucl-pafos-fc,FK Kairat,Pafos FC,FK Kairat,Paphos FC,KAZ,CYP,0,0,0,0,,,,,Normal Time,D,0,0,0,1489.3,1525.86,28.44,10,8,0-0,2025-26/cl.txt,60,abfaeddc2ee3d14f99ecc163c9ddb46cb4d67cef
UCL-2025-26-M-0039,UEFA Champions League,2025-26,2025-10-21,21:00,2025-10-21T21:00:00,"League, Matchday 3",league_phase,3,3,,not_applicable,0,0,ucl-union-saint-gilloise,ucl-inter-milan,Union Saint-Gilloise,Inter Milan,Royale Union Saint-Gilloise,FC Internazionale Milano,BEL,ITA,0,4,0,4,0,2,,,Normal Time,A,4,-4,0,1483.08,1618.3,-70.22,4,72,0-4 (0-2),2025-26/cl.txt,61,abfaeddc2ee3d14f99ecc163c9ddb46cb4d67cef
UCL-2025-26-M-0040,UEFA Champions League,2025-26,2025-10-21,21:00,2025-10-21T21:00:00,"League, Matchday 3",league_phase,3,3,,not_applicable,0,0,ucl-fc-k-benhavn,ucl-borussia-dortmund,FC København,Borussia Dortmund,FC København,Borussia Dortmund,DEN,GER,2,4,2,4,1,1,,,Normal Time,A,6,-2,1,1517.24,1576.53,5.71,34,122,2-4 (1-1),2025-26/cl.txt,62,abfaeddc2ee3d14f99ecc163c9ddb46cb4d67cef
UCL-2025-26-M-0041,UEFA Champions League,2025-26,2025-10-21,21:00,2025-10-21T21:00:00,"League, Matchday 3",league_phase,3,3,,not_applicable,0,0,ucl-bayer-leverkusen,ucl-paris-saint-germain,Bayer Leverkusen,Paris Saint-Germain,Bayer 04 Leverkusen,Paris Saint-Germain FC,GER,FRA,2,7,2,7,1,4,,,Normal Time,A,9,-5,1,1505.76,1612.26,-41.49,62,134,2-7 (1-4),2025-26/cl.txt,63,abfaeddc2ee3d14f99ecc163c9ddb46cb4d67cef
UCL-2025-26-M-0042,UEFA Champions League,2025-26,2025-10-21,21:00,2025-10-21T21:00:00,"League, Matchday 3",league_phase,3,3,,not_applicable,0,0,ucl-villarreal-cf,ucl-manchester-city,Villarreal CF,Manchester City,Villarreal CF,Manchester City FC,ESP,ENG,0,2,0,2,0,2,,,Normal Time,A,2,-2,0,1502.08,1601.82,-34.75,20,137,0-2 (0-2),2025-26/cl.txt,64,abfaeddc2ee3d14f99ecc163c9ddb46cb4d67cef
UCL-2025-26-M-0043,UEFA Champions League,2025-26,2025-10-21,21:00,2025-10-21T21:00:00,"League, Matchday 3",league_phase,3,3,,not_applicable,0,0,ucl-arsenal-fc,ucl-atletico-madrid,Arsenal FC,Atlético Madrid,Arsenal FC,Club Atlético de Madrid,ENG,ESP,4,0,4,0,0,0,,,Normal Time,H,4,4,0,1585.46,1563.03,87.43,74,117,4-0 (0-0),2025-26/cl.txt,65,abfaeddc2ee3d14f99ecc163c9ddb46cb4d67cef
UCL-2025-26-M-0044,UEFA Champions League,2025-26,2025-10-21,21:00,2025-10-21T21:00:00,"League, Matchday 3",league_phase,3,3,,not_applicable,0,0,ucl-newcastle-united-fc,ucl-benfica,Newcastle United FC,Benfica,Newcastle United FC,Sport Lisboa e Benfica,ENG,POR,3,0,3,0,1,0,,,Normal Time,H,3,3,0,1492.95,1521.49,36.46,8,108,3-0 (1-0),2025-26/cl.txt,66,abfaeddc2ee3d14f99ecc163c9ddb46cb4d67cef
UCL-2025-26-M-0045,UEFA Champions League,2025-26,2025-10-21,21:00,2025-10-21T21:00:00,"League, Matchday 3",league_phase,3,3,,not_applicable,0,0,ucl-psv-eindhoven,ucl-ssc-napoli,PSV Eindhoven,SSC Napoli,PSV,SSC Napoli,NED,ITA,6,2,6,2,2,1,,,Normal Time,H,8,4,1,1499.17,1537.8,26.37,42,62,6-2 (2-1),2025-26/cl.txt,67,abfaeddc2ee3d14f99ecc163c9ddb46cb4d67cef
UCL-2025-26-M-0046,UEFA Champions League,2025-26,2025-10-22,18:45,2025-10-22T18:45:00,"League, Matchday 3",league_phase,3,3,,not_applicable,0,0,ucl-galatasaray,ucl-fk-bod-glimt,Galatasaray,FK Bodø/Glimt,Galatasaray SK,FK Bodø/Glimt,TUR,NOR,3,1,3,1,2,0,,,Normal Time,H,4,2,1,1459.33,1525.08,-0.75,52,10,3-1 (2-0),2025-26/cl.txt,69,abfaeddc2ee3d14f99ecc163c9ddb46cb4d67cef
UCL-2025-26-M-0047,UEFA Champions League,2025-26,2025-10-22,18:45,2025-10-22T18:45:00,"League, Matchday 3",league_phase,3,3,,not_applicable,0,0,ucl-athletic-club,ucl-qarabag-fk,Athletic Club,Qarabağ FK,Athletic Club,Qarabağ Ağdam FK,ESP,AZE,3,1,3,1,1,1,,,Normal Time,H,4,2,1,1482.55,1548.2,-0.65,8,20,3-1 (1-1),2025-26/cl.txt,70,abfaeddc2ee3d14f99ecc163c9ddb46cb4d67cef
UCL-2025-26-M-0048,UEFA Champions League,2025-26,2025-10-22,21:00,2025-10-22T21:00:00,"League, Matchday 3",league_phase,3,3,,not_applicable,0,0,ucl-eintracht-frankfurt,ucl-liverpool-fc,Eintracht Frankfurt,Liverpool FC,Eintracht Frankfurt,Liverpool FC,GER,ENG,1,5,1,5,1,3,,,Normal Time,A,6,-4,1,1495.81,1597.31,-36.5,10,83,1-5 (1-3),2025-26/cl.txt,71,abfaeddc2ee3d14f99ecc163c9ddb46cb4d67cef
UCL-2025-26-M-0049,UEFA Champions League,2025-26,2025-10-22,21:00,2025-10-22T21:00:00,"League, Matchday 3",league_phase,3,3,,not_applicable,0,0,ucl-atalanta,ucl-slavia-praha,Atalanta,Slavia Praha,Atalanta BC,SK Slavia Praha,ITA,CZE,0,0,0,0,,,,,Normal Time,D,0,0,0,1510.07,1498.35,76.72,35,12,0-0,2025-26/cl.txt,72,abfaeddc2ee3d14f99ecc163c9ddb46cb4d67cef
UCL-2025-26-M-0050,UEFA Champions League,2025-26,2025-10-22,21:00,2025-10-22T21:00:00,"League, Matchday 3",league_phase,3,3,,not_applicable,0,0,ucl-sporting-cp,ucl-olympique-marseille,Sporting CP,Olympique Marseille,Sporting Clube de Portugal,Olympique de Marseille,POR,FRA,2,1,2,1,0,1,,,Normal Time,H,3,1,1,1487.93,1475.83,77.11,44,30,2-1 (0-1),2025-26/cl.txt,73,abfaeddc2ee3d14f99ecc163c9ddb46cb4d67cef
UCL-2025-26-M-0051,UEFA Champions League,2025-26,2025-10-22,21:00,2025-10-22T21:00:00,"League, Matchday 3",league_phase,3,3,,not_applicable,0,0,ucl-as-monaco,ucl-tottenham-hotspur,AS Monaco,Tottenham Hotspur,AS Monaco FC,Tottenham Hotspur FC,MCO,ENG,0,0,0,0,,,,,Normal Time,D,0,0,0,1482.96,1522.05,25.91,46,45,0-0,2025-26/cl.txt,74,abfaeddc2ee3d14f99ecc163c9ddb46cb4d67cef
UCL-2025-26-M-0052,UEFA Champions League,2025-26,2025-10-22,21:00,2025-10-22T21:00:00,"League, Matchday 3",league_phase,3,3,,not_applicable,0,0,ucl-bayern-munich,ucl-club-brugge-kv,Bayern Munich,Club Brugge KV,FC Bayern München,Club Brugge KV,GER,BEL,4,0,4,0,3,0,,,Normal Time,H,4,4,0,1631.86,1526.75,170.11,161,56,4-0 (3-0),2025-26/cl.txt,75,abfaeddc2ee3d14f99ecc163c9ddb46cb4d67cef
UCL-2025-26-M-0053,UEFA Champions League,2025-26,2025-10-22,21:00,2025-10-22T21:00:00,"League, Matchday 3",league_phase,3,3,,not_applicable,0,0,ucl-chelsea-fc,ucl-afc-ajax,Chelsea FC,AFC Ajax,Chelsea FC,AFC Ajax,ENG,NED,5,1,5,1,4,1,,,Normal Time,H,6,4,1,1556.89,1500.35,121.55,98,64,5-1 (4-1),2025-26/cl.txt,76,abfaeddc2ee3d14f99ecc163c9ddb46cb4d67cef
UCL-2025-26-M-0054,UEFA Champions League,2025-26,2025-10-22,21:00,2025-10-22T21:00:00,"League, Matchday 3",league_phase,3,3,,not_applicable,0,0,ucl-real-madrid,ucl-juventus,Real Madrid,Juventus,Real Madrid CF,Juventus FC,ESP,ITA,1,0,1,0,0,0,,,Normal Time,H,1,1,0,1630.4,1530.83,164.57,170,112,1-0 (0-0),2025-26/cl.txt,77,abfaeddc2ee3d14f99ecc163c9ddb46cb4d67cef
UCL-2025-26-M-0055,UEFA Champions League,2025-26,2025-11-04,18:45,2025-11-04T18:45:00,"League, Matchday 4",league_phase,3,4,,not_applicable,0,0,ucl-slavia-praha,ucl-arsenal-fc,Slavia Praha,Arsenal FC,SK Slavia Praha,Arsenal FC,CZE,ENG,0,3,0,3,0,1,,,Normal Time,A,3,-3,0,1500.52,1592.99,-27.47,13,75,0-3 (0-1),2025-26/cl.txt,82,abfaeddc2ee3d14f99ecc163c9ddb46cb4d67cef
UCL-2025-26-M-0056,UEFA Champions League,2025-26,2025-11-04,18:45,2025-11-04T18:45:00,"League, Matchday 4",league_phase,3,4,,not_applicable,0,0,ucl-ssc-napoli,ucl-eintracht-frankfurt,SSC Napoli,Eintracht Frankfurt,SSC Napoli,Eintracht Frankfurt,ITA,GER,0,0,0,0,,,,,Normal Time,D,0,0,0,1528.56,1486.86,106.7,63,11,0-0,2025-26/cl.txt,83,abfaeddc2ee3d14f99ecc163c9ddb46cb4d67cef
UCL-2025-26-M-0057,UEFA Champions League,2025-26,2025-11-04,21:00,2025-11-04T21:00:00,"League, Matchday 4",league_phase,3,4,,not_applicable,0,0,ucl-juventus,ucl-sporting-cp,Juventus,Sporting CP,Juventus FC,Sporting Clube de Portugal,ITA,POR,1,1,1,1,1,1,,,Normal Time,D,2,0,1,1525.24,1495.75,94.49,113,45,1-1 (1-1),2025-26/cl.txt,84,abfaeddc2ee3d14f99ecc163c9ddb46cb4d67cef
UCL-2025-26-M-0058,UEFA Champions League,2025-26,2025-11-04,21:00,2025-11-04T21:00:00,"League, Matchday 4",league_phase,3,4,,not_applicable,0,0,ucl-atletico-madrid,ucl-union-saint-gilloise,Atlético Madrid,Union Saint-Gilloise,Club Atlético de Madrid,Royale Union Saint-Gilloise,ESP,BEL,3,1,3,1,1,0,,,Normal Time,H,4,2,1,1555.49,1475.08,145.42,118,5,3-1 (1-0),2025-26/cl.txt,85,abfaeddc2ee3d14f99ecc163c9ddb46cb4d67cef
UCL-2025-26-M-0059,UEFA Champions League,2025-26,2025-11-04,21:00,2025-11-04T21:00:00,"League, Matchday 4",league_phase,3,4,,not_applicable,0,0,ucl-tottenham-hotspur,ucl-fc-k-benhavn,Tottenham Hotspur,FC København,Tottenham Hotspur FC,FC København,ENG,DEN,4,0,4,0,1,0,,,Normal Time,H,4,4,0,1522.79,1507.08,80.72,46,35,4-0 (1-0),2025-26/cl.txt,86,abfaeddc2ee3d14f99ecc163c9ddb46cb4d67cef
UCL-2025-26-M-0060,UEFA Champions League,2025-26,2025-11-04,21:00,2025-11-04T21:00:00,"League, Matchday 4",league_phase,3,4,,not_applicable,0,0,ucl-fk-bod-glimt,ucl-as-monaco,FK Bodø/Glimt,AS Monaco,FK Bodø/Glimt,AS Monaco FC,NOR,MCO,0,1,0,1,0,1,,,Normal Time,A,1,-1,0,1515.06,1482.22,97.84,11,47,0-1 (0-1),2025-26/cl.txt,87,abfaeddc2ee3d14f99ecc163c9ddb46cb4d67cef
UCL-2025-26-M-0061,UEFA Champions League,2025-26,2025-11-04,21:00,2025-11-04T21:00:00,"League, Matchday 4",league_phase,3,4,,not_applicable,0,0,ucl-olympiacos,ucl-psv-eindhoven,Olympiacos,PSV Eindhoven,PAE Olympiakos SFP,PSV,GRE,NED,1,1,1,1,1,0,,,Normal Time,D,2,0,1,1462.4,1508.41,18.99,53,43,1-1 (1-0),2025-26/cl.txt,88,abfaeddc2ee3d14f99ecc163c9ddb46cb4d67cef
UCL-2025-26-M-0062,UEFA Champions League,2025-26,2025-11-04,21:00,2025-11-04T21:00:00,"League, Matchday 4",league_phase,3,4,,not_applicable,0,0,ucl-paris-saint-germain,ucl-bayern-munich,Paris Saint-Germain,Bayern Munich,Paris Saint-Germain FC,FC Bayern München,FRA,GER,1,2,1,2,0,2,,,Normal Time,A,3,-1,1,1621.07,1637.32,48.74,135,162,1-2 (0-2),2025-26/cl.txt,89,abfaeddc2ee3d14f99ecc163c9ddb46cb4d67cef
UCL-2025-26-M-0063,UEFA Champions League,2025-26,2025-11-04,21:00,2025-11-04T21:00:00,"League, Matchday 4",league_phase,3,4,,not_applicable,0,0,ucl-liverpool-fc,ucl-real-madrid,Liverpool FC,Real Madrid,Liverpool FC,Real Madrid CF,ENG,ESP,1,0,1,0,0,0,,,Normal Time,H,1,1,0,1606.26,1635.99,35.27,84,171,1-0 (0-0),2025-26/cl.txt,90,abfaeddc2ee3d14f99ecc163c9ddb46cb4d67cef
UCL-2025-26-M-0064,UEFA Champions League,2025-26,2025-11-05,18:45,2025-11-05T18:45:00,"League, Matchday 4",league_phase,3,4,,not_applicable,0,0,ucl-pafos-fc,ucl-villarreal-cf,Pafos FC,Villarreal CF,Paphos FC,Villarreal CF,CYP,ESP,1,0,1,0,0,0,,,Normal Time,H,1,1,0,1526.68,1493.07,98.6,9,21,1-0 (0-0),2025-26/cl.txt,92,abfaeddc2ee3d14f99ecc163c9ddb46cb4d67cef
UCL-2025-26-M-0065,UEFA Champions League,2025-26,2025-11-05,18:45,2025-11-05T18:45:00,"League, Matchday 4",league_phase,3,4,,not_applicable,0,0,ucl-qarabag-fk,ucl-chelsea-fc,Qarabağ FK,Chelsea FC,Qarabağ Ağdam FK,Chelsea FC,AZE,ENG,2,2,2,2,2,1,,,Normal Time,D,4,0,1,1538.18,1563.53,39.65,21,99,2-2 (2-1),2025-26/cl.txt,93,abfaeddc2ee3d14f99ecc163c9ddb46cb4d67cef
UCL-2025-26-M-0066,UEFA Champions League,2025-26,2025-11-05,21:00,2025-11-05T21:00:00,"League, Matchday 4",league_phase,3,4,,not_applicable,0,0,ucl-inter-milan,ucl-fk-kairat,Inter Milan,FK Kairat,FC Internazionale Milano,FK Kairat,ITA,KAZ,2,1,2,1,1,0,,,Normal Time,H,3,1,1,1626.31,1488.48,202.83,73,11,2-1 (1-0),2025-26/cl.txt,94,abfaeddc2ee3d14f99ecc163c9ddb46cb4d67cef
UCL-2025-26-M-0067,UEFA Champions League,2025-26,2025-11-05,21:00,2025-11-05T21:00:00,"League, Matchday 4",league_phase,3,4,,not_applicable,0,0,ucl-manchester-city,ucl-borussia-dortmund,Manchester City,Borussia Dortmund,Manchester City FC,Borussia Dortmund,ENG,GER,4,1,4,1,2,0,,,Normal Time,H,5,3,1,1610.82,1586.69,89.13,138,123,4-1 (2-0),2025-26/cl.txt,95,abfaeddc2ee3d14f99ecc163c9ddb46cb4d67cef
UCL-2025-26-M-0068,UEFA Champions League,2025-26,2025-11-05,21:00,2025-11-05T21:00:00,"League, Matchday 4",league_phase,3,4,,not_applicable,0,0,ucl-club-brugge-kv,ucl-fc-barcelona,Club Brugge KV,FC Barcelona,Club Brugge KV,FC Barcelona,BEL,ESP,3,3,3,3,2,1,,,Normal Time,D,6,0,1,1521.29,1590.75,-4.46,57,145,3-3 (2-1),2025-26/cl.txt,96,abfaeddc2ee3d14f99ecc163c9ddb46cb4d67cef
UCL-2025-26-M-0069,UEFA Champions League,2025-26,2025-11-05,21:00,2025-11-05T21:00:00,"League, Matchday 4",league_phase,3,4,,not_applicable,0,0,ucl-benfica,ucl-bayer-leverkusen,Benfica,Bayer Leverkusen,Sport Lisboa e Benfica,Bayer 04 Leverkusen,POR,GER,0,1,0,1,0,0,,,Normal Time,A,1,-1,0,1512.54,1496.95,80.58,109,63,0-1 (0-0),2025-26/cl.txt,97,abfaeddc2ee3d14f99ecc163c9ddb46cb4d67cef
UCL-2025-26-M-0070,UEFA Champions League,2025-26,2025-11-05,21:00,2025-11-05T21:00:00,"League, Matchday 4",league_phase,3,4,,not_applicable,0,0,ucl-olympique-marseille,ucl-atalanta,Olympique Marseille,Atalanta,Olympique de Marseille,Atalanta BC,FRA,ITA,0,1,0,1,0,0,,,Normal Time,A,1,-1,0,1468.01,1507.89,25.12,31,36,0-1 (0-0),2025-26/cl.txt,98,abfaeddc2ee3d14f99ecc163c9ddb46cb4d67cef
UCL-2025-26-M-0071,UEFA Champions League,2025-26,2025-11-05,21:00,2025-11-05T21:00:00,"League, Matchday 4",league_phase,3,4,,not_applicable,0,0,ucl-afc-ajax,ucl-galatasaray,AFC Ajax,Galatasaray,AFC Ajax,Galatasaray SK,NED,TUR,0,3,0,3,0,0,,,Normal Time,A,3,-3,0,1493.71,1469.35,89.36,65,53,0-3 (0-0),2025-26/cl.txt,99,abfaeddc2ee3d14f99ecc163c9ddb46cb4d67cef
UCL-2025-26-M-0072,UEFA Champions League,2025-26,2025-11-05,21:00,2025-11-05T21:00:00,"League, Matchday 4",league_phase,3,4,,not_applicable,0,0,ucl-newcastle-united-fc,ucl-athletic-club,Newcastle United FC,Athletic Club,Newcastle United FC,Athletic Club,ENG,ESP,2,0,2,0,1,0,,,Normal Time,H,2,2,0,1501.9,1492.57,74.33,9,9,2-0 (1-0),2025-26/cl.txt,100,abfaeddc2ee3d14f99ecc163c9ddb46cb4d67cef
UCL-2025-26-M-0073,UEFA Champions League,2025-26,2025-11-25,18:45,2025-11-25T18:45:00,"League, Matchday 5",league_phase,3,5,,not_applicable,0,0,ucl-afc-ajax,ucl-benfica,AFC Ajax,Benfica,AFC Ajax,Sport Lisboa e Benfica,NED,POR,0,2,0,2,0,1,,,Normal Time,A,2,-2,0,1481.19,1500.26,45.94,66,110,0-2 (0-1),2025-26/cl.txt,105,abfaeddc2ee3d14f99ecc163c9ddb46cb4d67cef
UCL-2025-26-M-0074,UEFA Champions League,2025-26,2025-11-25,18:45,2025-11-25T18:45:00,"League, Matchday 5",league_phase,3,5,,not_applicable,0,0,ucl-galatasaray,ucl-union-saint-gilloise,Galatasaray,Union Saint-Gilloise,Galatasaray SK,Royale Union Saint-Gilloise,TUR,BEL,0,1,0,1,0,0,,,Normal Time,A,1,-1,0,1481.87,1469.03,77.84,54,6,0-1 (0-0),2025-26/cl.txt,106,abfaeddc2ee3d14f99ecc163c9ddb46cb4d67cef
UCL-2025-26-M-0075,UEFA Champions League,2025-26,2025-11-25,21:00,2025-11-25T21:00:00,"League, Matchday 5",league_phase,3,5,,not_applicable,0,0,ucl-borussia-dortmund,ucl-villarreal-cf,Borussia Dortmund,Villarreal CF,Borussia Dortmund,Villarreal CF,GER,ESP,4,0,4,0,1,0,,,Normal Time,H,4,4,0,1579.2,1485.84,158.37,124,22,4-0 (1-0),2025-26/cl.txt,107,abfaeddc2ee3d14f99ecc163c9ddb46cb4d67cef
UCL-2025-26-M-0076,UEFA Champions League,2025-26,2025-11-25,21:00,2025-11-25T21:00:00,"League, Matchday 5",league_phase,3,5,,not_applicable,0,0,ucl-manchester-city,ucl-bayer-leverkusen,Manchester City,Bayer Leverkusen,Manchester City FC,Bayer 04 Leverkusen,ENG,GER,0,2,0,2,0,1,,,Normal Time,A,2,-2,0,1618.31,1509.23,174.08,139,64,0-2 (0-1),2025-26/cl.txt,108,abfaeddc2ee3d14f99ecc163c9ddb46cb4d67cef
UCL-2025-26-M-0077,UEFA Champions League,2025-26,2025-11-25,21:00,2025-11-25T21:00:00,"League, Matchday 5",league_phase,3,5,,not_applicable,0,0,ucl-fk-bod-glimt,ucl-juventus,FK Bodø/Glimt,Juventus,FK Bodø/Glimt,Juventus FC,NOR,ITA,2,3,2,3,1,0,,,Normal Time,A,5,-1,1,1502.31,1522.59,44.72,12,114,2-3 (1-0),2025-26/cl.txt,109,abfaeddc2ee3d14f99ecc163c9ddb46cb4d67cef
UCL-2025-26-M-0078,UEFA Champions League,2025-26,2025-11-25,21:00,2025-11-25T21:00:00,"League, Matchday 5",league_phase,3,5,,not_applicable,0,0,ucl-olympique-marseille,ucl-newcastle-united-fc,Olympique Marseille,Newcastle United FC,Olympique de Marseille,Newcastle United FC,FRA,ENG,2,1,2,1,0,1,,,Normal Time,H,3,1,1,1457.29,1509.8,12.49,32,10,2-1 (0-1),2025-26/cl.txt,110,abfaeddc2ee3d14f99ecc163c9ddb46cb4d67cef
UCL-2025-26-M-0079,UEFA Champions League,2025-26,2025-11-25,21:00,2025-11-25T21:00:00,"League, Matchday 5",league_phase,3,5,,not_applicable,0,0,ucl-slavia-praha,ucl-athletic-club,Slavia Praha,Athletic Club,SK Slavia Praha,Athletic Club,CZE,ESP,0,0,0,0,,,,,Normal Time,D,0,0,0,1491.31,1484.68,71.63,14,10,0-0,2025-26/cl.txt,111,abfaeddc2ee3d14f99ecc163c9ddb46cb4d67cef
UCL-2025-26-M-0080,UEFA Champions League,2025-26,2025-11-25,21:00,2025-11-25T21:00:00,"League, Matchday 5",league_phase,3,5,,not_applicable,0,0,ucl-ssc-napoli,ucl-qarabag-fk,SSC Napoli,Qarabağ FK,SSC Napoli,Qarabağ Ağdam FK,ITA,AZE,2,0,2,0,0,0,,,Normal Time,H,2,2,0,1525.58,1537.05,53.53,64,22,2-0 (0-0),2025-26/cl.txt,112,abfaeddc2ee3d14f99ecc163c9ddb46cb4d67cef
UCL-2025-26-M-0081,UEFA Champions League,2025-26,2025-11-25,21:00,2025-11-25T21:00:00,"League, Matchday 5",league_phase,3,5,,not_applicable,0,0,ucl-chelsea-fc,ucl-fc-barcelona,Chelsea FC,FC Barcelona,Chelsea FC,FC Barcelona,ENG,ESP,3,0,3,0,1,0,,,Normal Time,H,3,3,0,1564.67,1590.62,39.04,100,146,3-0 (1-0),2025-26/cl.txt,113,abfaeddc2ee3d14f99ecc163c9ddb46cb4d67cef
UCL-2025-26-M-0082,UEFA Champions League,2025-26,2025-11-26,18:45,2025-11-26T18:45:00,"League, Matchday 5",league_phase,3,5,,not_applicable,0,0,ucl-pafos-fc,ucl-as-monaco,Pafos FC,AS Monaco,Paphos FC,AS Monaco FC,CYP,MCO,2,2,2,2,1,2,,,Normal Time,D,4,0,1,1533.91,1494.96,103.95,10,48,2-2 (1-2),2025-26/cl.txt,115,abfaeddc2ee3d14f99ecc163c9ddb46cb4d67cef
UCL-2025-26-M-0083,UEFA Champions League,2025-26,2025-11-26,18:45,2025-11-26T18:45:00,"League, Matchday 5",league_phase,3,5,,not_applicable,0,0,ucl-fc-k-benhavn,ucl-fk-kairat,FC København,FK Kairat,FC København,FK Kairat,DEN,KAZ,3,2,3,2,1,0,,,Normal Time,H,5,1,1,1499.36,1483.74,80.62,36,12,3-2 (1-0),2025-26/cl.txt,116,abfaeddc2ee3d14f99ecc163c9ddb46cb4d67cef
UCL-2025-26-M-0084,UEFA Champions League,2025-26,2025-11-26,21:00,2025-11-26T21:00:00,"League, Matchday 5",league_phase,3,5,,not_applicable,0,0,ucl-liverpool-fc,ucl-psv-eindhoven,Liverpool FC,PSV Eindhoven,Liverpool FC,PSV,ENG,NED,1,4,1,4,1,1,,,Normal Time,A,5,-3,1,1615.25,1508.96,171.29,85,44,1-4 (1-1),2025-26/cl.txt,117,abfaeddc2ee3d14f99ecc163c9ddb46cb4d67cef
UCL-2025-26-M-0085,UEFA Champions League,2025-26,2025-11-26,21:00,2025-11-26T21:00:00,"League, Matchday 5",league_phase,3,5,,not_applicable,0,0,ucl-paris-saint-germain,ucl-tottenham-hotspur,Paris Saint-Germain,Tottenham Hotspur,Paris Saint-Germain FC,Tottenham Hotspur FC,FRA,ENG,5,3,5,3,1,1,,,Normal Time,H,8,2,1,1609.68,1530.51,144.16,136,47,5-3 (1-1),2025-26/cl.txt,118,abfaeddc2ee3d14f99ecc163c9ddb46cb4d67cef
UCL-2025-26-M-0086,UEFA Champions League,2025-26,2025-11-26,21:00,2025-11-26T21:00:00,"League, Matchday 5",league_phase,3,5,,not_applicable,0,0,ucl-eintracht-frankfurt,ucl-atalanta,Eintracht Frankfurt,Atalanta,Eintracht Frankfurt,Atalanta BC,GER,ITA,0,3,0,3,0,0,,,Normal Time,A,3,-3,0,1489.83,1518.62,36.22,12,37,0-3 (0-0),2025-26/cl.txt,119,abfaeddc2ee3d14f99ecc163c9ddb46cb4d67cef
UCL-2025-26-M-0087,UEFA Champions League,2025-26,2025-11-26,21:00,2025-11-26T21:00:00,"League, Matchday 5",league_phase,3,5,,not_applicable,0,0,ucl-sporting-cp,ucl-club-brugge-kv,Sporting CP,Club Brugge KV,Sporting Clube de Portugal,Club Brugge KV,POR,BEL,3,0,3,0,2,0,,,Normal Time,H,3,3,0,1498.4,1521.42,41.99,46,58,3-0 (2-0),2025-26/cl.txt,120,abfaeddc2ee3d14f99ecc163c9ddb46cb4d67cef
UCL-2025-26-M-0088,UEFA Champions League,2025-26,2025-11-26,21:00,2025-11-26T21:00:00,"League, Matchday 5",league_phase,3,5,,not_applicable,0,0,ucl-arsenal-fc,ucl-bayern-munich,Arsenal FC,Bayern Munich,Arsenal FC,FC Bayern München,ENG,GER,3,1,3,1,1,1,,,Normal Time,H,4,2,1,1602.2,1648.72,18.48,76,163,3-1 (1-1),2025-26/cl.txt,121,abfaeddc2ee3d14f99ecc163c9ddb46cb4d67cef
UCL-2025-26-M-0089,UEFA Champions League,2025-26,2025-11-26,21:00,2025-11-26T21:00:00,"League, Matchday 5",league_phase,3,5,,not_applicable,0,0,ucl-olympiacos,ucl-real-madrid,Olympiacos,Real Madrid,PAE Olympiakos SFP,Real Madrid CF,GRE,ESP,3,4,3,4,1,3,,,Normal Time,A,7,-1,1,1461.85,1627.0,-100.15,54,172,3-4 (1-3),2025-26/cl.txt,122,abfaeddc2ee3d14f99ecc163c9ddb46cb4d67cef
UCL-2025-26-M-0090,UEFA Champions League,2025-26,2025-11-26,21:00,2025-11-26T21:00:00,"League, Matchday 5",league_phase,3,5,,not_applicable,0,0,ucl-atletico-madrid,ucl-inter-milan,Atlético Madrid,Inter Milan,Club Atlético de Madrid,FC Internazionale Milano,ESP,ITA,2,1,2,1,1,0,,,Normal Time,H,3,1,1,1561.54,1631.06,-4.52,119,74,2-1 (1-0),2025-26/cl.txt,123,abfaeddc2ee3d14f99ecc163c9ddb46cb4d67cef
UCL-2025-26-M-0091,UEFA Champions League,2025-26,2025-12-09,16:30,2025-12-09T16:30:00,"League, Matchday 6",league_phase,3,6,,not_applicable,0,0,ucl-fk-kairat,ucl-olympiacos,FK Kairat,Olympiacos,FK Kairat,PAE Olympiakos SFP,KAZ,GRE,0,1,0,1,0,0,,,Normal Time,A,1,-1,0,1476.02,1454.66,86.36,13,55,0-1 (0-0),2025-26/cl.txt,128,abfaeddc2ee3d14f99ecc163c9ddb46cb4d67cef
UCL-2025-26-M-0092,UEFA Champions League,2025-26,2025-12-09,18:45,2025-12-09T18:45:00,"League, Matchday 6",league_phase,3,6,,not_applicable,0,0,ucl-bayern-munich,ucl-sporting-cp,Bayern Munich,Sporting CP,FC Bayern München,Sporting Clube de Portugal,GER,POR,3,1,3,1,0,0,,,Normal Time,H,4,2,1,1639.25,1507.2,197.05,164,47,3-1 (0-0),2025-26/cl.txt,129,abfaeddc2ee3d14f99ecc163c9ddb46cb4d67cef
UCL-2025-26-M-0093,UEFA Champions League,2025-26,2025-12-09,21:00,2025-12-09T21:00:00,"League, Matchday 6",league_phase,3,6,,not_applicable,0,0,ucl-fc-barcelona,ucl-eintracht-frankfurt,FC Barcelona,Eintracht Frankfurt,FC Barcelona,Eintracht Frankfurt,ESP,GER,2,1,2,1,0,1,,,Normal Time,H,3,1,1,1581.74,1478.8,167.95,147,13,2-1 (0-1),2025-26/cl.txt,130,abfaeddc2ee3d14f99ecc163c9ddb46cb4d67cef
UCL-2025-26-M-0094,UEFA Champions League,2025-26,2025-12-09,21:00,2025-12-09T21:00:00,"League, Matchday 6",league_phase,3,6,,not_applicable,0,0,ucl-psv-eindhoven,ucl-atletico-madrid,PSV Eindhoven,Atlético Madrid,PSV,Club Atlético de Madrid,NED,ESP,2,3,2,3,1,1,,,Normal Time,A,5,-1,1,1523.52,1571.67,16.86,45,120,2-3 (1-1),2025-26/cl.txt,131,abfaeddc2ee3d14f99ecc163c9ddb46cb4d67cef
UCL-2025-26-M-0095,UEFA Champions League,2025-26,2025-12-09,21:00,2025-12-09T21:00:00,"League, Matchday 6",league_phase,3,6,,not_applicable,0,0,ucl-union-saint-gilloise,ucl-olympique-marseille,Union Saint-Gilloise,Olympique Marseille,Royale Union Saint-Gilloise,Olympique de Marseille,BEL,FRA,2,3,2,3,1,2,,,Normal Time,A,5,-1,1,1481.24,1466.93,79.31,7,33,2-3 (1-2),2025-26/cl.txt,132,abfaeddc2ee3d14f99ecc163c9ddb46cb4d67cef
UCL-2025-26-M-0096,UEFA Champions League,2025-26,2025-12-09,21:00,2025-12-09T21:00:00,"League, Matchday 6",league_phase,3,6,,not_applicable,0,0,ucl-tottenham-hotspur,ucl-slavia-praha,Tottenham Hotspur,Slavia Praha,Tottenham Hotspur FC,SK Slavia Praha,ENG,CZE,3,0,3,0,1,0,,,Normal Time,H,3,3,0,1524.44,1489.28,100.16,48,15,3-0 (1-0),2025-26/cl.txt,133,abfaeddc2ee3d14f99ecc163c9ddb46cb4d67cef
UCL-2025-26-M-0097,UEFA Champions League,2025-26,2025-12-09,21:00,2025-12-09T21:00:00,"League, Matchday 6",league_phase,3,6,,not_applicable,0,0,ucl-as-monaco,ucl-galatasaray,AS Monaco,Galatasaray,AS Monaco FC,Galatasaray SK,MCO,TUR,1,0,1,0,0,0,,,Normal Time,H,1,1,0,1497.87,1469.67,93.2,49,55,1-0 (0-0),2025-26/cl.txt,134,abfaeddc2ee3d14f99ecc163c9ddb46cb4d67cef
UCL-2025-26-M-0098,UEFA Champions League,2025-26,2025-12-09,21:00,2025-12-09T21:00:00,"League, Matchday 6",league_phase,3,6,,not_applicable,0,0,ucl-atalanta,ucl-chelsea-fc,Atalanta,Chelsea FC,Atalanta BC,Chelsea FC,ITA,ENG,2,1,2,1,0,1,,,Normal Time,H,3,1,1,1529.65,1573.55,21.11,38,101,2-1 (0-1),2025-26/cl.txt,135,abfaeddc2ee3d14f99ecc163c9ddb46cb4d67cef
UCL-2025-26-M-0099,UEFA Champions League,2025-26,2025-12-09,21:00,2025-12-09T21:00:00,"League, Matchday 6",league_phase,3,6,,not_applicable,0,0,ucl-inter-milan,ucl-liverpool-fc,Inter Milan,Liverpool FC,FC Internazionale Milano,Liverpool FC,ITA,ENG,0,1,0,1,0,0,,,Normal Time,A,1,-1,0,1620.93,1600.68,85.24,75,86,0-1 (0-0),2025-26/cl.txt,136,abfaeddc2ee3d14f99ecc163c9ddb46cb4d67cef
UCL-2025-26-M-0100,UEFA Champions League,2025-26,2025-12-10,18:45,2025-12-10T18:45:00,"League, Matchday 6",league_phase,3,6,,not_applicable,0,0,ucl-villarreal-cf,ucl-fc-k-benhavn,Villarreal CF,FC København,Villarreal CF,FC København,ESP,DEN,2,3,2,3,0,1,,,Normal Time,A,5,-1,1,1480.1,1507.08,38.02,23,37,2-3 (0-1),2025-26/cl.txt,138,abfaeddc2ee3d14f99ecc163c9ddb46cb4d67cef
UCL-2025-26-M-0101,UEFA Champions League,2025-26,2025-12-10,18:45,2025-12-10T18:45:00,"League, Matchday 6",league_phase,3,6,,not_applicable,0,0,ucl-qarabag-fk,ucl-afc-ajax,Qarabağ FK,AFC Ajax,Qarabağ Ağdam FK,AFC Ajax,AZE,NED,2,4,2,4,1,1,,,Normal Time,A,6,-2,1,1528.57,1469.88,123.69,23,67,2-4 (1-1),2025-26/cl.txt,139,abfaeddc2ee3d14f99ecc163c9ddb46cb4d67cef
UCL-2025-26-M-0102,UEFA Champions League,2025-26,2025-12-10,21:00,2025-12-10T21:00:00,"League, Matchday 6",league_phase,3,6,,not_applicable,0,0,ucl-borussia-dortmund,ucl-fk-bod-glimt,Borussia Dortmund,FK Bodø/Glimt,Borussia Dortmund,FK Bodø/Glimt,GER,NOR,2,2,2,2,1,1,,,Normal Time,D,4,0,1,1584.94,1491.03,158.91,125,13,2-2 (1-1),2025-26/cl.txt,140,abfaeddc2ee3d14f99ecc163c9ddb46cb4d67cef
UCL-2025-26-M-0103,UEFA Champions League,2025-26,2025-12-10,21:00,2025-12-10T21:00:00,"League, Matchday 6",league_phase,3,6,,not_applicable,0,0,ucl-athletic-club,ucl-paris-saint-germain,Athletic Club,Paris Saint-Germain,Athletic Club,Paris Saint-Germain FC,ESP,FRA,0,0,0,0,,,,,Normal Time,D,0,0,0,1486.71,1615.75,-64.04,11,137,0-0,2025-26/cl.txt,141,abfaeddc2ee3d14f99ecc163c9ddb46cb4d67cef
UCL-2025-26-M-0104,UEFA Champions League,2025-26,2025-12-10,21:00,2025-12-10T21:00:00,"League, Matchday 6",league_phase,3,6,,not_applicable,0,0,ucl-bayer-leverkusen,ucl-newcastle-united-fc,Bayer Leverkusen,Newcastle United FC,Bayer 04 Leverkusen,Newcastle United FC,GER,ENG,2,2,2,2,1,0,,,Normal Time,D,4,0,1,1523.86,1500.15,88.71,65,11,2-2 (1-0),2025-26/cl.txt,142,abfaeddc2ee3d14f99ecc163c9ddb46cb4d67cef
UCL-2025-26-M-0105,UEFA Champions League,2025-26,2025-12-10,21:00,2025-12-10T21:00:00,"League, Matchday 6",league_phase,3,6,,not_applicable,0,0,ucl-club-brugge-kv,ucl-arsenal-fc,Club Brugge KV,Arsenal FC,Club Brugge KV,Arsenal FC,BEL,ENG,0,3,0,3,0,1,,,Normal Time,A,3,-3,0,1512.62,1611.67,-34.05,59,77,0-3 (0-1),2025-26/cl.txt,143,abfaeddc2ee3d14f99ecc163c9ddb46cb4d67cef
UCL-2025-26-M-0106,UEFA Champions League,2025-26,2025-12-10,21:00,2025-12-10T21:00:00,"League, Matchday 6",league_phase,3,6,,not_applicable,0,0,ucl-benfica,ucl-ssc-napoli,Benfica,SSC Napoli,Sport Lisboa e Benfica,SSC Napoli,POR,ITA,2,0,2,0,1,0,,,Normal Time,H,2,2,0,1511.57,1534.05,42.52,111,65,2-0 (1-0),2025-26/cl.txt,144,abfaeddc2ee3d14f99ecc163c9ddb46cb4d67cef
UCL-2025-26-M-0107,UEFA Champions League,2025-26,2025-12-10,21:00,2025-12-10T21:00:00,"League, Matchday 6",league_phase,3,6,,not_applicable,0,0,ucl-juventus,ucl-pafos-fc,Juventus,Pafos FC,Juventus FC,Paphos FC,ITA,CYP,2,0,2,0,0,0,,,Normal Time,H,2,2,0,1533.87,1531.01,67.86,115,11,2-0 (0-0),2025-26/cl.txt,145,abfaeddc2ee3d14f99ecc163c9ddb46cb4d67cef
UCL-2025-26-M-0108,UEFA Champions League,2025-26,2025-12-10,21:00,2025-12-10T21:00:00,"League, Matchday 6",league_phase,3,6,,not_applicable,0,0,ucl-real-madrid,ucl-manchester-city,Real Madrid,Manchester City,Real Madrid CF,Manchester City FC,ESP,ENG,1,2,1,2,1,2,,,Normal Time,A,3,-1,1,1634.2,1603.68,95.51,173,140,1-2 (1-2),2025-26/cl.txt,146,abfaeddc2ee3d14f99ecc163c9ddb46cb4d67cef
UCL-2025-26-M-0109,UEFA Champions League,2025-26,2026-01-20,16:30,2026-01-20T16:30:00,"League, Matchday 7",league_phase,3,7,,not_applicable,0,0,ucl-fk-kairat,ucl-club-brugge-kv,FK Kairat,Club Brugge KV,FK Kairat,Club Brugge KV,KAZ,BEL,1,4,1,4,0,2,,,Normal Time,A,5,-3,1,1463.58,1503.6,24.98,14,60,1-4 (0-2),2025-26/cl.txt,151,abfaeddc2ee3d14f99ecc163c9ddb46cb4d67cef
UCL-2025-26-M-0110,UEFA Champions League,2025-26,2026-01-20,18:45,2026-01-20T18:45:00,"League, Matchday 7",league_phase,3,7,,not_applicable,0,0,ucl-fk-bod-glimt,ucl-manchester-city,FK Bodø/Glimt,Manchester City,FK Bodø/Glimt,Manchester City FC,NOR,ENG,3,1,3,1,2,0,,,Normal Time,H,4,2,1,1495.31,1616.37,-56.06,14,141,3-1 (2-0),2025-26/cl.txt,152,abfaeddc2ee3d14f99ecc163c9ddb46cb4d67cef
UCL-2025-26-M-0111,UEFA Champions League,2025-26,2026-01-20,21:00,2026-01-20T21:00:00,"League, Matchday 7",league_phase,3,7,,not_applicable,0,0,ucl-tottenham-hotspur,ucl-borussia-dortmund,Tottenham Hotspur,Borussia Dortmund,Tottenham Hotspur FC,Borussia Dortmund,ENG,GER,2,0,2,0,2,0,,,Normal Time,H,2,2,0,1531.63,1580.66,15.98,49,126,2-0 (2-0),2025-26/cl.txt,153,abfaeddc2ee3d14f99ecc163c9ddb46cb4d67cef
UCL-2025-26-M-0112,UEFA Champions League,2025-26,2026-01-20,21:00,2026-01-20T21:00:00,"League, Matchday 7",league_phase,3,7,,not_applicable,0,0,ucl-sporting-cp,ucl-paris-saint-germain,Sporting CP,Paris Saint-Germain,Sporting Clube de Portugal,Paris Saint-Germain FC,POR,FRA,2,1,2,1,0,0,,,Normal Time,H,3,1,1,1502.33,1613.93,-46.59,48,138,2-1 (0-0),2025-26/cl.txt,154,abfaeddc2ee3d14f99ecc163c9ddb46cb4d67cef
UCL-2025-26-M-0113,UEFA Champions League,2025-26,2026-01-20,21:00,2026-01-20T21:00:00,"League, Matchday 7",league_phase,3,7,,not_applicable,0,0,ucl-olympiacos,ucl-bayer-leverkusen,Olympiacos,Bayer Leverkusen,PAE Olympiakos SFP,Bayer 04 Leverkusen,GRE,GER,2,0,2,0,2,0,,,Normal Time,H,2,2,0,1467.09,1521.36,10.73,56,66,2-0 (2-0),2025-26/cl.txt,155,abfaeddc2ee3d14f99ecc163c9ddb46cb4d67cef
UCL-2025-26-M-0114,UEFA Champions League,2025-26,2026-01-20,21:00,2026-01-20T21:00:00,"League, Matchday 7",league_phase,3,7,,not_applicable,0,0,ucl-villarreal-cf,ucl-afc-ajax,Villarreal CF,AFC Ajax,Villarreal CF,AFC Ajax,ESP,NED,1,2,1,2,0,0,,,Normal Time,A,3,-1,1,1469.01,1483.3,50.72,24,68,1-2 (0-0),2025-26/cl.txt,156,abfaeddc2ee3d14f99ecc163c9ddb46cb4d67cef
UCL-2025-26-M-0115,UEFA Champions League,2025-26,2026-01-20,21:00,2026-01-20T21:00:00,"League, Matchday 7",league_phase,3,7,,not_applicable,0,0,ucl-fc-k-benhavn,ucl-ssc-napoli,FC København,SSC Napoli,FC København,SSC Napoli,DEN,ITA,1,1,1,1,0,1,,,Normal Time,D,2,0,1,1518.17,1525.27,57.9,38,66,1-1 (0-1),2025-26/cl.txt,157,abfaeddc2ee3d14f99ecc163c9ddb46cb4d67cef
UCL-2025-26-M-0116,UEFA Champions League,2025-26,2026-01-20,21:00,2026-01-20T21:00:00,"League, Matchday 7",league_phase,3,7,,not_applicable,0,0,ucl-real-madrid,ucl-as-monaco,Real Madrid,AS Monaco,Real Madrid CF,AS Monaco FC,ESP,MCO,6,1,6,1,2,0,,,Normal Time,H,7,5,1,1621.51,1505.25,181.27,174,50,6-1 (2-0),2025-26/cl.txt,158,abfaeddc2ee3d14f99ecc163c9ddb46cb4d67cef
UCL-2025-26-M-0117,UEFA Champions League,2025-26,2026-01-20,21:00,2026-01-20T21:00:00,"League, Matchday 7",league_phase,3,7,,not_applicable,0,0,ucl-inter-milan,ucl-arsenal-fc,Inter Milan,Arsenal FC,FC Internazionale Milano,Arsenal FC,ITA,ENG,1,3,1,3,1,2,,,Normal Time,A,4,-2,1,1608.52,1620.69,52.83,76,78,1-3 (1-2),2025-26/cl.txt,159,abfaeddc2ee3d14f99ecc163c9ddb46cb4d67cef
UCL-2025-26-M-0118,UEFA Champions League,2025-26,2026-01-21,18:45,2026-01-21T18:45:00,"League, Matchday 7",league_phase,3,7,,not_applicable,0,0,ucl-qarabag-fk,ucl-eintracht-frankfurt,Qarabağ FK,Eintracht Frankfurt,Qarabağ Ağdam FK,Eintracht Frankfurt,AZE,GER,3,2,3,2,1,1,,,Normal Time,H,5,1,1,1515.16,1473.29,106.87,24,14,3-2 (1-1),2025-26/cl.txt,161,abfaeddc2ee3d14f99ecc163c9ddb46cb4d67cef
UCL-2025-26-M-0119,UEFA Champions League,2025-26,2026-01-21,18:45,2026-01-21T18:45:00,"League, Matchday 7",league_phase,3,7,,not_applicable,0,0,ucl-galatasaray,ucl-atletico-madrid,Galatasaray,Atlético Madrid,Galatasaray SK,Club Atlético de Madrid,TUR,ESP,1,1,1,1,1,1,,,Normal Time,D,2,0,1,1462.29,1582.15,-54.87,56,121,1-1 (1-1),2025-26/cl.txt,162,abfaeddc2ee3d14f99ecc163c9ddb46cb4d67cef
UCL-2025-26-M-0120,UEFA Champions League,2025-26,2026-01-21,21:00,2026-01-21T21:00:00,"League, Matchday 7",league_phase,3,7,,not_applicable,0,0,ucl-olympique-marseille,ucl-liverpool-fc,Olympique Marseille,Liverpool FC,Olympique de Marseille,Liverpool FC,FRA,ENG,0,3,0,3,0,1,,,Normal Time,A,3,-3,0,1479.17,1613.09,-68.91,34,87,0-3 (0-1),2025-26/cl.txt,163,abfaeddc2ee3d14f99ecc163c9ddb46cb4d67cef
UCL-2025-26-M-0121,UEFA Champions League,2025-26,2026-01-21,21:00,2026-01-21T21:00:00,"League, Matchday 7",league_phase,3,7,,not_applicable,0,0,ucl-slavia-praha,ucl-fc-barcelona,Slavia Praha,FC Barcelona,SK Slavia Praha,FC Barcelona,CZE,ESP,2,4,2,4,2,2,,,Normal Time,A,6,-2,1,1482.08,1587.25,-40.17,16,148,2-4 (2-2),2025-26/cl.txt,164,abfaeddc2ee3d14f99ecc163c9ddb46cb4d67cef
UCL-2025-26-M-0122,UEFA Champions League,2025-26,2026-01-21,21:00,2026-01-21T21:00:00,"League, Matchday 7",league_phase,3,7,,not_applicable,0,0,ucl-atalanta,ucl-athletic-club,Atalanta,Athletic Club,Atalanta BC,Athletic Club,ITA,ESP,2,3,2,3,1,0,,,Normal Time,A,5,-1,1,1539.05,1488.53,115.51,39,12,2-3 (1-0),2025-26/cl.txt,165,abfaeddc2ee3d14f99ecc163c9ddb46cb4d67cef
UCL-2025-26-M-0123,UEFA Champions League,2025-26,2026-01-21,21:00,2026-01-21T21:00:00,"League, Matchday 7",league_phase,3,7,,not_applicable,0,0,ucl-juventus,ucl-benfica,Juventus,Benfica,Juventus FC,Sport Lisboa e Benfica,ITA,POR,2,0,2,0,0,0,,,Normal Time,H,2,2,0,1541.94,1520.35,86.59,116,112,2-0 (0-0),2025-26/cl.txt,166,abfaeddc2ee3d14f99ecc163c9ddb46cb4d67cef
UCL-2025-26-M-0124,UEFA Champions League,2025-26,2026-01-21,21:00,2026-01-21T21:00:00,"League, Matchday 7",league_phase,3,7,,not_applicable,0,0,ucl-newcastle-united-fc,ucl-psv-eindhoven,Newcastle United FC,PSV Eindhoven,Newcastle United FC,PSV,ENG,NED,3,0,3,0,2,0,,,Normal Time,H,3,3,0,1502.65,1513.04,54.62,12,46,3-0 (2-0),2025-26/cl.txt,167,abfaeddc2ee3d14f99ecc163c9ddb46cb4d67cef
UCL-2025-26-M-0125,UEFA Champions League,2025-26,2026-01-21,21:00,2026-01-21T21:00:00,"League, Matchday 7",league_phase,3,7,,not_applicable,0,0,ucl-bayern-munich,ucl-union-saint-gilloise,Bayern Munich,Union Saint-Gilloise,FC Bayern München,Royale Union Saint-Gilloise,GER,BEL,2,0,2,0,0,0,,,Normal Time,H,2,2,0,1644.12,1468.99,240.13,165,8,2-0 (0-0),2025-26/cl.txt,168,abfaeddc2ee3d14f99ecc163c9ddb46cb4d67cef
UCL-2025-26-M-0126,UEFA Champions League,2025-26,2026-01-21,21:00,2026-01-21T21:00:00,"League, Matchday 7",league_phase,3,7,,not_applicable,0,0,ucl-chelsea-fc,ucl-pafos-fc,Chelsea FC,Pafos FC,Chelsea FC,Paphos FC,ENG,CYP,1,0,1,0,0,0,,,Normal Time,H,1,1,0,1564.16,1522.93,106.22,102,12,1-0 (0-0),2025-26/cl.txt,169,abfaeddc2ee3d14f99ecc163c9ddb46cb4d67cef
UCL-2025-26-M-0127,UEFA Champions League,2025-26,2026-01-28,21:00,2026-01-28T21:00:00,"League, Matchday 8",league_phase,3,8,,not_applicable,0,0,ucl-liverpool-fc,ucl-qarabag-fk,Liverpool FC,Qarabağ FK,Liverpool FC,Qarabağ Ağdam FK,ENG,AZE,6,0,6,0,2,0,,,Normal Time,H,6,6,0,1621.13,1522.17,163.95,88,25,6-0 (2-0),2025-26/cl.txt,174,abfaeddc2ee3d14f99ecc163c9ddb46cb4d67cef
UCL-2025-26-M-0128,UEFA Champions League,2025-26,2026-01-28,21:00,2026-01-28T21:00:00,"League, Matchday 8",league_phase,3,8,,not_applicable,0,0,ucl-fc-barcelona,ucl-fc-k-benhavn,FC Barcelona,FC København,FC Barcelona,FC København,ESP,DEN,4,1,4,1,0,1,,,Normal Time,H,5,3,1,1596.1,1516.52,144.58,149,39,4-1 (0-1),2025-26/cl.txt,175,abfaeddc2ee3d14f99ecc163c9ddb46cb4d67cef
UCL-2025-26-M-0129,UEFA Champions League,2025-26,2026-01-28,21:00,2026-01-28T21:00:00,"League, Matchday 8",league_phase,3,8,,not_applicable,0,0,ucl-manchester-city,ucl-galatasaray,Manchester City,Galatasaray,Manchester City FC,Galatasaray SK,ENG,TUR,2,0,2,0,2,0,,,Normal Time,H,2,2,0,1604.77,1463.85,205.92,142,57,2-0 (2-0),2025-26/cl.txt,176,abfaeddc2ee3d14f99ecc163c9ddb46cb4d67cef
UCL-2025-26-M-0130,UEFA Champions League,2025-26,2026-01-28,21:00,2026-01-28T21:00:00,"League, Matchday 8",league_phase,3,8,,not_applicable,0,0,ucl-bayer-leverkusen,ucl-villarreal-cf,Bayer Leverkusen,Villarreal CF,Bayer 04 Leverkusen,Villarreal CF,GER,ESP,3,0,3,0,2,0,,,Normal Time,H,3,3,0,1511.67,1457.56,119.11,67,25,3-0 (2-0),2025-26/cl.txt,177,abfaeddc2ee3d14f99ecc163c9ddb46cb4d67cef
UCL-2025-26-M-0131,UEFA Champions League,2025-26,2026-01-28,21:00,2026-01-28T21:00:00,"League, Matchday 8",league_phase,3,8,,not_applicable,0,0,ucl-arsenal-fc,ucl-fk-kairat,Arsenal FC,FK Kairat,Arsenal FC,FK Kairat,ENG,KAZ,3,2,3,2,3,1,,,Normal Time,H,5,1,1,1632.2,1452.86,244.34,79,15,3-2 (3-1),2025-26/cl.txt,178,abfaeddc2ee3d14f99ecc163c9ddb46cb4d67cef
UCL-2025-26-M-0132,UEFA Champions League,2025-26,2026-01-28,21:00,2026-01-28T21:00:00,"League, Matchday 8",league_phase,3,8,,not_applicable,0,0,ucl-union-saint-gilloise,ucl-atalanta,Union Saint-Gilloise,Atalanta,Royale Union Saint-Gilloise,Atalanta BC,BEL,ITA,1,0,1,0,0,0,,,Normal Time,H,1,1,0,1464.98,1525.84,4.14,9,40,1-0 (0-0),2025-26/cl.txt,179,abfaeddc2ee3d14f99ecc163c9ddb46cb4d67cef
UCL-2025-26-M-0133,UEFA Champions League,2025-26,2026-01-28,21:00,2026-01-28T21:00:00,"League, Matchday 8",league_phase,3,8,,not_applicable,0,0,ucl-club-brugge-kv,ucl-olympique-marseille,Club Brugge KV,Olympique Marseille,Club Brugge KV,Olympique de Marseille,BEL,FRA,3,0,3,0,2,0,,,Normal Time,H,3,3,0,1514.32,1471.13,108.18,61,35,3-0 (2-0),2025-26/cl.txt,180,abfaeddc2ee3d14f99ecc163c9ddb46cb4d67cef
UCL-2025-26-M-0134,UEFA Champions League,2025-26,2026-01-28,21:00,2026-01-28T21:00:00,"League, Matchday 8",league_phase,3,8,,not_applicable,0,0,ucl-eintracht-frankfurt,ucl-tottenham-hotspur,Eintracht Frankfurt,Tottenham Hotspur,Eintracht Frankfurt,Tottenham Hotspur FC,GER,ENG,0,2,0,2,0,0,,,Normal Time,A,2,-2,0,1466.27,1541.17,-9.91,15,50,0-2 (0-0),2025-26/cl.txt,181,abfaeddc2ee3d14f99ecc163c9ddb46cb4d67cef
UCL-2025-26-M-0135,UEFA Champions League,2025-26,2026-01-28,21:00,2026-01-28T21:00:00,"League, Matchday 8",league_phase,3,8,,not_applicable,0,0,ucl-as-monaco,ucl-juventus,AS Monaco,Juventus,AS Monaco FC,Juventus FC,MCO,ITA,0,0,0,0,,,,,Normal Time,D,0,0,0,1500.04,1549.5,15.54,51,117,0-0,2025-26/cl.txt,182,abfaeddc2ee3d14f99ecc163c9ddb46cb4d67cef
UCL-2025-26-M-0136,UEFA Champions League,2025-26,2026-01-28,21:00,2026-01-28T21:00:00,"League, Matchday 8",league_phase,3,8,,not_applicable,0,0,ucl-atletico-madrid,ucl-fk-bod-glimt,Atlético Madrid,FK Bodø/Glimt,Club Atlético de Madrid,FK Bodø/Glimt,ESP,NOR,1,2,1,2,1,1,,,Normal Time,A,3,-1,1,1580.58,1506.91,138.67,122,15,1-2 (1-1),2025-26/cl.txt,183,abfaeddc2ee3d14f99ecc163c9ddb46cb4d67cef
UCL-2025-26-M-0137,UEFA Champions League,2025-26,2026-01-28,21:00,2026-01-28T21:00:00,"League, Matchday 8",league_phase,3,8,,not_applicable,0,0,ucl-athletic-club,ucl-sporting-cp,Athletic Club,Sporting CP,Athletic Club,Sporting Clube de Portugal,ESP,POR,2,3,2,3,2,1,,,Normal Time,A,5,-1,1,1501.74,1513.67,53.07,13,49,2-3 (2-1),2025-26/cl.txt,184,abfaeddc2ee3d14f99ecc163c9ddb46cb4d67cef
UCL-2025-26-M-0138,UEFA Champions League,2025-26,2026-01-28,21:00,2026-01-28T21:00:00,"League, Matchday 8",league_phase,3,8,,not_applicable,0,0,ucl-afc-ajax,ucl-olympiacos,AFC Ajax,Olympiacos,AFC Ajax,PAE Olympiakos SFP,NED,GRE,1,2,1,2,0,0,,,Normal Time,A,3,-1,1,1494.75,1476.78,82.96,69,57,1-2 (0-0),2025-26/cl.txt,185,abfaeddc2ee3d14f99ecc163c9ddb46cb4d67cef
UCL-2025-26-M-0139,UEFA Champions League,2025-26,2026-01-28,21:00,2026-01-28T21:00:00,"League, Matchday 8",league_phase,3,8,,not_applicable,0,0,ucl-paris-saint-germain,ucl-newcastle-united-fc,Paris Saint-Germain,Newcastle United FC,Paris Saint-Germain FC,Newcastle United FC,FRA,ENG,1,1,1,1,1,1,,,Normal Time,D,2,0,1,1602.59,1511.09,156.5,139,13,1-1 (1-1),2025-26/cl.txt,186,abfaeddc2ee3d14f99ecc163c9ddb46cb4d67cef
UCL-2025-26-M-0140,UEFA Champions League,2025-26,2026-01-28,21:00,2026-01-28T21:00:00,"League, Matchday 8",league_phase,3,8,,not_applicable,0,0,ucl-pafos-fc,ucl-slavia-praha,Pafos FC,Slavia Praha,Paphos FC,SK Slavia Praha,CYP,CZE,4,1,4,1,1,1,,,Normal Time,H,5,3,1,1515.9,1473.23,107.67,13,17,4-1 (1-1),2025-26/cl.txt,187,abfaeddc2ee3d14f99ecc163c9ddb46cb4d67cef
UCL-2025-26-M-0141,UEFA Champions League,2025-26,2026-01-28,21:00,2026-01-28T21:00:00,"League, Matchday 8",league_phase,3,8,,not_applicable,0,0,ucl-psv-eindhoven,ucl-bayern-munich,PSV Eindhoven,Bayern Munich,PSV,FC Bayern München,NED,GER,1,2,1,2,0,0,,,Normal Time,A,3,-1,1,1504.6,1648.13,-78.53,47,166,1-2 (0-0),2025-26/cl.txt,188,abfaeddc2ee3d14f99ecc163c9ddb46cb4d67cef
UCL-2025-26-M-0142,UEFA Champions League,2025-26,2026-01-28,21:00,2026-01-28T21:00:00,"League, Matchday 8",league_phase,3,8,,not_applicable,0,0,ucl-ssc-napoli,ucl-chelsea-fc,SSC Napoli,Chelsea FC,SSC Napoli,Chelsea FC,ITA,ENG,2,3,2,3,2,1,,,Normal Time,A,5,-1,1,1526.92,1571.19,20.73,67,103,2-3 (2-1),2025-26/cl.txt,189,abfaeddc2ee3d14f99ecc163c9ddb46cb4d67cef
UCL-2025-26-M-0143,UEFA Champions League,2025-26,2026-01-28,21:00,2026-01-28T21:00:00,"League, Matchday 8",league_phase,3,8,,not_applicable,0,0,ucl-benfica,ucl-real-madrid,Benfica,Real Madrid,Sport Lisboa e Benfica,Real Madrid CF,POR,ESP,4,2,4,2,2,1,,,Normal Time,H,6,2,1,1512.8,1626.72,-48.93,113,175,4-2 (2-1),2025-26/cl.txt,190,abfaeddc2ee3d14f99ecc163c9ddb46cb4d67cef
UCL-2025-26-M-0144,UEFA Champions League,2025-26,2026-01-28,21:00,2026-01-28T21:00:00,"League, Matchday 8",league_phase,3,8,,not_applicable,0,0,ucl-borussia-dortmund,ucl-inter-milan,Borussia Dortmund,Inter Milan,Borussia Dortmund,FC Internazionale Milano,GER,ITA,0,2,0,2,0,0,,,Normal Time,A,2,-2,0,1571.12,1597.01,39.11,127,77,0-2 (0-0),2025-26/cl.txt,191,abfaeddc2ee3d14f99ecc163c9ddb46cb4d67cef
UCL-2025-26-M-0145,UEFA Champions League,2025-26,2026-02-17,18:45,2026-02-17T18:45:00,"Playoffs, Matchday 1",playoff,4,1,,1,0,0,ucl-galatasaray,ucl-juventus,Galatasaray,Juventus,Galatasaray SK,Juventus FC,TUR,ITA,5,2,5,2,1,2,,,Normal Time,H,7,3,1,1459.17,1549.95,-25.78,58,118,5-2 (1-2),2025-26/cl.txt,196,abfaeddc2ee3d14f99ecc163c9ddb46cb4d67cef
UCL-2025-26-M-0146,UEFA Champions League,2025-26,2026-02-17,21:00,2026-02-17T21:00:00,"Playoffs, Matchday 1",playoff,4,1,,1,0,0,ucl-benfica,ucl-real-madrid,Benfica,Real Madrid,Sport Lisboa e Benfica,Real Madrid CF,POR,ESP,0,1,0,1,0,0,,,Normal Time,A,1,-1,0,1524.2,1615.33,-26.13,114,176,0-1 (0-0),2025-26/cl.txt,197,abfaeddc2ee3d14f99ecc163c9ddb46cb4d67cef
UCL-2025-26-M-0147,UEFA Champions League,2025-26,2026-02-17,21:00,2026-02-17T21:00:00,"Playoffs, Matchday 1",playoff,4,1,,1,0,0,ucl-as-monaco,ucl-paris-saint-germain,AS Monaco,Paris Saint-Germain,AS Monaco FC,Paris Saint-Germain FC,MCO,FRA,2,3,2,3,2,2,,,Normal Time,A,5,-1,1,1499.59,1598.37,-33.78,52,140,2-3 (2-2),2025-26/cl.txt,198,abfaeddc2ee3d14f99ecc163c9ddb46cb4d67cef
UCL-2025-26-M-0148,UEFA Champions League,2025-26,2026-02-17,21:15,2026-02-17T21:15:00,"Playoffs, Matchday 1",playoff,4,1,,1,0,0,ucl-borussia-dortmund,ucl-atalanta,Borussia Dortmund,Atalanta,Borussia Dortmund,Atalanta BC,GER,ITA,2,0,2,0,2,0,,,Normal Time,H,2,2,0,1560.0,1515.96,109.04,128,41,2-0 (2-0),2025-26/cl.txt,199,abfaeddc2ee3d14f99ecc163c9ddb46cb4d67cef
UCL-2025-26-M-0149,UEFA Champions League,2025-26,2026-02-18,18:45,2026-02-18T18:45:00,"Playoffs, Matchday 1",playoff,4,1,,1,0,0,ucl-qarabag-fk,ucl-newcastle-united-fc,Qarabağ FK,Newcastle United FC,Qarabağ Ağdam FK,Newcastle United FC,AZE,ENG,1,6,1,6,0,5,,,Normal Time,A,7,-5,1,1516.57,1515.32,66.25,26,14,1-6 (0-5),2025-26/cl.txt,201,abfaeddc2ee3d14f99ecc163c9ddb46cb4d67cef
UCL-2025-26-M-0150,UEFA Champions League,2025-26,2026-02-18,21:00,2026-02-18T21:00:00,"Playoffs, Matchday 1",playoff,4,1,,1,0,0,ucl-club-brugge-kv,ucl-atletico-madrid,Club Brugge KV,Atlético Madrid,Club Brugge KV,Club Atlético de Madrid,BEL,ESP,3,3,3,3,0,2,,,Normal Time,D,6,0,1,1521.3,1566.79,19.51,62,123,3-3 (0-2),2025-26/cl.txt,202,abfaeddc2ee3d14f99ecc163c9ddb46cb4d67cef
UCL-2025-26-M-0151,UEFA Champions League,2025-26,2026-02-18,21:00,2026-02-18T21:00:00,"Playoffs, Matchday 1",playoff,4,1,,1,0,0,ucl-olympiacos,ucl-bayer-leverkusen,Olympiacos,Bayer Leverkusen,PAE Olympiakos SFP,Bayer 04 Leverkusen,GRE,GER,0,2,0,2,0,0,,,Normal Time,A,2,-2,0,1489.13,1518.37,35.76,58,68,0-2 (0-0),2025-26/cl.txt,203,abfaeddc2ee3d14f99ecc163c9ddb46cb4d67cef
UCL-2025-26-M-0152,UEFA Champions League,2025-26,2026-02-18,21:00,2026-02-18T21:00:00,"Playoffs, Matchday 1",playoff,4,1,,1,0,0,ucl-fk-bod-glimt,ucl-inter-milan,FK Bodø/Glimt,Inter Milan,FK Bodø/Glimt,FC Internazionale Milano,NOR,ITA,3,1,3,1,1,1,,,Normal Time,H,4,2,1,1520.7,1608.13,-22.43,16,78,3-1 (1-1),2025-26/cl.txt,204,abfaeddc2ee3d14f99ecc163c9ddb46cb4d67cef
UCL-2025-26-M-0153,UEFA Champions League,2025-26,2026-02-24,18:45,2026-02-24T18:45:00,"Playoffs, Matchday 2",playoff,4,2,,2,0,0,ucl-atletico-madrid,ucl-club-brugge-kv,Atlético Madrid,Club Brugge KV,Club Atlético de Madrid,Club Brugge KV,ESP,BEL,4,1,4,1,1,1,,,Normal Time,H,5,3,1,1567.35,1520.74,111.62,124,63,4-1 (1-1),2025-26/cl.txt,209,abfaeddc2ee3d14f99ecc163c9ddb46cb4d67cef
UCL-2025-26-M-0154,UEFA Champions League,2025-26,2026-02-24,21:00,2026-02-24T21:00:00,"Playoffs, Matchday 2",playoff,4,2,,2,0,0,ucl-newcastle-united-fc,ucl-qarabag-fk,Newcastle United FC,Qarabağ FK,Newcastle United FC,Qarabağ Ağdam FK,ENG,AZE,3,2,3,2,2,0,,,Normal Time,H,5,1,1,1527.2,1504.69,87.51,15,27,3-2 (2-0),2025-26/cl.txt,210,abfaeddc2ee3d14f99ecc163c9ddb46cb4d67cef
UCL-2025-26-M-0155,UEFA Champions League,2025-26,2026-02-24,21:00,2026-02-24T21:00:00,"Playoffs, Matchday 2",playoff,4,2,,2,0,0,ucl-bayer-leverkusen,ucl-olympiacos,Bayer Leverkusen,Olympiacos,Bayer 04 Leverkusen,PAE Olympiakos SFP,GER,GRE,0,0,0,0,,,,,Normal Time,D,0,0,0,1529.4,1478.1,116.29,69,59,0-0,2025-26/cl.txt,211,abfaeddc2ee3d14f99ecc163c9ddb46cb4d67cef
UCL-2025-26-M-0156,UEFA Champions League,2025-26,2026-02-24,21:00,2026-02-24T21:00:00,"Playoffs, Matchday 2",playoff,4,2,,2,0,0,ucl-inter-milan,ucl-fk-bod-glimt,Inter Milan,FK Bodø/Glimt,FC Internazionale Milano,FK Bodø/Glimt,ITA,NOR,1,2,1,2,0,0,,,Normal Time,A,3,-1,1,1597.49,1531.35,131.14,79,17,1-2 (0-0),2025-26/cl.txt,212,abfaeddc2ee3d14f99ecc163c9ddb46cb4d67cef
UCL-2025-26-M-0157,UEFA Champions League,2025-26,2026-02-25,18:45,2026-02-25T18:45:00,"Playoffs, Matchday 2",playoff,4,2,,2,0,0,ucl-atalanta,ucl-borussia-dortmund,Atalanta,Borussia Dortmund,Atalanta BC,Borussia Dortmund,ITA,GER,4,1,4,1,2,0,,,Normal Time,H,5,3,1,1509.0,1566.96,7.04,42,129,4-1 (2-0),2025-26/cl.txt,214,abfaeddc2ee3d14f99ecc163c9ddb46cb4d67cef
UCL-2025-26-M-0158,UEFA Champions League,2025-26,2026-02-25,21:00,2026-02-25T21:00:00,"Playoffs, Matchday 2",playoff,4,2,,2,0,0,ucl-real-madrid,ucl-benfica,Real Madrid,Benfica,Real Madrid CF,Sport Lisboa e Benfica,ESP,POR,2,1,2,1,1,1,,,Normal Time,H,3,1,1,1624.57,1514.95,174.63,177,115,2-1 (1-1),2025-26/cl.txt,215,abfaeddc2ee3d14f99ecc163c9ddb46cb4d67cef
UCL-2025-26-M-0159,UEFA Champions League,2025-26,2026-02-25,21:00,2026-02-25T21:00:00,"Playoffs, Matchday 2",playoff,4,2,,2,0,0,ucl-paris-saint-germain,ucl-as-monaco,Paris Saint-Germain,AS Monaco,Paris Saint-Germain FC,AS Monaco FC,FRA,MCO,2,2,2,2,0,1,,,Normal Time,D,4,0,1,1607.4,1490.56,181.84,141,53,2-2 (0-1),2025-26/cl.txt,216,abfaeddc2ee3d14f99ecc163c9ddb46cb4d67cef
UCL-2025-26-M-0160,UEFA Champions League,2025-26,2026-02-25,21:00,2026-02-25T21:00:00,"Playoffs, Matchday 2",playoff,4,2,,2,0,0,ucl-juventus,ucl-galatasaray,Juventus,Galatasaray,Juventus FC,Galatasaray SK,ITA,TUR,3,0,3,2,1,0,,,Extra Time,H,3,3,0,1539.21,1469.91,134.3,119,59,"3-2 a.e.t. (3-0, 1-0)",2025-26/cl.txt,217,abfaeddc2ee3d14f99ecc163c9ddb46cb4d67cef
UCL-2025-26-M-0161,UEFA Champions League,2025-26,2026-03-10,18:45,2026-03-10T18:45:00,"Finals, Round of 16",round_of_16,5,,,1,0,0,ucl-galatasaray,ucl-liverpool-fc,Galatasaray,Liverpool FC,Galatasaray SK,Liverpool FC,TUR,ENG,1,0,1,0,1,0,,,Normal Time,H,1,1,0,1463.59,1626.73,-98.14,60,89,1-0 (1-0),2025-26/cl.txt,222,abfaeddc2ee3d14f99ecc163c9ddb46cb4d67cef
UCL-2025-26-M-0162,UEFA Champions League,2025-26,2026-03-10,21:00,2026-03-10T21:00:00,"Finals, Round of 16",round_of_16,5,,,1,0,0,ucl-atalanta,ucl-bayern-munich,Atalanta,Bayern Munich,Atalanta BC,FC Bayern München,ITA,GER,1,6,1,6,0,3,,,Normal Time,A,7,-5,1,1518.8,1655.91,-72.11,43,167,1-6 (0-3),2025-26/cl.txt,223,abfaeddc2ee3d14f99ecc163c9ddb46cb4d67cef
UCL-2025-26-M-0163,UEFA Champions League,2025-26,2026-03-10,21:00,2026-03-10T21:00:00,"Finals, Round of 16",round_of_16,5,,,1,0,0,ucl-newcastle-united-fc,ucl-fc-barcelona,Newcastle United FC,FC Barcelona,Newcastle United FC,FC Barcelona,ENG,ESP,1,1,1,1,0,0,,,Normal Time,D,2,0,1,1534.73,1602.17,-2.43,16,150,1-1 (0-0),2025-26/cl.txt,224,abfaeddc2ee3d14f99ecc163c9ddb46cb4d67cef
UCL-2025-26-M-0164,UEFA Champions League,2025-26,2026-03-10,21:00,2026-03-10T21:00:00,"Finals, Round of 16",round_of_16,5,,,1,0,0,ucl-atletico-madrid,ucl-tottenham-hotspur,Atlético Madrid,Tottenham Hotspur,Club Atlético de Madrid,Tottenham Hotspur FC,ESP,ENG,5,2,5,2,4,1,,,Normal Time,H,7,3,1,1574.25,1550.89,88.36,125,51,5-2 (4-1),2025-26/cl.txt,225,abfaeddc2ee3d14f99ecc163c9ddb46cb4d67cef
UCL-2025-26-M-0165,UEFA Champions League,2025-26,2026-03-11,18:45,2026-03-11T18:45:00,"Finals, Round of 16",round_of_16,5,,,1,0,0,ucl-bayer-leverkusen,ucl-arsenal-fc,Bayer Leverkusen,Arsenal FC,Bayer 04 Leverkusen,Arsenal FC,GER,ENG,1,1,1,1,0,0,,,Normal Time,D,2,0,1,1526.17,1636.14,-44.97,70,80,1-1 (0-0),2025-26/cl.txt,227,abfaeddc2ee3d14f99ecc163c9ddb46cb4d67cef
UCL-2025-26-M-0166,UEFA Champions League,2025-26,2026-03-11,21:00,2026-03-11T21:00:00,"Finals, Round of 16",round_of_16,5,,,1,0,0,ucl-paris-saint-germain,ucl-chelsea-fc,Paris Saint-Germain,Chelsea FC,Paris Saint-Germain FC,Chelsea FC,FRA,ENG,5,2,5,2,2,1,,,Normal Time,H,7,3,1,1602.6,1581.79,85.81,142,104,5-2 (2-1),2025-26/cl.txt,228,abfaeddc2ee3d14f99ecc163c9ddb46cb4d67cef
UCL-2025-26-M-0167,UEFA Champions League,2025-26,2026-03-11,21:00,2026-03-11T21:00:00,"Finals, Round of 16",round_of_16,5,,,1,0,0,ucl-real-madrid,ucl-manchester-city,Real Madrid,Manchester City,Real Madrid CF,Manchester City FC,ESP,ENG,3,0,3,0,3,0,,,Normal Time,H,3,3,0,1629.93,1609.45,85.48,178,143,3-0 (3-0),2025-26/cl.txt,229,abfaeddc2ee3d14f99ecc163c9ddb46cb4d67cef
UCL-2025-26-M-0168,UEFA Champions League,2025-26,2026-03-11,21:00,2026-03-11T21:00:00,"Finals, Round of 16",round_of_16,5,,,1,0,0,ucl-fk-bod-glimt,ucl-sporting-cp,FK Bodø/Glimt,Sporting CP,FK Bodø/Glimt,Sporting Clube de Portugal,NOR,POR,3,0,3,0,2,0,,,Normal Time,H,3,3,0,1544.95,1525.18,84.77,18,50,3-0 (2-0),2025-26/cl.txt,230,abfaeddc2ee3d14f99ecc163c9ddb46cb4d67cef
UCL-2025-26-M-0169,UEFA Champions League,2025-26,2026-03-17,18:45,2026-03-17T18:45:00,"Finals, Round of 16",round_of_16,5,,,2,0,0,ucl-sporting-cp,ucl-fk-bod-glimt,Sporting CP,FK Bodø/Glimt,Sporting Clube de Portugal,FK Bodø/Glimt,POR,NOR,3,0,5,0,1,0,,,Extra Time,H,3,3,0,1517.58,1552.56,30.02,51,19,"5-0 a.e.t. (3-0, 1-0)",2025-26/cl.txt,232,abfaeddc2ee3d14f99ecc163c9ddb46cb4d67cef
UCL-2025-26-M-0170,UEFA Champions League,2025-26,2026-03-17,21:00,2026-03-17T21:00:00,"Finals, Round of 16",round_of_16,5,,,2,0,0,ucl-chelsea-fc,ucl-paris-saint-germain,Chelsea FC,Paris Saint-Germain,Chelsea FC,Paris Saint-Germain FC,ENG,FRA,0,3,0,3,0,2,,,Normal Time,A,3,-3,0,1574.21,1610.18,29.03,105,143,0-3 (0-2),2025-26/cl.txt,233,abfaeddc2ee3d14f99ecc163c9ddb46cb4d67cef
UCL-2025-26-M-0171,UEFA Champions League,2025-26,2026-03-17,21:00,2026-03-17T21:00:00,"Finals, Round of 16",round_of_16,5,,,2,0,0,ucl-manchester-city,ucl-real-madrid,Manchester City,Real Madrid,Manchester City FC,Real Madrid CF,ENG,ESP,1,2,1,2,1,1,,,Normal Time,A,3,-1,1,1601.86,1637.52,29.34,144,179,1-2 (1-1),2025-26/cl.txt,234,abfaeddc2ee3d14f99ecc163c9ddb46cb4d67cef
UCL-2025-26-M-0172,UEFA Champions League,2025-26,2026-03-17,21:00,2026-03-17T21:00:00,"Finals, Round of 16",round_of_16,5,,,2,0,0,ucl-arsenal-fc,ucl-bayer-leverkusen,Arsenal FC,Bayer Leverkusen,Arsenal FC,Bayer 04 Leverkusen,ENG,GER,2,0,2,0,1,0,,,Normal Time,H,2,2,0,1634.85,1527.46,172.4,81,71,2-0 (1-0),2025-26/cl.txt,235,abfaeddc2ee3d14f99ecc163c9ddb46cb4d67cef
UCL-2025-26-M-0173,UEFA Champions League,2025-26,2026-03-18,18:45,2026-03-18T18:45:00,"Finals, Round of 16",round_of_16,5,,,2,0,0,ucl-fc-barcelona,ucl-newcastle-united-fc,FC Barcelona,Newcastle United FC,FC Barcelona,Newcastle United FC,ESP,ENG,7,2,7,2,3,2,,,Normal Time,H,9,5,1,1602.1,1534.8,132.29,151,17,7-2 (3-2),2025-26/cl.txt,237,abfaeddc2ee3d14f99ecc163c9ddb46cb4d67cef
UCL-2025-26-M-0174,UEFA Champions League,2025-26,2026-03-18,21:00,2026-03-18T21:00:00,"Finals, Round of 16",round_of_16,5,,,2,0,0,ucl-liverpool-fc,ucl-galatasaray,Liverpool FC,Galatasaray,Liverpool FC,Galatasaray SK,ENG,TUR,4,0,4,0,1,0,,,Normal Time,H,4,4,0,1613.98,1476.35,202.63,90,61,4-0 (1-0),2025-26/cl.txt,238,abfaeddc2ee3d14f99ecc163c9ddb46cb4d67cef
UCL-2025-26-M-0175,UEFA Champions League,2025-26,2026-03-18,21:00,2026-03-18T21:00:00,"Finals, Round of 16",round_of_16,5,,,2,0,0,ucl-bayern-munich,ucl-atalanta,Bayern Munich,Atalanta,FC Bayern München,Atalanta BC,GER,ITA,4,1,4,1,1,0,,,Normal Time,H,5,3,1,1663.86,1510.84,218.02,168,44,4-1 (1-0),2025-26/cl.txt,239,abfaeddc2ee3d14f99ecc163c9ddb46cb4d67cef
UCL-2025-26-M-0176,UEFA Champions League,2025-26,2026-03-18,21:00,2026-03-18T21:00:00,"Finals, Round of 16",round_of_16,5,,,2,0,0,ucl-tottenham-hotspur,ucl-atletico-madrid,Tottenham Hotspur,Atlético Madrid,Tottenham Hotspur FC,Club Atlético de Madrid,ENG,ESP,3,2,3,2,1,0,,,Normal Time,H,5,1,1,1543.38,1581.76,26.62,52,126,3-2 (1-0),2025-26/cl.txt,240,abfaeddc2ee3d14f99ecc163c9ddb46cb4d67cef
UCL-2025-26-M-0177,UEFA Champions League,2025-26,2026-04-07,21:00,2026-04-07T21:00:00,"Finals, Quarterfinals",quarterfinal,6,,,1,0,0,ucl-real-madrid,ucl-bayern-munich,Real Madrid,Bayern Munich,Real Madrid CF,FC Bayern München,ESP,GER,1,2,1,2,0,1,,,Normal Time,A,3,-1,1,1648.36,1668.3,45.07,180,169,1-2 (0-1),2025-26/cl.txt,245,abfaeddc2ee3d14f99ecc163c9ddb46cb4d67cef
UCL-2025-26-M-0178,UEFA Champions League,2025-26,2026-04-07,21:00,2026-04-07T21:00:00,"Finals, Quarterfinals",quarterfinal,6,,,1,0,0,ucl-sporting-cp,ucl-arsenal-fc,Sporting CP,Arsenal FC,Sporting Clube de Portugal,Arsenal FC,POR,ENG,0,1,0,1,0,0,,,Normal Time,A,1,-1,0,1526.71,1640.26,-48.55,52,82,0-1 (0-0),2025-26/cl.txt,246,abfaeddc2ee3d14f99ecc163c9ddb46cb4d67cef
UCL-2025-26-M-0179,UEFA Champions League,2025-26,2026-04-08,21:00,2026-04-08T21:00:00,"Finals, Quarterfinals",quarterfinal,6,,,1,0,0,ucl-paris-saint-germain,ucl-liverpool-fc,Paris Saint-Germain,Liverpool FC,Paris Saint-Germain FC,Liverpool FC,FRA,ENG,2,0,2,0,1,0,,,Normal Time,H,2,2,0,1621.01,1618.73,67.28,144,91,2-0 (1-0),2025-26/cl.txt,248,abfaeddc2ee3d14f99ecc163c9ddb46cb4d67cef
UCL-2025-26-M-0180,UEFA Champions League,2025-26,2026-04-08,21:00,2026-04-08T21:00:00,"Finals, Quarterfinals",quarterfinal,6,,,1,0,0,ucl-fc-barcelona,ucl-atletico-madrid,FC Barcelona,Atlético Madrid,FC Barcelona,Club Atlético de Madrid,ESP,ESP,0,2,0,2,0,1,,,Normal Time,A,2,-2,0,1608.46,1572.52,100.94,152,127,0-2 (0-1),2025-26/cl.txt,249,abfaeddc2ee3d14f99ecc163c9ddb46cb4d67cef
UCL-2025-26-M-0181,UEFA Champions League,2025-26,2026-04-14,21:00,2026-04-14T21:00:00,"Finals, Quarterfinals",quarterfinal,6,,,2,0,0,ucl-liverpool-fc,ucl-paris-saint-germain,Liverpool FC,Paris Saint-Germain,Liverpool FC,Paris Saint-Germain FC,ENG,FRA,0,2,0,2,0,0,,,Normal Time,A,2,-2,0,1610.64,1629.1,46.54,92,145,0-2 (0-0),2025-26/cl.txt,251,abfaeddc2ee3d14f99ecc163c9ddb46cb4d67cef
UCL-2025-26-M-0182,UEFA Champions League,2025-26,2026-04-14,21:00,2026-04-14T21:00:00,"Finals, Quarterfinals",quarterfinal,6,,,2,0,0,ucl-atletico-madrid,ucl-fc-barcelona,Atlético Madrid,FC Barcelona,Club Atlético de Madrid,FC Barcelona,ESP,ESP,1,2,1,2,1,2,,,Normal Time,A,3,-1,1,1585.35,1595.64,54.71,128,153,1-2 (1-2),2025-26/cl.txt,252,abfaeddc2ee3d14f99ecc163c9ddb46cb4d67cef
UCL-2025-26-M-0183,UEFA Champions League,2025-26,2026-04-15,21:00,2026-04-15T21:00:00,"Finals, Quarterfinals",quarterfinal,6,,,2,0,0,ucl-bayern-munich,ucl-real-madrid,Bayern Munich,Real Madrid,FC Bayern München,Real Madrid CF,GER,ESP,4,3,4,3,2,3,,,Normal Time,H,7,1,1,1679.59,1637.07,107.51,170,181,4-3 (2-3),2025-26/cl.txt,254,abfaeddc2ee3d14f99ecc163c9ddb46cb4d67cef
UCL-2025-26-M-0184,UEFA Champions League,2025-26,2026-04-15,21:00,2026-04-15T21:00:00,"Finals, Quarterfinals",quarterfinal,6,,,2,0,0,ucl-arsenal-fc,ucl-sporting-cp,Arsenal FC,Sporting CP,Arsenal FC,Sporting Clube de Portugal,ENG,POR,0,0,0,0,,,,,Normal Time,D,0,0,0,1648.87,1518.1,195.77,83,53,0-0,2025-26/cl.txt,255,abfaeddc2ee3d14f99ecc163c9ddb46cb4d67cef
UCL-2025-26-M-0185,UEFA Champions League,2025-26,2026-04-28,21:00,2026-04-28T21:00:00,"Finals, Semifinals",semifinal,7,,,1,0,0,ucl-paris-saint-germain,ucl-bayern-munich,Paris Saint-Germain,Bayern Munich,Paris Saint-Germain FC,FC Bayern München,FRA,GER,5,4,5,4,3,2,,,Normal Time,H,9,1,1,1640.43,1686.59,18.84,146,171,5-4 (3-2),2025-26/cl.txt,260,abfaeddc2ee3d14f99ecc163c9ddb46cb4d67cef
UCL-2025-26-M-0186,UEFA Champions League,2025-26,2026-04-29,21:00,2026-04-29T21:00:00,"Finals, Semifinals",semifinal,7,,,1,0,0,ucl-atletico-madrid,ucl-arsenal-fc,Atlético Madrid,Arsenal FC,Club Atlético de Madrid,Arsenal FC,ESP,ENG,1,1,1,1,0,1,,,Normal Time,D,2,0,1,1573.79,1643.77,-4.98,129,84,1-1 (0-1),2025-26/cl.txt,262,abfaeddc2ee3d14f99ecc163c9ddb46cb4d67cef
UCL-2025-26-M-0187,UEFA Champions League,2025-26,2026-05-05,21:00,2026-05-05T21:00:00,"Finals, Semifinals",semifinal,7,,,2,0,0,ucl-arsenal-fc,ucl-atletico-madrid,Arsenal FC,Atlético Madrid,Arsenal FC,Club Atlético de Madrid,ENG,ESP,1,0,1,0,1,0,,,Normal Time,H,1,1,0,1643.62,1573.93,134.69,85,130,1-0 (1-0),2025-26/cl.txt,264,abfaeddc2ee3d14f99ecc163c9ddb46cb4d67cef
UCL-2025-26-M-0188,UEFA Champions League,2025-26,2026-05-06,21:00,2026-05-06T21:00:00,"Finals, Semifinals",semifinal,7,,,2,0,0,ucl-bayern-munich,ucl-paris-saint-germain,Bayern Munich,Paris Saint-Germain,FC Bayern München,Paris Saint-Germain FC,GER,FRA,1,1,1,1,0,1,,,Normal Time,D,2,0,1,1677.13,1649.89,92.24,172,147,1-1 (0-1),2025-26/cl.txt,266,abfaeddc2ee3d14f99ecc163c9ddb46cb4d67cef
UCL-2025-26-M-0189,UEFA Champions League,2025-26,2026-05-30,18:00,2026-05-30T18:00:00,"Finals, Final",final,8,,,single,0,1,ucl-paris-saint-germain,ucl-arsenal-fc,Paris Saint-Germain,Arsenal FC,Paris Saint-Germain FC,Arsenal FC,FRA,ENG,1,1,1,1,0,1,4,3,Penalties,D,2,0,1,1652.48,1649.93,2.55,148,86,"4-3 pen. 1-1 a.e.t. (1-1, 0-1)",2025-26/cl.txt,271,abfaeddc2ee3d14f99ecc163c9ddb46cb4d67cef
